id	material	country	supply_chain_step	compound	compound_type	input_or_output_per_kg	source	created_at	updated_at
1	Cotton	Argentina	Dyeing	carbon dioxide	Gas	2.53900000000000000000	NULL	2025-06-24 04:31:02	2025-06-24 04:31:02
2	Cotton	Argentina	Dyeing	energy	Electricity	17.48500000000000000000	NULL	2025-06-24 04:31:02	2025-06-24 04:31:02
3	Cotton	Argentina	Dyeing	water	Water	51.81100000000000000000	NULL	2025-06-24 04:31:02	2025-06-24 04:31:02
4	Cotton	Argentina	Manufacturing	carbon dioxide	Gas	0.20700000000000000000	NULL	2025-06-24 04:31:02	2025-06-24 04:31:02
5	Cotton	Argentina	Manufacturing	energy	Electricity	3.86100000000000000000	NULL	2025-06-24 04:31:02	2025-06-24 04:31:02
6	Cotton	Argentina	Manufacturing	water	Water	4.51300000000000000000	NULL	2025-06-24 04:31:02	2025-06-24 04:31:02
7	Cotton	Argentina	Raw Material	carbon dioxide	Gas	1.62100000000000000000	NULL	2025-06-24 04:31:02	2025-06-24 04:31:02
8	Cotton	Argentina	Raw Material	energy	Electricity	10.67700000000000000000	NULL	2025-06-24 04:31:02	2025-06-24 04:31:02
9	Cotton	Argentina	Raw Material	water	Water	9761.96700000000000000000	NULL	2025-06-24 04:31:02	2025-06-24 04:31:02
10	Cotton	Argentina	Sampling	carbon dioxide	Gas	0.09500000000000000000	NULL	2025-06-24 04:31:02	2025-06-24 04:31:02
11	Cotton	Argentina	Sampling	energy	Electricity	1.90100000000000000000	NULL	2025-06-24 04:31:02	2025-06-24 04:31:02
12	Cotton	Argentina	Sampling	water	Water	0.46300000000000000000	NULL	2025-06-24 04:31:02	2025-06-24 04:31:02
13	Cotton	Argentina	Spinning	carbon dioxide	Gas	0.52400000000000000000	NULL	2025-06-24 04:31:02	2025-06-24 04:31:02
14	Cotton	Argentina	Spinning	energy	Electricity	6.91100000000000000000	NULL	2025-06-24 04:31:02	2025-06-24 04:31:02
15	Cotton	Argentina	Spinning	water	Water	1.85100000000000000000	NULL	2025-06-24 04:31:02	2025-06-24 04:31:02
16	Cotton	Argentina	Trims	carbon dioxide	Gas	0.09700000000000000000	NULL	2025-06-24 04:31:02	2025-06-24 04:31:02
17	Cotton	Argentina	Trims	energy	Electricity	1.87300000000000000000	NULL	2025-06-24 04:31:02	2025-06-24 04:31:02
18	Cotton	Argentina	Trims	water	Water	0.45800000000000000000	NULL	2025-06-24 04:31:02	2025-06-24 04:31:02
19	Cotton	Argentina	Weaving	carbon dioxide	Gas	0.79300000000000000000	NULL	2025-06-24 04:31:02	2025-06-24 04:31:02
20	Cotton	Argentina	Weaving	energy	Electricity	7.70800000000000000000	NULL	2025-06-24 04:31:02	2025-06-24 04:31:02
21	Cotton	Argentina	Weaving	water	Water	4.86600000000000000000	NULL	2025-06-24 04:31:02	2025-06-24 04:31:02
22	Hemp	Argentina	Dyeing	carbon dioxide	Gas	1.99900000000000000000	NULL	2025-06-24 04:31:02	2025-06-24 04:31:02
23	Hemp	Argentina	Dyeing	energy	Electricity	11.95000000000000000000	NULL	2025-06-24 04:31:02	2025-06-24 04:31:02
24	Hemp	Argentina	Dyeing	water	Water	28.44900000000000000000	NULL	2025-06-24 04:31:02	2025-06-24 04:31:02
25	Hemp	Argentina	Manufacturing	carbon dioxide	Gas	0.12700000000000000000	NULL	2025-06-24 04:31:02	2025-06-24 04:31:02
26	Hemp	Argentina	Manufacturing	energy	Electricity	2.64400000000000000000	NULL	2025-06-24 04:31:02	2025-06-24 04:31:02
27	Hemp	Argentina	Manufacturing	water	Water	2.32000000000000000000	NULL	2025-06-24 04:31:02	2025-06-24 04:31:02
28	Hemp	Argentina	Raw Material	carbon dioxide	Gas	0.18100000000000000000	NULL	2025-06-24 04:31:02	2025-06-24 04:31:02
29	Hemp	Argentina	Raw Material	energy	Electricity	4.57200000000000000000	NULL	2025-06-24 04:31:02	2025-06-24 04:31:02
30	Hemp	Argentina	Raw Material	water	Water	470.75400000000000000000	NULL	2025-06-24 04:31:02	2025-06-24 04:31:02
31	Hemp	Argentina	Sampling	carbon dioxide	Gas	0.06500000000000000000	NULL	2025-06-24 04:31:02	2025-06-24 04:31:02
32	Hemp	Argentina	Sampling	energy	Electricity	0.96000000000000000000	NULL	2025-06-24 04:31:02	2025-06-24 04:31:02
33	Hemp	Argentina	Sampling	water	Water	0.24800000000000000000	NULL	2025-06-24 04:31:02	2025-06-24 04:31:02
34	Hemp	Argentina	Spinning	carbon dioxide	Gas	0.42300000000000000000	NULL	2025-06-24 04:31:02	2025-06-24 04:31:02
35	Hemp	Argentina	Spinning	energy	Electricity	3.06100000000000000000	NULL	2025-06-24 04:31:02	2025-06-24 04:31:02
36	Hemp	Argentina	Spinning	water	Water	0.86500000000000000000	NULL	2025-06-24 04:31:02	2025-06-24 04:31:02
37	Hemp	Argentina	Trims	carbon dioxide	Gas	0.07600000000000000000	NULL	2025-06-24 04:31:02	2025-06-24 04:31:02
38	Hemp	Argentina	Trims	energy	Electricity	0.90600000000000000000	NULL	2025-06-24 04:31:02	2025-06-24 04:31:02
39	Hemp	Argentina	Trims	water	Water	0.26000000000000000000	NULL	2025-06-24 04:31:02	2025-06-24 04:31:02
40	Hemp	Argentina	Weaving	carbon dioxide	Gas	0.63500000000000000000	NULL	2025-06-24 04:31:02	2025-06-24 04:31:02
41	Hemp	Argentina	Weaving	energy	Electricity	4.27300000000000000000	NULL	2025-06-24 04:31:02	2025-06-24 04:31:02
42	Hemp	Argentina	Weaving	water	Water	2.43100000000000000000	NULL	2025-06-24 04:31:02	2025-06-24 04:31:02
43	Polyester	Argentina	Dyeing	carbon dioxide	Gas	3.35500000000000000000	NULL	2025-06-24 04:31:02	2025-06-24 04:31:02
44	Polyester	Argentina	Dyeing	energy	Electricity	19.52200000000000000000	NULL	2025-06-24 04:31:02	2025-06-24 04:31:02
45	Polyester	Argentina	Dyeing	water	Water	9.57900000000000000000	NULL	2025-06-24 04:31:02	2025-06-24 04:31:02
46	Polyester	Argentina	Manufacturing	carbon dioxide	Gas	0.13900000000000000000	NULL	2025-06-24 04:31:02	2025-06-24 04:31:02
47	Polyester	Argentina	Manufacturing	energy	Electricity	2.75300000000000000000	NULL	2025-06-24 04:31:02	2025-06-24 04:31:02
48	Polyester	Argentina	Manufacturing	water	Water	2.12200000000000000000	NULL	2025-06-24 04:31:02	2025-06-24 04:31:02
49	Polyester	Argentina	Raw Material	carbon dioxide	Gas	3.17600000000000000000	NULL	2025-06-24 04:31:02	2025-06-24 04:31:02
50	Polyester	Argentina	Raw Material	energy	Electricity	76.31800000000000000000	NULL	2025-06-24 04:31:02	2025-06-24 04:31:02
51	Polyester	Argentina	Raw Material	water	Water	18.27800000000000000000	NULL	2025-06-24 04:31:02	2025-06-24 04:31:02
52	Polyester	Argentina	Sampling	carbon dioxide	Gas	0.07300000000000000000	NULL	2025-06-24 04:31:02	2025-06-24 04:31:02
53	Polyester	Argentina	Sampling	energy	Electricity	1.09800000000000000000	NULL	2025-06-24 04:31:02	2025-06-24 04:31:02
54	Polyester	Argentina	Sampling	water	Water	0.20700000000000000000	NULL	2025-06-24 04:31:02	2025-06-24 04:31:02
55	Polyester	Argentina	Spinning	carbon dioxide	Gas	0.84900000000000000000	NULL	2025-06-24 04:31:02	2025-06-24 04:31:02
56	Polyester	Argentina	Spinning	energy	Electricity	3.48200000000000000000	NULL	2025-06-24 04:31:02	2025-06-24 04:31:02
57	Polyester	Argentina	Spinning	water	Water	0.51100000000000000000	NULL	2025-06-24 04:31:02	2025-06-24 04:31:02
58	Polyester	Argentina	Trims	carbon dioxide	Gas	0.07900000000000000000	NULL	2025-06-24 04:31:02	2025-06-24 04:31:02
59	Polyester	Argentina	Trims	energy	Electricity	1.02700000000000000000	NULL	2025-06-24 04:31:02	2025-06-24 04:31:02
60	Polyester	Argentina	Trims	water	Water	0.20200000000000000000	NULL	2025-06-24 04:31:02	2025-06-24 04:31:02
61	Polyester	Argentina	Weaving	carbon dioxide	Gas	1.01700000000000000000	NULL	2025-06-24 04:31:02	2025-06-24 04:31:02
62	Polyester	Argentina	Weaving	energy	Electricity	5.44400000000000000000	NULL	2025-06-24 04:31:02	2025-06-24 04:31:02
63	Polyester	Argentina	Weaving	water	Water	1.90500000000000000000	NULL	2025-06-24 04:31:02	2025-06-24 04:31:02
64	Wool	Argentina	Dyeing	carbon dioxide	Gas	3.14500000000000000000	NULL	2025-06-24 04:31:02	2025-06-24 04:31:02
65	Wool	Argentina	Dyeing	energy	Electricity	18.37900000000000000000	NULL	2025-06-24 04:31:02	2025-06-24 04:31:02
66	Wool	Argentina	Dyeing	water	Water	40.78400000000000000000	NULL	2025-06-24 04:31:02	2025-06-24 04:31:02
67	Wool	Argentina	Manufacturing	carbon dioxide	Gas	0.16400000000000000000	NULL	2025-06-24 04:31:02	2025-06-24 04:31:02
68	Wool	Argentina	Manufacturing	energy	Electricity	3.41800000000000000000	NULL	2025-06-24 04:31:02	2025-06-24 04:31:02
69	Wool	Argentina	Manufacturing	water	Water	2.90100000000000000000	NULL	2025-06-24 04:31:02	2025-06-24 04:31:02
70	Wool	Argentina	Raw Material	carbon dioxide	Gas	8.56000000000000000000	NULL	2025-06-24 04:31:02	2025-06-24 04:31:02
71	Wool	Argentina	Raw Material	energy	Electricity	21.44700000000000000000	NULL	2025-06-24 04:31:02	2025-06-24 04:31:02
72	Wool	Argentina	Raw Material	water	Water	769.96700000000000000000	NULL	2025-06-24 04:31:02	2025-06-24 04:31:02
73	Wool	Argentina	Sampling	carbon dioxide	Gas	0.09000000000000000000	NULL	2025-06-24 04:31:02	2025-06-24 04:31:02
74	Wool	Argentina	Sampling	energy	Electricity	1.46400000000000000000	NULL	2025-06-24 04:31:02	2025-06-24 04:31:02
75	Wool	Argentina	Sampling	water	Water	0.27100000000000000000	NULL	2025-06-24 04:31:02	2025-06-24 04:31:02
76	Wool	Argentina	Spinning	carbon dioxide	Gas	0.66000000000000000000	NULL	2025-06-24 04:31:02	2025-06-24 04:31:02
77	Wool	Argentina	Spinning	energy	Electricity	5.15200000000000000000	NULL	2025-06-24 04:31:02	2025-06-24 04:31:02
78	Wool	Argentina	Spinning	water	Water	0.90600000000000000000	NULL	2025-06-24 04:31:02	2025-06-24 04:31:02
79	Wool	Argentina	Trims	carbon dioxide	Gas	0.09000000000000000000	NULL	2025-06-24 04:31:02	2025-06-24 04:31:02
80	Wool	Argentina	Trims	energy	Electricity	1.57200000000000000000	NULL	2025-06-24 04:31:02	2025-06-24 04:31:02
81	Wool	Argentina	Trims	water	Water	0.27600000000000000000	NULL	2025-06-24 04:31:02	2025-06-24 04:31:02
82	Wool	Argentina	Weaving	carbon dioxide	Gas	0.88500000000000000000	NULL	2025-06-24 04:31:02	2025-06-24 04:31:02
83	Wool	Argentina	Weaving	energy	Electricity	6.92900000000000000000	NULL	2025-06-24 04:31:02	2025-06-24 04:31:02
84	Wool	Argentina	Weaving	water	Water	2.75600000000000000000	NULL	2025-06-24 04:31:02	2025-06-24 04:31:02
85	Cotton	Australia	Dyeing	carbon dioxide	Gas	2.11000000000000000000	NULL	2025-06-24 04:31:02	2025-06-24 04:31:02
86	Cotton	Australia	Dyeing	energy	Electricity	17.34500000000000000000	NULL	2025-06-24 04:31:02	2025-06-24 04:31:02
87	Cotton	Australia	Dyeing	water	Water	53.00200000000000000000	NULL	2025-06-24 04:31:02	2025-06-24 04:31:02
88	Cotton	Australia	Manufacturing	carbon dioxide	Gas	0.16300000000000000000	NULL	2025-06-24 04:31:02	2025-06-24 04:31:02
89	Cotton	Australia	Manufacturing	energy	Electricity	3.71600000000000000000	NULL	2025-06-24 04:31:02	2025-06-24 04:31:02
90	Cotton	Australia	Manufacturing	water	Water	4.59800000000000000000	NULL	2025-06-24 04:31:02	2025-06-24 04:31:02
91	Cotton	Australia	Raw Material	carbon dioxide	Gas	13.84800000000000000000	NULL	2025-06-24 04:31:02	2025-06-24 04:31:02
92	Cotton	Australia	Raw Material	energy	Electricity	9.57400000000000000000	NULL	2025-06-24 04:31:02	2025-06-24 04:31:02
93	Cotton	Australia	Raw Material	water	Water	10472.09300000000000000000	NULL	2025-06-24 04:31:02	2025-06-24 04:31:02
94	Cotton	Australia	Sampling	carbon dioxide	Gas	0.09000000000000000000	NULL	2025-06-24 04:31:02	2025-06-24 04:31:02
95	Cotton	Australia	Sampling	energy	Electricity	1.69400000000000000000	NULL	2025-06-24 04:31:02	2025-06-24 04:31:02
96	Cotton	Australia	Sampling	water	Water	0.54000000000000000000	NULL	2025-06-24 04:31:02	2025-06-24 04:31:02
97	Cotton	Australia	Spinning	carbon dioxide	Gas	0.47200000000000000000	NULL	2025-06-24 04:31:02	2025-06-24 04:31:02
98	Cotton	Australia	Spinning	energy	Electricity	6.83700000000000000000	NULL	2025-06-24 04:31:02	2025-06-24 04:31:02
99	Cotton	Australia	Spinning	water	Water	1.55000000000000000000	NULL	2025-06-24 04:31:02	2025-06-24 04:31:02
100	Cotton	Australia	Trims	carbon dioxide	Gas	0.09500000000000000000	NULL	2025-06-24 04:31:02	2025-06-24 04:31:02
101	Cotton	Australia	Trims	energy	Electricity	1.72200000000000000000	NULL	2025-06-24 04:31:02	2025-06-24 04:31:02
102	Cotton	Australia	Trims	water	Water	0.53400000000000000000	NULL	2025-06-24 04:31:02	2025-06-24 04:31:02
103	Cotton	Australia	Weaving	carbon dioxide	Gas	0.74300000000000000000	NULL	2025-06-24 04:31:02	2025-06-24 04:31:02
104	Cotton	Australia	Weaving	energy	Electricity	6.93800000000000000000	NULL	2025-06-24 04:31:02	2025-06-24 04:31:02
105	Cotton	Australia	Weaving	water	Water	4.60000000000000000000	NULL	2025-06-24 04:31:02	2025-06-24 04:31:02
106	Hemp	Australia	Dyeing	carbon dioxide	Gas	1.65700000000000000000	NULL	2025-06-24 04:31:02	2025-06-24 04:31:02
107	Hemp	Australia	Dyeing	energy	Electricity	11.99100000000000000000	NULL	2025-06-24 04:31:02	2025-06-24 04:31:02
108	Hemp	Australia	Dyeing	water	Water	32.15000000000000000000	NULL	2025-06-24 04:31:02	2025-06-24 04:31:02
109	Hemp	Australia	Manufacturing	carbon dioxide	Gas	0.10800000000000000000	NULL	2025-06-24 04:31:02	2025-06-24 04:31:02
110	Hemp	Australia	Manufacturing	energy	Electricity	2.58700000000000000000	NULL	2025-06-24 04:31:02	2025-06-24 04:31:02
111	Hemp	Australia	Manufacturing	water	Water	2.30100000000000000000	NULL	2025-06-24 04:31:02	2025-06-24 04:31:02
112	Hemp	Australia	Raw Material	carbon dioxide	Gas	1.80400000000000000000	NULL	2025-06-24 04:31:02	2025-06-24 04:31:02
113	Hemp	Australia	Raw Material	energy	Electricity	4.93900000000000000000	NULL	2025-06-24 04:31:02	2025-06-24 04:31:02
114	Hemp	Australia	Raw Material	water	Water	523.25800000000000000000	NULL	2025-06-24 04:31:02	2025-06-24 04:31:02
115	Hemp	Australia	Sampling	carbon dioxide	Gas	0.06700000000000000000	NULL	2025-06-24 04:31:02	2025-06-24 04:31:02
116	Hemp	Australia	Sampling	energy	Electricity	0.95700000000000000000	NULL	2025-06-24 04:31:02	2025-06-24 04:31:02
117	Hemp	Australia	Sampling	water	Water	0.23300000000000000000	NULL	2025-06-24 04:31:02	2025-06-24 04:31:02
118	Hemp	Australia	Spinning	carbon dioxide	Gas	0.38100000000000000000	NULL	2025-06-24 04:31:02	2025-06-24 04:31:02
119	Hemp	Australia	Spinning	energy	Electricity	2.93400000000000000000	NULL	2025-06-24 04:31:02	2025-06-24 04:31:02
120	Hemp	Australia	Spinning	water	Water	0.80800000000000000000	NULL	2025-06-24 04:31:02	2025-06-24 04:31:02
121	Hemp	Australia	Trims	carbon dioxide	Gas	0.06800000000000000000	NULL	2025-06-24 04:31:02	2025-06-24 04:31:02
122	Hemp	Australia	Trims	energy	Electricity	0.87900000000000000000	NULL	2025-06-24 04:31:02	2025-06-24 04:31:02
123	Hemp	Australia	Trims	water	Water	0.24000000000000000000	NULL	2025-06-24 04:31:02	2025-06-24 04:31:02
124	Hemp	Australia	Weaving	carbon dioxide	Gas	0.50800000000000000000	NULL	2025-06-24 04:31:02	2025-06-24 04:31:02
125	Hemp	Australia	Weaving	energy	Electricity	4.65500000000000000000	NULL	2025-06-24 04:31:02	2025-06-24 04:31:02
126	Hemp	Australia	Weaving	water	Water	2.28100000000000000000	NULL	2025-06-24 04:31:02	2025-06-24 04:31:02
127	Polyester	Australia	Dyeing	carbon dioxide	Gas	3.06900000000000000000	NULL	2025-06-24 04:31:02	2025-06-24 04:31:02
128	Polyester	Australia	Dyeing	energy	Electricity	22.79600000000000000000	NULL	2025-06-24 04:31:02	2025-06-24 04:31:02
129	Polyester	Australia	Dyeing	water	Water	9.33000000000000000000	NULL	2025-06-24 04:31:02	2025-06-24 04:31:02
130	Polyester	Australia	Manufacturing	carbon dioxide	Gas	0.12200000000000000000	NULL	2025-06-24 04:31:02	2025-06-24 04:31:02
131	Polyester	Australia	Manufacturing	energy	Electricity	2.63000000000000000000	NULL	2025-06-24 04:31:02	2025-06-24 04:31:02
132	Polyester	Australia	Manufacturing	water	Water	1.98100000000000000000	NULL	2025-06-24 04:31:02	2025-06-24 04:31:02
133	Polyester	Australia	Raw Material	carbon dioxide	Gas	2.80000000000000000000	NULL	2025-06-24 04:31:02	2025-06-24 04:31:02
134	Polyester	Australia	Raw Material	energy	Electricity	65.06300000000000000000	NULL	2025-06-24 04:31:02	2025-06-24 04:31:02
135	Polyester	Australia	Raw Material	water	Water	20.59600000000000000000	NULL	2025-06-24 04:31:02	2025-06-24 04:31:02
136	Polyester	Australia	Sampling	carbon dioxide	Gas	0.07600000000000000000	NULL	2025-06-24 04:31:02	2025-06-24 04:31:02
137	Polyester	Australia	Sampling	energy	Electricity	1.05100000000000000000	NULL	2025-06-24 04:31:02	2025-06-24 04:31:02
138	Polyester	Australia	Sampling	water	Water	0.18100000000000000000	NULL	2025-06-24 04:31:02	2025-06-24 04:31:02
139	Polyester	Australia	Spinning	carbon dioxide	Gas	0.71600000000000000000	NULL	2025-06-24 04:31:02	2025-06-24 04:31:02
140	Polyester	Australia	Spinning	energy	Electricity	3.91800000000000000000	NULL	2025-06-24 04:31:02	2025-06-24 04:31:02
141	Polyester	Australia	Spinning	water	Water	0.49900000000000000000	NULL	2025-06-24 04:31:02	2025-06-24 04:31:02
142	Polyester	Australia	Trims	carbon dioxide	Gas	0.06600000000000000000	NULL	2025-06-24 04:31:02	2025-06-24 04:31:02
143	Polyester	Australia	Trims	energy	Electricity	1.14600000000000000000	NULL	2025-06-24 04:31:02	2025-06-24 04:31:02
144	Polyester	Australia	Trims	water	Water	0.21800000000000000000	NULL	2025-06-24 04:31:02	2025-06-24 04:31:02
145	Polyester	Australia	Weaving	carbon dioxide	Gas	0.93400000000000000000	NULL	2025-06-24 04:31:02	2025-06-24 04:31:02
146	Polyester	Australia	Weaving	energy	Electricity	5.28700000000000000000	NULL	2025-06-24 04:31:02	2025-06-24 04:31:02
147	Polyester	Australia	Weaving	water	Water	1.93200000000000000000	NULL	2025-06-24 04:31:02	2025-06-24 04:31:02
148	Silk	Australia	Dyeing	carbon dioxide	Gas	2.33000000000000000000	NULL	2025-06-24 04:31:02	2025-06-24 04:31:02
149	Silk	Australia	Dyeing	energy	Electricity	18.98100000000000000000	NULL	2025-06-24 04:31:02	2025-06-24 04:31:02
150	Silk	Australia	Dyeing	water	Water	42.93800000000000000000	NULL	2025-06-24 04:31:02	2025-06-24 04:31:02
151	Silk	Australia	Manufacturing	carbon dioxide	Gas	0.19200000000000000000	NULL	2025-06-24 04:31:02	2025-06-24 04:31:02
152	Silk	Australia	Manufacturing	energy	Electricity	3.90500000000000000000	NULL	2025-06-24 04:31:02	2025-06-24 04:31:02
153	Silk	Australia	Manufacturing	water	Water	4.08900000000000000000	NULL	2025-06-24 04:31:02	2025-06-24 04:31:02
154	Silk	Australia	Raw Material	carbon dioxide	Gas	17.08500000000000000000	NULL	2025-06-24 04:31:02	2025-06-24 04:31:02
155	Silk	Australia	Raw Material	energy	Electricity	27.43200000000000000000	NULL	2025-06-24 04:31:02	2025-06-24 04:31:02
156	Silk	Australia	Raw Material	water	Water	10973.10900000000000000000	NULL	2025-06-24 04:31:02	2025-06-24 04:31:02
157	Silk	Australia	Sampling	carbon dioxide	Gas	0.09100000000000000000	NULL	2025-06-24 04:31:02	2025-06-24 04:31:02
158	Silk	Australia	Sampling	energy	Electricity	1.70200000000000000000	NULL	2025-06-24 04:31:02	2025-06-24 04:31:02
159	Silk	Australia	Sampling	water	Water	0.41500000000000000000	NULL	2025-06-24 04:31:02	2025-06-24 04:31:02
160	Silk	Australia	Spinning	carbon dioxide	Gas	0.58200000000000000000	NULL	2025-06-24 04:31:02	2025-06-24 04:31:02
161	Silk	Australia	Spinning	energy	Electricity	6.60500000000000000000	NULL	2025-06-24 04:31:02	2025-06-24 04:31:02
162	Silk	Australia	Spinning	water	Water	1.48900000000000000000	NULL	2025-06-24 04:31:02	2025-06-24 04:31:02
163	Silk	Australia	Trims	carbon dioxide	Gas	0.08700000000000000000	NULL	2025-06-24 04:31:02	2025-06-24 04:31:02
164	Silk	Australia	Trims	energy	Electricity	1.46800000000000000000	NULL	2025-06-24 04:31:02	2025-06-24 04:31:02
165	Silk	Australia	Trims	water	Water	0.36600000000000000000	NULL	2025-06-24 04:31:02	2025-06-24 04:31:02
166	Silk	Australia	Weaving	carbon dioxide	Gas	0.77200000000000000000	NULL	2025-06-24 04:31:02	2025-06-24 04:31:02
167	Silk	Australia	Weaving	energy	Electricity	7.21500000000000000000	NULL	2025-06-24 04:31:02	2025-06-24 04:31:02
168	Silk	Australia	Weaving	water	Water	3.64900000000000000000	NULL	2025-06-24 04:31:02	2025-06-24 04:31:02
169	Wool	Australia	Dyeing	carbon dioxide	Gas	2.74900000000000000000	NULL	2025-06-24 04:31:02	2025-06-24 04:31:02
170	Wool	Australia	Dyeing	energy	Electricity	19.27700000000000000000	NULL	2025-06-24 04:31:02	2025-06-24 04:31:02
171	Wool	Australia	Dyeing	water	Water	42.79200000000000000000	NULL	2025-06-24 04:31:02	2025-06-24 04:31:02
172	Wool	Australia	Manufacturing	carbon dioxide	Gas	0.17300000000000000000	NULL	2025-06-24 04:31:02	2025-06-24 04:31:02
173	Wool	Australia	Manufacturing	energy	Electricity	3.03300000000000000000	NULL	2025-06-24 04:31:02	2025-06-24 04:31:02
174	Wool	Australia	Manufacturing	water	Water	2.93700000000000000000	NULL	2025-06-24 04:31:02	2025-06-24 04:31:02
175	Wool	Australia	Raw Material	carbon dioxide	Gas	76.13800000000000000000	NULL	2025-06-24 04:31:02	2025-06-24 04:31:02
176	Wool	Australia	Raw Material	energy	Diesel	3.91843619400000000000	NULL	2025-06-24 04:31:02	2025-06-24 04:31:02
177	Wool	Australia	Raw Material	energy	Electricity	0.36345266800000000000	NULL	2025-06-24 04:31:02	2025-06-24 04:31:02
178	Wool	Australia	Raw Material	energy	Petrol	2.03191343000000000000	NULL	2025-06-24 04:31:02	2025-06-24 04:31:02
179	Wool	Australia	Raw Material	water	Water	0.00000000022500000000	NULL	2025-06-24 04:31:02	2025-06-24 04:31:02
180	Wool	Australia	Sampling	carbon dioxide	Gas	0.07700000000000000000	NULL	2025-06-24 04:31:02	2025-06-24 04:31:02
181	Wool	Australia	Sampling	energy	Electricity	1.54700000000000000000	NULL	2025-06-24 04:31:02	2025-06-24 04:31:02
182	Wool	Australia	Sampling	water	Water	0.32200000000000000000	NULL	2025-06-24 04:31:02	2025-06-24 04:31:02
183	Wool	Australia	Spinning	carbon dioxide	Gas	0.64400000000000000000	NULL	2025-06-24 04:31:02	2025-06-24 04:31:02
184	Wool	Australia	Spinning	energy	Electricity	5.62300000000000000000	NULL	2025-06-24 04:31:02	2025-06-24 04:31:02
185	Wool	Australia	Spinning	water	Water	1.08700000000000000000	NULL	2025-06-24 04:31:02	2025-06-24 04:31:02
186	Wool	Australia	Trims	carbon dioxide	Gas	0.07700000000000000000	NULL	2025-06-24 04:31:02	2025-06-24 04:31:02
187	Wool	Australia	Trims	energy	Electricity	1.39700000000000000000	NULL	2025-06-24 04:31:02	2025-06-24 04:31:02
188	Wool	Australia	Trims	water	Water	0.31000000000000000000	NULL	2025-06-24 04:31:02	2025-06-24 04:31:02
189	Wool	Australia	Weaving	carbon dioxide	Gas	0.79900000000000000000	NULL	2025-06-24 04:31:02	2025-06-24 04:31:02
190	Wool	Australia	Weaving	energy	Electricity	6.91100000000000000000	NULL	2025-06-24 04:31:02	2025-06-24 04:31:02
191	Wool	Australia	Weaving	water	Water	3.00200000000000000000	NULL	2025-06-24 04:31:02	2025-06-24 04:31:02
192	Cotton	Austria	Dyeing	carbon dioxide	Gas	1.81400000000000000000	NULL	2025-06-24 04:31:02	2025-06-24 04:31:02
193	Cotton	Austria	Dyeing	energy	Electricity	14.58700000000000000000	NULL	2025-06-24 04:31:02	2025-06-24 04:31:02
194	Cotton	Austria	Dyeing	water	Water	49.34000000000000000000	NULL	2025-06-24 04:31:02	2025-06-24 04:31:02
195	Cotton	Austria	Manufacturing	carbon dioxide	Gas	0.16500000000000000000	NULL	2025-06-24 04:31:02	2025-06-24 04:31:02
196	Cotton	Austria	Manufacturing	energy	Electricity	3.55400000000000000000	NULL	2025-06-24 04:31:02	2025-06-24 04:31:02
197	Cotton	Austria	Manufacturing	water	Water	4.59500000000000000000	NULL	2025-06-24 04:31:02	2025-06-24 04:31:02
198	Cotton	Austria	Raw Material	carbon dioxide	Gas	1.34500000000000000000	NULL	2025-06-24 04:31:02	2025-06-24 04:31:02
199	Cotton	Austria	Raw Material	energy	Electricity	9.59100000000000000000	NULL	2025-06-24 04:31:02	2025-06-24 04:31:02
200	Cotton	Austria	Raw Material	water	Water	10301.17300000000000000000	NULL	2025-06-24 04:31:02	2025-06-24 04:31:02
201	Cotton	Austria	Sampling	carbon dioxide	Gas	0.07000000000000000000	NULL	2025-06-24 04:31:02	2025-06-24 04:31:02
202	Cotton	Austria	Sampling	energy	Electricity	1.95600000000000000000	NULL	2025-06-24 04:31:02	2025-06-24 04:31:02
203	Cotton	Austria	Sampling	water	Water	0.49300000000000000000	NULL	2025-06-24 04:31:02	2025-06-24 04:31:02
204	Cotton	Austria	Spinning	carbon dioxide	Gas	0.37700000000000000000	NULL	2025-06-24 04:31:02	2025-06-24 04:31:02
205	Cotton	Austria	Spinning	energy	Electricity	5.90500000000000000000	NULL	2025-06-24 04:31:02	2025-06-24 04:31:02
206	Cotton	Austria	Spinning	water	Water	1.57500000000000000000	NULL	2025-06-24 04:31:02	2025-06-24 04:31:02
207	Cotton	Austria	Trims	carbon dioxide	Gas	0.08200000000000000000	NULL	2025-06-24 04:31:02	2025-06-24 04:31:02
208	Cotton	Austria	Trims	energy	Electricity	1.62100000000000000000	NULL	2025-06-24 04:31:02	2025-06-24 04:31:02
209	Cotton	Austria	Trims	water	Water	0.53400000000000000000	NULL	2025-06-24 04:31:02	2025-06-24 04:31:02
210	Cotton	Austria	Weaving	carbon dioxide	Gas	0.63900000000000000000	NULL	2025-06-24 04:31:02	2025-06-24 04:31:02
211	Cotton	Austria	Weaving	energy	Electricity	6.48900000000000000000	NULL	2025-06-24 04:31:02	2025-06-24 04:31:02
212	Cotton	Austria	Weaving	water	Water	5.13700000000000000000	NULL	2025-06-24 04:31:02	2025-06-24 04:31:02
213	Hemp	Austria	Dyeing	carbon dioxide	Gas	1.55700000000000000000	NULL	2025-06-24 04:31:02	2025-06-24 04:31:02
214	Hemp	Austria	Dyeing	energy	Electricity	12.12100000000000000000	NULL	2025-06-24 04:31:02	2025-06-24 04:31:02
215	Hemp	Austria	Dyeing	water	Water	32.13200000000000000000	NULL	2025-06-24 04:31:02	2025-06-24 04:31:02
216	Hemp	Austria	Manufacturing	carbon dioxide	Gas	0.09200000000000000000	NULL	2025-06-24 04:31:02	2025-06-24 04:31:02
217	Hemp	Austria	Manufacturing	energy	Electricity	2.28300000000000000000	NULL	2025-06-24 04:31:02	2025-06-24 04:31:02
218	Hemp	Austria	Manufacturing	water	Water	2.69600000000000000000	NULL	2025-06-24 04:31:02	2025-06-24 04:31:02
219	Hemp	Austria	Raw Material	carbon dioxide	Gas	0.15400000000000000000	NULL	2025-06-24 04:31:02	2025-06-24 04:31:02
220	Hemp	Austria	Raw Material	energy	Electricity	5.46400000000000000000	NULL	2025-06-24 04:31:02	2025-06-24 04:31:02
221	Hemp	Austria	Raw Material	water	Water	546.92500000000000000000	NULL	2025-06-24 04:31:02	2025-06-24 04:31:02
222	Hemp	Austria	Sampling	carbon dioxide	Gas	0.05700000000000000000	NULL	2025-06-24 04:31:02	2025-06-24 04:31:02
223	Hemp	Austria	Sampling	energy	Electricity	0.93200000000000000000	NULL	2025-06-24 04:31:02	2025-06-24 04:31:02
224	Hemp	Austria	Sampling	water	Water	0.24000000000000000000	NULL	2025-06-24 04:31:02	2025-06-24 04:31:02
225	Hemp	Austria	Spinning	carbon dioxide	Gas	0.31700000000000000000	NULL	2025-06-24 04:31:02	2025-06-24 04:31:02
226	Hemp	Austria	Spinning	energy	Electricity	2.94300000000000000000	NULL	2025-06-24 04:31:02	2025-06-24 04:31:02
227	Hemp	Austria	Spinning	water	Water	0.87100000000000000000	NULL	2025-06-24 04:31:02	2025-06-24 04:31:02
228	Hemp	Austria	Trims	carbon dioxide	Gas	0.05600000000000000000	NULL	2025-06-24 04:31:02	2025-06-24 04:31:02
229	Hemp	Austria	Trims	energy	Electricity	0.96500000000000000000	NULL	2025-06-24 04:31:02	2025-06-24 04:31:02
230	Hemp	Austria	Trims	water	Water	0.25300000000000000000	NULL	2025-06-24 04:31:02	2025-06-24 04:31:02
231	Hemp	Austria	Weaving	carbon dioxide	Gas	0.41000000000000000000	NULL	2025-06-24 04:31:02	2025-06-24 04:31:02
232	Hemp	Austria	Weaving	energy	Electricity	4.07900000000000000000	NULL	2025-06-24 04:31:02	2025-06-24 04:31:02
233	Hemp	Austria	Weaving	water	Water	2.67600000000000000000	NULL	2025-06-24 04:31:02	2025-06-24 04:31:02
234	Nylon	Austria	Dyeing	carbon dioxide	Gas	2.35000000000000000000	NULL	2025-06-24 04:31:02	2025-06-24 04:31:02
235	Nylon	Austria	Dyeing	energy	Electricity	20.70000000000000000000	NULL	2025-06-24 04:31:02	2025-06-24 04:31:02
236	Nylon	Austria	Dyeing	water	Water	14.26000000000000000000	NULL	2025-06-24 04:31:02	2025-06-24 04:31:02
237	Nylon	Austria	Manufacturing	carbon dioxide	Gas	0.13800000000000000000	NULL	2025-06-24 04:31:02	2025-06-24 04:31:02
238	Nylon	Austria	Manufacturing	energy	Electricity	3.24800000000000000000	NULL	2025-06-24 04:31:02	2025-06-24 04:31:02
239	Nylon	Austria	Manufacturing	water	Water	1.92300000000000000000	NULL	2025-06-24 04:31:02	2025-06-24 04:31:02
240	Nylon	Austria	Raw Material	carbon dioxide	Gas	3.91100000000000000000	NULL	2025-06-24 04:31:02	2025-06-24 04:31:02
241	Nylon	Austria	Raw Material	energy	Electricity	61.24800000000000000000	NULL	2025-06-24 04:31:02	2025-06-24 04:31:02
242	Nylon	Austria	Raw Material	water	Water	19.04900000000000000000	NULL	2025-06-24 04:31:02	2025-06-24 04:31:02
243	Nylon	Austria	Sampling	carbon dioxide	Gas	0.07000000000000000000	NULL	2025-06-24 04:31:02	2025-06-24 04:31:02
244	Nylon	Austria	Sampling	energy	Electricity	1.05300000000000000000	NULL	2025-06-24 04:31:02	2025-06-24 04:31:02
245	Nylon	Austria	Sampling	water	Water	0.19500000000000000000	NULL	2025-06-24 04:31:02	2025-06-24 04:31:02
246	Nylon	Austria	Spinning	carbon dioxide	Gas	0.69800000000000000000	NULL	2025-06-24 04:31:02	2025-06-24 04:31:02
247	Nylon	Austria	Spinning	energy	Electricity	4.46200000000000000000	NULL	2025-06-24 04:31:02	2025-06-24 04:31:02
248	Nylon	Austria	Spinning	water	Water	0.49700000000000000000	NULL	2025-06-24 04:31:02	2025-06-24 04:31:02
249	Nylon	Austria	Trims	carbon dioxide	Gas	0.06400000000000000000	NULL	2025-06-24 04:31:02	2025-06-24 04:31:02
250	Nylon	Austria	Trims	energy	Electricity	1.03700000000000000000	NULL	2025-06-24 04:31:02	2025-06-24 04:31:02
251	Nylon	Austria	Trims	water	Water	0.19900000000000000000	NULL	2025-06-24 04:31:02	2025-06-24 04:31:02
252	Nylon	Austria	Weaving	carbon dioxide	Gas	0.83900000000000000000	NULL	2025-06-24 04:31:02	2025-06-24 04:31:02
253	Nylon	Austria	Weaving	energy	Electricity	5.85900000000000000000	NULL	2025-06-24 04:31:02	2025-06-24 04:31:02
254	Nylon	Austria	Weaving	water	Water	2.03400000000000000000	NULL	2025-06-24 04:31:02	2025-06-24 04:31:02
255	Polyester	Austria	Dyeing	carbon dioxide	Gas	2.40700000000000000000	NULL	2025-06-24 04:31:02	2025-06-24 04:31:02
256	Polyester	Austria	Dyeing	energy	Electricity	19.86100000000000000000	NULL	2025-06-24 04:31:02	2025-06-24 04:31:02
257	Polyester	Austria	Dyeing	water	Water	9.47300000000000000000	NULL	2025-06-24 04:31:02	2025-06-24 04:31:02
258	Polyester	Austria	Manufacturing	carbon dioxide	Gas	0.10300000000000000000	NULL	2025-06-24 04:31:02	2025-06-24 04:31:02
259	Polyester	Austria	Manufacturing	energy	Electricity	2.59300000000000000000	NULL	2025-06-24 04:31:02	2025-06-24 04:31:02
260	Polyester	Austria	Manufacturing	water	Water	1.83900000000000000000	NULL	2025-06-24 04:31:02	2025-06-24 04:31:02
261	Polyester	Austria	Raw Material	carbon dioxide	Gas	2.40500000000000000000	NULL	2025-06-24 04:31:02	2025-06-24 04:31:02
262	Polyester	Austria	Raw Material	energy	Electricity	75.83800000000000000000	NULL	2025-06-24 04:31:02	2025-06-24 04:31:02
263	Polyester	Austria	Raw Material	water	Water	19.52000000000000000000	NULL	2025-06-24 04:31:02	2025-06-24 04:31:02
264	Polyester	Austria	Sampling	carbon dioxide	Gas	0.05400000000000000000	NULL	2025-06-24 04:31:02	2025-06-24 04:31:02
265	Polyester	Austria	Sampling	energy	Electricity	1.05900000000000000000	NULL	2025-06-24 04:31:02	2025-06-24 04:31:02
266	Polyester	Austria	Sampling	water	Water	0.20800000000000000000	NULL	2025-06-24 04:31:02	2025-06-24 04:31:02
267	Polyester	Austria	Spinning	carbon dioxide	Gas	0.55200000000000000000	NULL	2025-06-24 04:31:02	2025-06-24 04:31:02
268	Polyester	Austria	Spinning	energy	Electricity	3.87400000000000000000	NULL	2025-06-24 04:31:02	2025-06-24 04:31:02
269	Polyester	Austria	Spinning	water	Water	0.52400000000000000000	NULL	2025-06-24 04:31:02	2025-06-24 04:31:02
270	Polyester	Austria	Trims	carbon dioxide	Gas	0.05700000000000000000	NULL	2025-06-24 04:31:02	2025-06-24 04:31:02
271	Polyester	Austria	Trims	energy	Electricity	1.07800000000000000000	NULL	2025-06-24 04:31:02	2025-06-24 04:31:02
272	Polyester	Austria	Trims	water	Water	0.21400000000000000000	NULL	2025-06-24 04:31:02	2025-06-24 04:31:02
273	Polyester	Austria	Weaving	carbon dioxide	Gas	0.69900000000000000000	NULL	2025-06-24 04:31:02	2025-06-24 04:31:02
274	Polyester	Austria	Weaving	energy	Electricity	4.98800000000000000000	NULL	2025-06-24 04:31:02	2025-06-24 04:31:02
275	Polyester	Austria	Weaving	water	Water	1.89300000000000000000	NULL	2025-06-24 04:31:02	2025-06-24 04:31:02
276	Silk	Austria	Dyeing	carbon dioxide	Gas	2.26600000000000000000	NULL	2025-06-24 04:31:02	2025-06-24 04:31:02
277	Silk	Austria	Dyeing	energy	Electricity	19.96200000000000000000	NULL	2025-06-24 04:31:02	2025-06-24 04:31:02
278	Silk	Austria	Dyeing	water	Water	46.40600000000000000000	NULL	2025-06-24 04:31:02	2025-06-24 04:31:02
279	Silk	Austria	Manufacturing	carbon dioxide	Gas	0.15800000000000000000	NULL	2025-06-24 04:31:02	2025-06-24 04:31:02
280	Silk	Austria	Manufacturing	energy	Electricity	3.66600000000000000000	NULL	2025-06-24 04:31:02	2025-06-24 04:31:02
281	Silk	Austria	Manufacturing	water	Water	3.97600000000000000000	NULL	2025-06-24 04:31:02	2025-06-24 04:31:02
282	Silk	Austria	Raw Material	carbon dioxide	Gas	1.43300000000000000000	NULL	2025-06-24 04:31:02	2025-06-24 04:31:02
283	Silk	Austria	Raw Material	energy	Electricity	31.31200000000000000000	NULL	2025-06-24 04:31:02	2025-06-24 04:31:02
284	Silk	Austria	Raw Material	water	Water	10690.81800000000000000000	NULL	2025-06-24 04:31:02	2025-06-24 04:31:02
285	Silk	Austria	Sampling	carbon dioxide	Gas	0.08200000000000000000	NULL	2025-06-24 04:31:02	2025-06-24 04:31:02
286	Silk	Austria	Sampling	energy	Electricity	1.59600000000000000000	NULL	2025-06-24 04:31:02	2025-06-24 04:31:02
287	Silk	Austria	Sampling	water	Water	0.39300000000000000000	NULL	2025-06-24 04:31:02	2025-06-24 04:31:02
288	Silk	Austria	Spinning	carbon dioxide	Gas	0.46500000000000000000	NULL	2025-06-24 04:31:02	2025-06-24 04:31:02
289	Silk	Austria	Spinning	energy	Electricity	6.72000000000000000000	NULL	2025-06-24 04:31:02	2025-06-24 04:31:02
290	Silk	Austria	Spinning	water	Water	1.54400000000000000000	NULL	2025-06-24 04:31:02	2025-06-24 04:31:02
291	Silk	Austria	Trims	carbon dioxide	Gas	0.07500000000000000000	NULL	2025-06-24 04:31:02	2025-06-24 04:31:02
292	Silk	Austria	Trims	energy	Electricity	1.67200000000000000000	NULL	2025-06-24 04:31:02	2025-06-24 04:31:02
293	Silk	Austria	Trims	water	Water	0.38900000000000000000	NULL	2025-06-24 04:31:02	2025-06-24 04:31:02
294	Silk	Austria	Weaving	carbon dioxide	Gas	0.64300000000000000000	NULL	2025-06-24 04:31:02	2025-06-24 04:31:02
295	Silk	Austria	Weaving	energy	Electricity	7.25100000000000000000	NULL	2025-06-24 04:31:02	2025-06-24 04:31:02
296	Silk	Austria	Weaving	water	Water	3.73800000000000000000	NULL	2025-06-24 04:31:02	2025-06-24 04:31:02
297	Wool	Austria	Dyeing	carbon dioxide	Gas	2.18800000000000000000	NULL	2025-06-24 04:31:02	2025-06-24 04:31:02
298	Wool	Austria	Dyeing	energy	Electricity	16.61800000000000000000	NULL	2025-06-24 04:31:02	2025-06-24 04:31:02
299	Wool	Austria	Dyeing	water	Water	43.94300000000000000000	NULL	2025-06-24 04:31:02	2025-06-24 04:31:02
300	Wool	Austria	Manufacturing	carbon dioxide	Gas	0.14600000000000000000	NULL	2025-06-24 04:31:02	2025-06-24 04:31:02
301	Wool	Austria	Manufacturing	energy	Electricity	3.29400000000000000000	NULL	2025-06-24 04:31:02	2025-06-24 04:31:02
302	Wool	Austria	Manufacturing	water	Water	3.28600000000000000000	NULL	2025-06-24 04:31:02	2025-06-24 04:31:02
303	Wool	Austria	Raw Material	carbon dioxide	Gas	6.57700000000000000000	NULL	2025-06-24 04:31:02	2025-06-24 04:31:02
304	Wool	Austria	Raw Material	energy	Electricity	19.06600000000000000000	NULL	2025-06-24 04:31:02	2025-06-24 04:31:02
305	Wool	Austria	Raw Material	water	Water	808.93600000000000000000	NULL	2025-06-24 04:31:02	2025-06-24 04:31:02
306	Wool	Austria	Sampling	carbon dioxide	Gas	0.06800000000000000000	NULL	2025-06-24 04:31:02	2025-06-24 04:31:02
307	Wool	Austria	Sampling	energy	Electricity	1.54600000000000000000	NULL	2025-06-24 04:31:02	2025-06-24 04:31:02
308	Wool	Austria	Sampling	water	Water	0.33000000000000000000	NULL	2025-06-24 04:31:02	2025-06-24 04:31:02
309	Wool	Austria	Spinning	carbon dioxide	Gas	0.54500000000000000000	NULL	2025-06-24 04:31:02	2025-06-24 04:31:02
310	Wool	Austria	Spinning	energy	Electricity	5.07700000000000000000	NULL	2025-06-24 04:31:02	2025-06-24 04:31:02
311	Wool	Austria	Spinning	water	Water	1.06100000000000000000	NULL	2025-06-24 04:31:02	2025-06-24 04:31:02
312	Wool	Austria	Trims	carbon dioxide	Gas	0.06700000000000000000	NULL	2025-06-24 04:31:02	2025-06-24 04:31:02
313	Wool	Austria	Trims	energy	Electricity	1.46800000000000000000	NULL	2025-06-24 04:31:02	2025-06-24 04:31:02
314	Wool	Austria	Trims	water	Water	0.30100000000000000000	NULL	2025-06-24 04:31:02	2025-06-24 04:31:02
315	Wool	Austria	Weaving	carbon dioxide	Gas	0.74100000000000000000	NULL	2025-06-24 04:31:02	2025-06-24 04:31:02
316	Wool	Austria	Weaving	energy	Electricity	6.52400000000000000000	NULL	2025-06-24 04:31:02	2025-06-24 04:31:02
317	Wool	Austria	Weaving	water	Water	3.28400000000000000000	NULL	2025-06-24 04:31:02	2025-06-24 04:31:02
318	Cotton	Bangladesh	Dyeing	carbon dioxide	Gas	3.28700000000000000000	NULL	2025-06-24 04:31:02	2025-06-24 04:31:02
319	Cotton	Bangladesh	Dyeing	energy	Electricity	15.52400000000000000000	NULL	2025-06-24 04:31:02	2025-06-24 04:31:02
320	Cotton	Bangladesh	Dyeing	water	Water	51.33800000000000000000	NULL	2025-06-24 04:31:02	2025-06-24 04:31:02
321	Cotton	Bangladesh	Manufacturing	carbon dioxide	Gas	0.25000000000000000000	NULL	2025-06-24 04:31:02	2025-06-24 04:31:02
322	Cotton	Bangladesh	Manufacturing	energy	Electricity	3.85600000000000000000	NULL	2025-06-24 04:31:02	2025-06-24 04:31:02
323	Cotton	Bangladesh	Manufacturing	water	Water	4.82800000000000000000	NULL	2025-06-24 04:31:02	2025-06-24 04:31:02
324	Cotton	Bangladesh	Raw Material	carbon dioxide	Gas	1.92000000000000000000	NULL	2025-06-24 04:31:02	2025-06-24 04:31:02
325	Cotton	Bangladesh	Raw Material	energy	Electricity	9.47800000000000000000	NULL	2025-06-24 04:31:02	2025-06-24 04:31:02
326	Cotton	Bangladesh	Raw Material	water	Water	10437.34000000000000000000	NULL	2025-06-24 04:31:02	2025-06-24 04:31:02
327	Cotton	Bangladesh	Sampling	carbon dioxide	Gas	0.13700000000000000000	NULL	2025-06-24 04:31:02	2025-06-24 04:31:02
328	Cotton	Bangladesh	Sampling	energy	Electricity	1.87600000000000000000	NULL	2025-06-24 04:31:02	2025-06-24 04:31:02
329	Cotton	Bangladesh	Sampling	water	Water	0.54600000000000000000	NULL	2025-06-24 04:31:02	2025-06-24 04:31:02
330	Cotton	Bangladesh	Spinning	carbon dioxide	Gas	0.64800000000000000000	NULL	2025-06-24 04:31:02	2025-06-24 04:31:02
331	Cotton	Bangladesh	Spinning	energy	Electricity	6.21200000000000000000	NULL	2025-06-24 04:31:02	2025-06-24 04:31:02
332	Cotton	Bangladesh	Spinning	water	Water	1.74100000000000000000	NULL	2025-06-24 04:31:02	2025-06-24 04:31:02
333	Cotton	Bangladesh	Trims	carbon dioxide	Gas	0.13000000000000000000	NULL	2025-06-24 04:31:02	2025-06-24 04:31:02
334	Cotton	Bangladesh	Trims	energy	Electricity	1.88700000000000000000	NULL	2025-06-24 04:31:02	2025-06-24 04:31:02
335	Cotton	Bangladesh	Trims	water	Water	0.54900000000000000000	NULL	2025-06-24 04:31:02	2025-06-24 04:31:02
336	Cotton	Bangladesh	Weaving	carbon dioxide	Gas	0.91200000000000000000	NULL	2025-06-24 04:31:02	2025-06-24 04:31:02
337	Cotton	Bangladesh	Weaving	energy	Electricity	6.49800000000000000000	NULL	2025-06-24 04:31:02	2025-06-24 04:31:02
338	Cotton	Bangladesh	Weaving	water	Water	4.50900000000000000000	NULL	2025-06-24 04:31:02	2025-06-24 04:31:02
339	Hemp	Bangladesh	Dyeing	carbon dioxide	Gas	2.40800000000000000000	NULL	2025-06-24 04:31:02	2025-06-24 04:31:02
340	Hemp	Bangladesh	Dyeing	energy	Electricity	12.97900000000000000000	NULL	2025-06-24 04:31:02	2025-06-24 04:31:02
341	Hemp	Bangladesh	Dyeing	water	Water	31.25200000000000000000	NULL	2025-06-24 04:31:02	2025-06-24 04:31:02
342	Hemp	Bangladesh	Manufacturing	carbon dioxide	Gas	0.13600000000000000000	NULL	2025-06-24 04:31:02	2025-06-24 04:31:02
343	Hemp	Bangladesh	Manufacturing	energy	Electricity	2.33200000000000000000	NULL	2025-06-24 04:31:02	2025-06-24 04:31:02
344	Hemp	Bangladesh	Manufacturing	water	Water	2.50600000000000000000	NULL	2025-06-24 04:31:02	2025-06-24 04:31:02
345	Hemp	Bangladesh	Raw Material	carbon dioxide	Gas	0.24300000000000000000	NULL	2025-06-24 04:31:02	2025-06-24 04:31:02
346	Hemp	Bangladesh	Raw Material	energy	Electricity	5.42500000000000000000	NULL	2025-06-24 04:31:02	2025-06-24 04:31:02
347	Hemp	Bangladesh	Raw Material	water	Water	473.12800000000000000000	NULL	2025-06-24 04:31:02	2025-06-24 04:31:02
348	Hemp	Bangladesh	Sampling	carbon dioxide	Gas	0.08700000000000000000	NULL	2025-06-24 04:31:02	2025-06-24 04:31:02
349	Hemp	Bangladesh	Sampling	energy	Electricity	0.93900000000000000000	NULL	2025-06-24 04:31:02	2025-06-24 04:31:02
350	Hemp	Bangladesh	Sampling	water	Water	0.26900000000000000000	NULL	2025-06-24 04:31:02	2025-06-24 04:31:02
351	Hemp	Bangladesh	Spinning	carbon dioxide	Gas	0.50200000000000000000	NULL	2025-06-24 04:31:02	2025-06-24 04:31:02
352	Hemp	Bangladesh	Spinning	energy	Electricity	2.95500000000000000000	NULL	2025-06-24 04:31:02	2025-06-24 04:31:02
353	Hemp	Bangladesh	Spinning	water	Water	0.73700000000000000000	NULL	2025-06-24 04:31:02	2025-06-24 04:31:02
354	Hemp	Bangladesh	Trims	carbon dioxide	Gas	0.08900000000000000000	NULL	2025-06-24 04:31:02	2025-06-24 04:31:02
355	Hemp	Bangladesh	Trims	energy	Electricity	0.96300000000000000000	NULL	2025-06-24 04:31:02	2025-06-24 04:31:02
356	Hemp	Bangladesh	Trims	water	Water	0.23900000000000000000	NULL	2025-06-24 04:31:02	2025-06-24 04:31:02
357	Hemp	Bangladesh	Weaving	carbon dioxide	Gas	0.79300000000000000000	NULL	2025-06-24 04:31:02	2025-06-24 04:31:02
358	Hemp	Bangladesh	Weaving	energy	Electricity	4.19900000000000000000	NULL	2025-06-24 04:31:02	2025-06-24 04:31:02
359	Hemp	Bangladesh	Weaving	water	Water	2.69800000000000000000	NULL	2025-06-24 04:31:02	2025-06-24 04:31:02
360	Polyester	Bangladesh	Dyeing	carbon dioxide	Gas	4.63100000000000000000	NULL	2025-06-24 04:31:02	2025-06-24 04:31:02
361	Polyester	Bangladesh	Dyeing	energy	Electricity	22.25100000000000000000	NULL	2025-06-24 04:31:02	2025-06-24 04:31:02
362	Polyester	Bangladesh	Dyeing	water	Water	9.32000000000000000000	NULL	2025-06-24 04:31:02	2025-06-24 04:31:02
363	Polyester	Bangladesh	Manufacturing	carbon dioxide	Gas	0.17400000000000000000	NULL	2025-06-24 04:31:02	2025-06-24 04:31:02
364	Polyester	Bangladesh	Manufacturing	energy	Electricity	3.09900000000000000000	NULL	2025-06-24 04:31:02	2025-06-24 04:31:02
365	Polyester	Bangladesh	Manufacturing	water	Water	1.85600000000000000000	NULL	2025-06-24 04:31:02	2025-06-24 04:31:02
366	Polyester	Bangladesh	Raw Material	carbon dioxide	Gas	3.62400000000000000000	NULL	2025-06-24 04:31:02	2025-06-24 04:31:02
367	Polyester	Bangladesh	Raw Material	energy	Electricity	67.37700000000000000000	NULL	2025-06-24 04:31:02	2025-06-24 04:31:02
368	Polyester	Bangladesh	Raw Material	water	Water	18.11400000000000000000	NULL	2025-06-24 04:31:02	2025-06-24 04:31:02
369	Polyester	Bangladesh	Sampling	carbon dioxide	Gas	0.09900000000000000000	NULL	2025-06-24 04:31:02	2025-06-24 04:31:02
370	Polyester	Bangladesh	Sampling	energy	Electricity	1.06100000000000000000	NULL	2025-06-24 04:31:02	2025-06-24 04:31:02
371	Polyester	Bangladesh	Sampling	water	Water	0.21700000000000000000	NULL	2025-06-24 04:31:02	2025-06-24 04:31:02
372	Polyester	Bangladesh	Spinning	carbon dioxide	Gas	1.01300000000000000000	NULL	2025-06-24 04:31:02	2025-06-24 04:31:02
373	Polyester	Bangladesh	Spinning	energy	Electricity	3.84900000000000000000	NULL	2025-06-24 04:31:02	2025-06-24 04:31:02
374	Polyester	Bangladesh	Spinning	water	Water	0.53700000000000000000	NULL	2025-06-24 04:31:02	2025-06-24 04:31:02
375	Polyester	Bangladesh	Trims	carbon dioxide	Gas	0.09700000000000000000	NULL	2025-06-24 04:31:02	2025-06-24 04:31:02
376	Polyester	Bangladesh	Trims	energy	Electricity	1.11900000000000000000	NULL	2025-06-24 04:31:02	2025-06-24 04:31:02
377	Polyester	Bangladesh	Trims	water	Water	0.19600000000000000000	NULL	2025-06-24 04:31:02	2025-06-24 04:31:02
378	Polyester	Bangladesh	Weaving	carbon dioxide	Gas	1.21600000000000000000	NULL	2025-06-24 04:31:02	2025-06-24 04:31:02
379	Polyester	Bangladesh	Weaving	energy	Electricity	5.07900000000000000000	NULL	2025-06-24 04:31:02	2025-06-24 04:31:02
380	Polyester	Bangladesh	Weaving	water	Water	2.17300000000000000000	NULL	2025-06-24 04:31:02	2025-06-24 04:31:02
381	Silk	Bangladesh	Dyeing	carbon dioxide	Gas	3.58300000000000000000	NULL	2025-06-24 04:31:02	2025-06-24 04:31:02
382	Silk	Bangladesh	Dyeing	energy	Electricity	19.12200000000000000000	NULL	2025-06-24 04:31:02	2025-06-24 04:31:02
383	Silk	Bangladesh	Dyeing	water	Water	49.35100000000000000000	NULL	2025-06-24 04:31:02	2025-06-24 04:31:02
384	Silk	Bangladesh	Manufacturing	carbon dioxide	Gas	0.29500000000000000000	NULL	2025-06-24 04:31:02	2025-06-24 04:31:02
385	Silk	Bangladesh	Manufacturing	energy	Electricity	4.35400000000000000000	NULL	2025-06-24 04:31:02	2025-06-24 04:31:02
386	Silk	Bangladesh	Manufacturing	water	Water	3.91600000000000000000	NULL	2025-06-24 04:31:02	2025-06-24 04:31:02
387	Silk	Bangladesh	Raw Material	carbon dioxide	Gas	2.30200000000000000000	NULL	2025-06-24 04:31:02	2025-06-24 04:31:02
388	Silk	Bangladesh	Raw Material	energy	Electricity	31.96300000000000000000	NULL	2025-06-24 04:31:02	2025-06-24 04:31:02
389	Silk	Bangladesh	Raw Material	water	Water	10551.12200000000000000000	NULL	2025-06-24 04:31:02	2025-06-24 04:31:02
390	Silk	Bangladesh	Sampling	carbon dioxide	Gas	0.12100000000000000000	NULL	2025-06-24 04:31:02	2025-06-24 04:31:02
391	Silk	Bangladesh	Sampling	energy	Electricity	1.52000000000000000000	NULL	2025-06-24 04:31:02	2025-06-24 04:31:02
392	Silk	Bangladesh	Sampling	water	Water	0.42300000000000000000	NULL	2025-06-24 04:31:02	2025-06-24 04:31:02
393	Silk	Bangladesh	Spinning	carbon dioxide	Gas	0.67900000000000000000	NULL	2025-06-24 04:31:02	2025-06-24 04:31:02
394	Silk	Bangladesh	Spinning	energy	Electricity	7.85400000000000000000	NULL	2025-06-24 04:31:02	2025-06-24 04:31:02
395	Silk	Bangladesh	Spinning	water	Water	1.61500000000000000000	NULL	2025-06-24 04:31:02	2025-06-24 04:31:02
396	Silk	Bangladesh	Trims	carbon dioxide	Gas	0.13100000000000000000	NULL	2025-06-24 04:31:02	2025-06-24 04:31:02
397	Silk	Bangladesh	Trims	energy	Electricity	1.72800000000000000000	NULL	2025-06-24 04:31:02	2025-06-24 04:31:02
398	Silk	Bangladesh	Trims	water	Water	0.43600000000000000000	NULL	2025-06-24 04:31:02	2025-06-24 04:31:02
399	Silk	Bangladesh	Weaving	carbon dioxide	Gas	1.16200000000000000000	NULL	2025-06-24 04:31:02	2025-06-24 04:31:02
400	Silk	Bangladesh	Weaving	energy	Electricity	8.24500000000000000000	NULL	2025-06-24 04:31:02	2025-06-24 04:31:02
401	Silk	Bangladesh	Weaving	water	Water	4.13000000000000000000	NULL	2025-06-24 04:31:02	2025-06-24 04:31:02
402	Viscose	Bangladesh	Dyeing	carbon dioxide	Gas	3.13200000000000000000	NULL	2025-06-24 04:31:02	2025-06-24 04:31:02
403	Viscose	Bangladesh	Dyeing	energy	Electricity	13.42600000000000000000	NULL	2025-06-24 04:31:02	2025-06-24 04:31:02
404	Viscose	Bangladesh	Dyeing	water	Water	37.91900000000000000000	NULL	2025-06-24 04:31:02	2025-06-24 04:31:02
405	Viscose	Bangladesh	Manufacturing	carbon dioxide	Gas	0.19900000000000000000	NULL	2025-06-24 04:31:02	2025-06-24 04:31:02
406	Viscose	Bangladesh	Manufacturing	energy	Electricity	2.99900000000000000000	NULL	2025-06-24 04:31:02	2025-06-24 04:31:02
407	Viscose	Bangladesh	Manufacturing	water	Water	3.05800000000000000000	NULL	2025-06-24 04:31:02	2025-06-24 04:31:02
408	Viscose	Bangladesh	Raw Material	carbon dioxide	Gas	2.37600000000000000000	NULL	2025-06-24 04:31:02	2025-06-24 04:31:02
409	Viscose	Bangladesh	Raw Material	energy	Electricity	40.39200000000000000000	NULL	2025-06-24 04:31:02	2025-06-24 04:31:02
410	Viscose	Bangladesh	Raw Material	water	Water	98.32800000000000000000	NULL	2025-06-24 04:31:02	2025-06-24 04:31:02
411	Viscose	Bangladesh	Sampling	carbon dioxide	Gas	0.09800000000000000000	NULL	2025-06-24 04:31:02	2025-06-24 04:31:02
412	Viscose	Bangladesh	Sampling	energy	Electricity	1.28100000000000000000	NULL	2025-06-24 04:31:02	2025-06-24 04:31:02
413	Viscose	Bangladesh	Sampling	water	Water	0.30600000000000000000	NULL	2025-06-24 04:31:02	2025-06-24 04:31:02
414	Viscose	Bangladesh	Spinning	carbon dioxide	Gas	0.85900000000000000000	NULL	2025-06-24 04:31:02	2025-06-24 04:31:02
415	Viscose	Bangladesh	Spinning	energy	Electricity	3.24500000000000000000	NULL	2025-06-24 04:31:02	2025-06-24 04:31:02
416	Viscose	Bangladesh	Spinning	water	Water	0.92800000000000000000	NULL	2025-06-24 04:31:02	2025-06-24 04:31:02
417	Viscose	Bangladesh	Trims	carbon dioxide	Gas	0.10000000000000000000	NULL	2025-06-24 04:31:02	2025-06-24 04:31:02
418	Viscose	Bangladesh	Trims	energy	Electricity	1.22100000000000000000	NULL	2025-06-24 04:31:02	2025-06-24 04:31:02
419	Viscose	Bangladesh	Trims	water	Water	0.30600000000000000000	NULL	2025-06-24 04:31:02	2025-06-24 04:31:02
420	Viscose	Bangladesh	Weaving	carbon dioxide	Gas	1.04000000000000000000	NULL	2025-06-24 04:31:02	2025-06-24 04:31:02
421	Viscose	Bangladesh	Weaving	energy	Electricity	5.35500000000000000000	NULL	2025-06-24 04:31:02	2025-06-24 04:31:02
422	Viscose	Bangladesh	Weaving	water	Water	3.11400000000000000000	NULL	2025-06-24 04:31:02	2025-06-24 04:31:02
423	Wool	Bangladesh	Dyeing	carbon dioxide	Gas	3.49800000000000000000	NULL	2025-06-24 04:31:02	2025-06-24 04:31:02
424	Wool	Bangladesh	Dyeing	energy	Electricity	16.27700000000000000000	NULL	2025-06-24 04:31:02	2025-06-24 04:31:02
425	Wool	Bangladesh	Dyeing	water	Water	39.07700000000000000000	NULL	2025-06-24 04:31:02	2025-06-24 04:31:02
426	Wool	Bangladesh	Manufacturing	carbon dioxide	Gas	0.24700000000000000000	NULL	2025-06-24 04:31:02	2025-06-24 04:31:02
427	Wool	Bangladesh	Manufacturing	energy	Electricity	3.44900000000000000000	NULL	2025-06-24 04:31:02	2025-06-24 04:31:02
428	Wool	Bangladesh	Manufacturing	water	Water	2.90800000000000000000	NULL	2025-06-24 04:31:02	2025-06-24 04:31:02
429	Wool	Bangladesh	Raw Material	carbon dioxide	Gas	9.70600000000000000000	NULL	2025-06-24 04:31:02	2025-06-24 04:31:02
430	Wool	Bangladesh	Raw Material	energy	Electricity	18.25200000000000000000	NULL	2025-06-24 04:31:02	2025-06-24 04:31:02
431	Wool	Bangladesh	Raw Material	water	Water	746.75300000000000000000	NULL	2025-06-24 04:31:02	2025-06-24 04:31:02
432	Wool	Bangladesh	Sampling	carbon dioxide	Gas	0.10700000000000000000	NULL	2025-06-24 04:31:02	2025-06-24 04:31:02
433	Wool	Bangladesh	Sampling	energy	Electricity	1.51100000000000000000	NULL	2025-06-24 04:31:02	2025-06-24 04:31:02
434	Wool	Bangladesh	Sampling	water	Water	0.27300000000000000000	NULL	2025-06-24 04:31:02	2025-06-24 04:31:02
435	Wool	Bangladesh	Spinning	carbon dioxide	Gas	0.84500000000000000000	NULL	2025-06-24 04:31:02	2025-06-24 04:31:02
436	Wool	Bangladesh	Spinning	energy	Electricity	5.85200000000000000000	NULL	2025-06-24 04:31:02	2025-06-24 04:31:02
437	Wool	Bangladesh	Spinning	water	Water	0.98300000000000000000	NULL	2025-06-24 04:31:02	2025-06-24 04:31:02
438	Wool	Bangladesh	Trims	carbon dioxide	Gas	0.11500000000000000000	NULL	2025-06-24 04:31:02	2025-06-24 04:31:02
439	Wool	Bangladesh	Trims	energy	Electricity	1.57800000000000000000	NULL	2025-06-24 04:31:02	2025-06-24 04:31:02
440	Wool	Bangladesh	Trims	water	Water	0.30900000000000000000	NULL	2025-06-24 04:31:02	2025-06-24 04:31:02
441	Wool	Bangladesh	Weaving	carbon dioxide	Gas	1.15800000000000000000	NULL	2025-06-24 04:31:02	2025-06-24 04:31:02
442	Wool	Bangladesh	Weaving	energy	Electricity	6.43500000000000000000	NULL	2025-06-24 04:31:02	2025-06-24 04:31:02
443	Wool	Bangladesh	Weaving	water	Water	2.74600000000000000000	NULL	2025-06-24 04:31:02	2025-06-24 04:31:02
444	Cotton	Belgium	Dyeing	carbon dioxide	Gas	1.73500000000000000000	NULL	2025-06-24 04:31:02	2025-06-24 04:31:02
445	Cotton	Belgium	Dyeing	energy	Electricity	17.02000000000000000000	NULL	2025-06-24 04:31:02	2025-06-24 04:31:02
446	Cotton	Belgium	Dyeing	water	Water	45.57100000000000000000	NULL	2025-06-24 04:31:02	2025-06-24 04:31:02
447	Cotton	Belgium	Manufacturing	carbon dioxide	Gas	0.14200000000000000000	NULL	2025-06-24 04:31:02	2025-06-24 04:31:02
448	Cotton	Belgium	Manufacturing	energy	Electricity	3.91100000000000000000	NULL	2025-06-24 04:31:02	2025-06-24 04:31:02
449	Cotton	Belgium	Manufacturing	water	Water	4.82500000000000000000	NULL	2025-06-24 04:31:02	2025-06-24 04:31:02
450	Cotton	Belgium	Raw Material	carbon dioxide	Gas	1.27400000000000000000	NULL	2025-06-24 04:31:02	2025-06-24 04:31:02
451	Cotton	Belgium	Raw Material	energy	Electricity	10.44500000000000000000	NULL	2025-06-24 04:31:02	2025-06-24 04:31:02
452	Cotton	Belgium	Raw Material	water	Water	9905.96900000000000000000	NULL	2025-06-24 04:31:02	2025-06-24 04:31:02
453	Cotton	Belgium	Sampling	carbon dioxide	Gas	0.06900000000000000000	NULL	2025-06-24 04:31:02	2025-06-24 04:31:02
454	Cotton	Belgium	Sampling	energy	Electricity	1.91600000000000000000	NULL	2025-06-24 04:31:02	2025-06-24 04:31:02
455	Cotton	Belgium	Sampling	water	Water	0.48700000000000000000	NULL	2025-06-24 04:31:02	2025-06-24 04:31:02
456	Cotton	Belgium	Spinning	carbon dioxide	Gas	0.36100000000000000000	NULL	2025-06-24 04:31:02	2025-06-24 04:31:02
457	Cotton	Belgium	Spinning	energy	Electricity	6.09100000000000000000	NULL	2025-06-24 04:31:02	2025-06-24 04:31:02
458	Cotton	Belgium	Spinning	water	Water	1.54300000000000000000	NULL	2025-06-24 04:31:02	2025-06-24 04:31:02
459	Cotton	Belgium	Trims	carbon dioxide	Gas	0.08200000000000000000	NULL	2025-06-24 04:31:02	2025-06-24 04:31:02
460	Cotton	Belgium	Trims	energy	Electricity	1.67100000000000000000	NULL	2025-06-24 04:31:02	2025-06-24 04:31:02
461	Cotton	Belgium	Trims	water	Water	0.54200000000000000000	NULL	2025-06-24 04:31:02	2025-06-24 04:31:02
462	Cotton	Belgium	Weaving	carbon dioxide	Gas	0.63100000000000000000	NULL	2025-06-24 04:31:02	2025-06-24 04:31:02
463	Cotton	Belgium	Weaving	energy	Electricity	7.55100000000000000000	NULL	2025-06-24 04:31:02	2025-06-24 04:31:02
464	Cotton	Belgium	Weaving	water	Water	5.32600000000000000000	NULL	2025-06-24 04:31:02	2025-06-24 04:31:02
465	Hemp	Belgium	Dyeing	carbon dioxide	Gas	1.49300000000000000000	NULL	2025-06-24 04:31:02	2025-06-24 04:31:02
466	Hemp	Belgium	Dyeing	energy	Electricity	12.72500000000000000000	NULL	2025-06-24 04:31:02	2025-06-24 04:31:02
467	Hemp	Belgium	Dyeing	water	Water	28.52400000000000000000	NULL	2025-06-24 04:31:02	2025-06-24 04:31:02
468	Hemp	Belgium	Manufacturing	carbon dioxide	Gas	0.09200000000000000000	NULL	2025-06-24 04:31:02	2025-06-24 04:31:02
469	Hemp	Belgium	Manufacturing	energy	Electricity	2.77000000000000000000	NULL	2025-06-24 04:31:02	2025-06-24 04:31:02
470	Hemp	Belgium	Manufacturing	water	Water	2.43200000000000000000	NULL	2025-06-24 04:31:02	2025-06-24 04:31:02
471	Hemp	Belgium	Raw Material	carbon dioxide	Gas	0.14300000000000000000	NULL	2025-06-24 04:31:02	2025-06-24 04:31:02
472	Hemp	Belgium	Raw Material	energy	Electricity	5.39900000000000000000	NULL	2025-06-24 04:31:02	2025-06-24 04:31:02
473	Hemp	Belgium	Raw Material	water	Water	525.31800000000000000000	NULL	2025-06-24 04:31:02	2025-06-24 04:31:02
474	Hemp	Belgium	Sampling	carbon dioxide	Gas	0.05200000000000000000	NULL	2025-06-24 04:31:02	2025-06-24 04:31:02
475	Hemp	Belgium	Sampling	energy	Electricity	0.91300000000000000000	NULL	2025-06-24 04:31:02	2025-06-24 04:31:02
476	Hemp	Belgium	Sampling	water	Water	0.25600000000000000000	NULL	2025-06-24 04:31:02	2025-06-24 04:31:02
477	Hemp	Belgium	Spinning	carbon dioxide	Gas	0.30600000000000000000	NULL	2025-06-24 04:31:02	2025-06-24 04:31:02
478	Hemp	Belgium	Spinning	energy	Electricity	3.01900000000000000000	NULL	2025-06-24 04:31:02	2025-06-24 04:31:02
479	Hemp	Belgium	Spinning	water	Water	0.85600000000000000000	NULL	2025-06-24 04:31:02	2025-06-24 04:31:02
480	Hemp	Belgium	Trims	carbon dioxide	Gas	0.04800000000000000000	NULL	2025-06-24 04:31:02	2025-06-24 04:31:02
481	Hemp	Belgium	Trims	energy	Electricity	0.95400000000000000000	NULL	2025-06-24 04:31:02	2025-06-24 04:31:02
482	Hemp	Belgium	Trims	water	Water	0.24500000000000000000	NULL	2025-06-24 04:31:02	2025-06-24 04:31:02
483	Hemp	Belgium	Weaving	carbon dioxide	Gas	0.47800000000000000000	NULL	2025-06-24 04:31:02	2025-06-24 04:31:02
484	Hemp	Belgium	Weaving	energy	Electricity	4.51900000000000000000	NULL	2025-06-24 04:31:02	2025-06-24 04:31:02
485	Hemp	Belgium	Weaving	water	Water	2.66200000000000000000	NULL	2025-06-24 04:31:02	2025-06-24 04:31:02
486	Nylon	Belgium	Dyeing	carbon dioxide	Gas	2.32600000000000000000	NULL	2025-06-24 04:31:02	2025-06-24 04:31:02
487	Nylon	Belgium	Dyeing	energy	Electricity	19.33700000000000000000	NULL	2025-06-24 04:31:02	2025-06-24 04:31:02
488	Nylon	Belgium	Dyeing	water	Water	14.80300000000000000000	NULL	2025-06-24 04:31:02	2025-06-24 04:31:02
489	Nylon	Belgium	Manufacturing	carbon dioxide	Gas	0.13700000000000000000	NULL	2025-06-24 04:31:02	2025-06-24 04:31:02
490	Nylon	Belgium	Manufacturing	energy	Electricity	3.39200000000000000000	NULL	2025-06-24 04:31:02	2025-06-24 04:31:02
491	Nylon	Belgium	Manufacturing	water	Water	2.03900000000000000000	NULL	2025-06-24 04:31:02	2025-06-24 04:31:02
492	Nylon	Belgium	Raw Material	carbon dioxide	Gas	3.62100000000000000000	NULL	2025-06-24 04:31:02	2025-06-24 04:31:02
493	Nylon	Belgium	Raw Material	energy	Electricity	62.33200000000000000000	NULL	2025-06-24 04:31:02	2025-06-24 04:31:02
494	Nylon	Belgium	Raw Material	water	Water	19.16400000000000000000	NULL	2025-06-24 04:31:02	2025-06-24 04:31:02
495	Nylon	Belgium	Sampling	carbon dioxide	Gas	0.06700000000000000000	NULL	2025-06-24 04:31:02	2025-06-24 04:31:02
496	Nylon	Belgium	Sampling	energy	Electricity	1.12900000000000000000	NULL	2025-06-24 04:31:02	2025-06-24 04:31:02
497	Nylon	Belgium	Sampling	water	Water	0.20700000000000000000	NULL	2025-06-24 04:31:02	2025-06-24 04:31:02
498	Nylon	Belgium	Spinning	carbon dioxide	Gas	0.70100000000000000000	NULL	2025-06-24 04:31:02	2025-06-24 04:31:02
499	Nylon	Belgium	Spinning	energy	Electricity	4.19200000000000000000	NULL	2025-06-24 04:31:02	2025-06-24 04:31:02
500	Nylon	Belgium	Spinning	water	Water	0.49100000000000000000	NULL	2025-06-24 04:31:02	2025-06-24 04:31:02
501	Nylon	Belgium	Trims	carbon dioxide	Gas	0.07000000000000000000	NULL	2025-06-24 04:31:02	2025-06-24 04:31:02
502	Nylon	Belgium	Trims	energy	Electricity	1.06800000000000000000	NULL	2025-06-24 04:31:02	2025-06-24 04:31:02
503	Nylon	Belgium	Trims	water	Water	0.20800000000000000000	NULL	2025-06-24 04:31:02	2025-06-24 04:31:02
504	Nylon	Belgium	Weaving	carbon dioxide	Gas	0.82600000000000000000	NULL	2025-06-24 04:31:02	2025-06-24 04:31:02
505	Nylon	Belgium	Weaving	energy	Electricity	5.77100000000000000000	NULL	2025-06-24 04:31:02	2025-06-24 04:31:02
506	Nylon	Belgium	Weaving	water	Water	2.07300000000000000000	NULL	2025-06-24 04:31:02	2025-06-24 04:31:02
507	Polyester	Belgium	Dyeing	carbon dioxide	Gas	2.59300000000000000000	NULL	2025-06-24 04:31:02	2025-06-24 04:31:02
508	Polyester	Belgium	Dyeing	energy	Electricity	19.92700000000000000000	NULL	2025-06-24 04:31:02	2025-06-24 04:31:02
509	Polyester	Belgium	Dyeing	water	Water	10.86900000000000000000	NULL	2025-06-24 04:31:02	2025-06-24 04:31:02
510	Polyester	Belgium	Manufacturing	carbon dioxide	Gas	0.11200000000000000000	NULL	2025-06-24 04:31:02	2025-06-24 04:31:02
511	Polyester	Belgium	Manufacturing	energy	Electricity	2.82100000000000000000	NULL	2025-06-24 04:31:02	2025-06-24 04:31:02
512	Polyester	Belgium	Manufacturing	water	Water	1.99200000000000000000	NULL	2025-06-24 04:31:02	2025-06-24 04:31:02
513	Polyester	Belgium	Raw Material	carbon dioxide	Gas	2.03000000000000000000	NULL	2025-06-24 04:31:02	2025-06-24 04:31:02
514	Polyester	Belgium	Raw Material	energy	Electricity	65.78900000000000000000	NULL	2025-06-24 04:31:02	2025-06-24 04:31:02
515	Polyester	Belgium	Raw Material	water	Water	20.65700000000000000000	NULL	2025-06-24 04:31:02	2025-06-24 04:31:02
516	Polyester	Belgium	Sampling	carbon dioxide	Gas	0.06100000000000000000	NULL	2025-06-24 04:31:02	2025-06-24 04:31:02
517	Polyester	Belgium	Sampling	energy	Electricity	1.16200000000000000000	NULL	2025-06-24 04:31:02	2025-06-24 04:31:02
518	Polyester	Belgium	Sampling	water	Water	0.21900000000000000000	NULL	2025-06-24 04:31:02	2025-06-24 04:31:02
519	Polyester	Belgium	Spinning	carbon dioxide	Gas	0.65600000000000000000	NULL	2025-06-24 04:31:02	2025-06-24 04:31:02
520	Polyester	Belgium	Spinning	energy	Electricity	3.68300000000000000000	NULL	2025-06-24 04:31:02	2025-06-24 04:31:02
521	Polyester	Belgium	Spinning	water	Water	0.51300000000000000000	NULL	2025-06-24 04:31:02	2025-06-24 04:31:02
522	Polyester	Belgium	Trims	carbon dioxide	Gas	0.06400000000000000000	NULL	2025-06-24 04:31:02	2025-06-24 04:31:02
523	Polyester	Belgium	Trims	energy	Electricity	1.00800000000000000000	NULL	2025-06-24 04:31:02	2025-06-24 04:31:02
524	Polyester	Belgium	Trims	water	Water	0.21100000000000000000	NULL	2025-06-24 04:31:02	2025-06-24 04:31:02
525	Polyester	Belgium	Weaving	carbon dioxide	Gas	0.73700000000000000000	NULL	2025-06-24 04:31:02	2025-06-24 04:31:02
526	Polyester	Belgium	Weaving	energy	Electricity	5.79600000000000000000	NULL	2025-06-24 04:31:02	2025-06-24 04:31:02
527	Polyester	Belgium	Weaving	water	Water	2.17600000000000000000	NULL	2025-06-24 04:31:02	2025-06-24 04:31:02
528	Silk	Belgium	Dyeing	carbon dioxide	Gas	2.12700000000000000000	NULL	2025-06-24 04:31:02	2025-06-24 04:31:02
529	Silk	Belgium	Dyeing	energy	Electricity	17.99900000000000000000	NULL	2025-06-24 04:31:02	2025-06-24 04:31:02
530	Silk	Belgium	Dyeing	water	Water	43.71900000000000000000	NULL	2025-06-24 04:31:02	2025-06-24 04:31:02
531	Silk	Belgium	Manufacturing	carbon dioxide	Gas	0.15400000000000000000	NULL	2025-06-24 04:31:02	2025-06-24 04:31:02
532	Silk	Belgium	Manufacturing	energy	Electricity	3.56800000000000000000	NULL	2025-06-24 04:31:02	2025-06-24 04:31:02
533	Silk	Belgium	Manufacturing	water	Water	4.40000000000000000000	NULL	2025-06-24 04:31:02	2025-06-24 04:31:02
534	Silk	Belgium	Raw Material	carbon dioxide	Gas	1.50200000000000000000	NULL	2025-06-24 04:31:02	2025-06-24 04:31:02
535	Silk	Belgium	Raw Material	energy	Electricity	29.12600000000000000000	NULL	2025-06-24 04:31:02	2025-06-24 04:31:02
536	Silk	Belgium	Raw Material	water	Water	10433.22600000000000000000	NULL	2025-06-24 04:31:02	2025-06-24 04:31:02
537	Silk	Belgium	Sampling	carbon dioxide	Gas	0.06900000000000000000	NULL	2025-06-24 04:31:02	2025-06-24 04:31:02
538	Silk	Belgium	Sampling	energy	Electricity	1.55300000000000000000	NULL	2025-06-24 04:31:02	2025-06-24 04:31:02
539	Silk	Belgium	Sampling	water	Water	0.39100000000000000000	NULL	2025-06-24 04:31:02	2025-06-24 04:31:02
540	Silk	Belgium	Spinning	carbon dioxide	Gas	0.42900000000000000000	NULL	2025-06-24 04:31:02	2025-06-24 04:31:02
541	Silk	Belgium	Spinning	energy	Electricity	6.66600000000000000000	NULL	2025-06-24 04:31:02	2025-06-24 04:31:02
542	Silk	Belgium	Spinning	water	Water	1.56500000000000000000	NULL	2025-06-24 04:31:02	2025-06-24 04:31:02
543	Silk	Belgium	Trims	carbon dioxide	Gas	0.07200000000000000000	NULL	2025-06-24 04:31:02	2025-06-24 04:31:02
544	Silk	Belgium	Trims	energy	Electricity	1.57200000000000000000	NULL	2025-06-24 04:31:02	2025-06-24 04:31:02
545	Silk	Belgium	Trims	water	Water	0.36300000000000000000	NULL	2025-06-24 04:31:02	2025-06-24 04:31:02
546	Silk	Belgium	Weaving	carbon dioxide	Gas	0.68900000000000000000	NULL	2025-06-24 04:31:02	2025-06-24 04:31:02
547	Silk	Belgium	Weaving	energy	Electricity	7.93100000000000000000	NULL	2025-06-24 04:31:02	2025-06-24 04:31:02
548	Silk	Belgium	Weaving	water	Water	3.62800000000000000000	NULL	2025-06-24 04:31:02	2025-06-24 04:31:02
549	Wool	Belgium	Dyeing	carbon dioxide	Gas	2.07900000000000000000	NULL	2025-06-24 04:31:02	2025-06-24 04:31:02
550	Wool	Belgium	Dyeing	energy	Electricity	17.03700000000000000000	NULL	2025-06-24 04:31:02	2025-06-24 04:31:02
551	Wool	Belgium	Dyeing	water	Water	36.37900000000000000000	NULL	2025-06-24 04:31:02	2025-06-24 04:31:02
552	Wool	Belgium	Manufacturing	carbon dioxide	Gas	0.12500000000000000000	NULL	2025-06-24 04:31:02	2025-06-24 04:31:02
553	Wool	Belgium	Manufacturing	energy	Electricity	2.99700000000000000000	NULL	2025-06-24 04:31:02	2025-06-24 04:31:02
554	Wool	Belgium	Manufacturing	water	Water	3.28800000000000000000	NULL	2025-06-24 04:31:02	2025-06-24 04:31:02
555	Wool	Belgium	Raw Material	carbon dioxide	Gas	6.00600000000000000000	NULL	2025-06-24 04:31:02	2025-06-24 04:31:02
556	Wool	Belgium	Raw Material	energy	Electricity	19.49800000000000000000	NULL	2025-06-24 04:31:02	2025-06-24 04:31:02
557	Wool	Belgium	Raw Material	water	Water	821.09100000000000000000	NULL	2025-06-24 04:31:02	2025-06-24 04:31:02
558	Wool	Belgium	Sampling	carbon dioxide	Gas	0.07400000000000000000	NULL	2025-06-24 04:31:02	2025-06-24 04:31:02
559	Wool	Belgium	Sampling	energy	Electricity	1.56700000000000000000	NULL	2025-06-24 04:31:02	2025-06-24 04:31:02
560	Wool	Belgium	Sampling	water	Water	0.27400000000000000000	NULL	2025-06-24 04:31:02	2025-06-24 04:31:02
561	Wool	Belgium	Spinning	carbon dioxide	Gas	0.52900000000000000000	NULL	2025-06-24 04:31:02	2025-06-24 04:31:02
562	Wool	Belgium	Spinning	energy	Electricity	5.42300000000000000000	NULL	2025-06-24 04:31:02	2025-06-24 04:31:02
563	Wool	Belgium	Spinning	water	Water	1.05600000000000000000	NULL	2025-06-24 04:31:02	2025-06-24 04:31:02
564	Wool	Belgium	Trims	carbon dioxide	Gas	0.07200000000000000000	NULL	2025-06-24 04:31:02	2025-06-24 04:31:02
565	Wool	Belgium	Trims	energy	Electricity	1.55400000000000000000	NULL	2025-06-24 04:31:02	2025-06-24 04:31:02
566	Wool	Belgium	Trims	water	Water	0.31000000000000000000	NULL	2025-06-24 04:31:02	2025-06-24 04:31:02
567	Wool	Belgium	Weaving	carbon dioxide	Gas	0.66400000000000000000	NULL	2025-06-24 04:31:02	2025-06-24 04:31:02
568	Wool	Belgium	Weaving	energy	Electricity	6.24300000000000000000	NULL	2025-06-24 04:31:02	2025-06-24 04:31:02
569	Wool	Belgium	Weaving	water	Water	3.20800000000000000000	NULL	2025-06-24 04:31:02	2025-06-24 04:31:02
570	Cotton	Brazil	Dyeing	carbon dioxide	Gas	1.91200000000000000000	NULL	2025-06-24 04:31:02	2025-06-24 04:31:02
571	Cotton	Brazil	Dyeing	energy	Electricity	16.38100000000000000000	NULL	2025-06-24 04:31:02	2025-06-24 04:31:02
572	Cotton	Brazil	Dyeing	water	Water	46.46900000000000000000	NULL	2025-06-24 04:31:02	2025-06-24 04:31:02
573	Cotton	Brazil	Manufacturing	carbon dioxide	Gas	0.13600000000000000000	NULL	2025-06-24 04:31:02	2025-06-24 04:31:02
574	Cotton	Brazil	Manufacturing	energy	Electricity	3.25700000000000000000	NULL	2025-06-24 04:31:02	2025-06-24 04:31:02
575	Cotton	Brazil	Manufacturing	water	Water	5.20300000000000000000	NULL	2025-06-24 04:31:02	2025-06-24 04:31:02
576	Cotton	Brazil	Raw Material	carbon dioxide	Gas	1.18700000000000000000	NULL	2025-06-24 04:31:02	2025-06-24 04:31:02
577	Cotton	Brazil	Raw Material	energy	Electricity	9.17400000000000000000	NULL	2025-06-24 04:31:02	2025-06-24 04:31:02
578	Cotton	Brazil	Raw Material	water	Water	9176.13900000000000000000	NULL	2025-06-24 04:31:02	2025-06-24 04:31:02
579	Cotton	Brazil	Sampling	carbon dioxide	Gas	0.07200000000000000000	NULL	2025-06-24 04:31:02	2025-06-24 04:31:02
580	Cotton	Brazil	Sampling	energy	Electricity	1.96000000000000000000	NULL	2025-06-24 04:31:02	2025-06-24 04:31:02
581	Cotton	Brazil	Sampling	water	Water	0.49000000000000000000	NULL	2025-06-24 04:31:02	2025-06-24 04:31:02
582	Cotton	Brazil	Spinning	carbon dioxide	Gas	0.36700000000000000000	NULL	2025-06-24 04:31:02	2025-06-24 04:31:02
583	Cotton	Brazil	Spinning	energy	Electricity	6.65100000000000000000	NULL	2025-06-24 04:31:02	2025-06-24 04:31:02
584	Cotton	Brazil	Spinning	water	Water	1.69200000000000000000	NULL	2025-06-24 04:31:02	2025-06-24 04:31:02
585	Cotton	Brazil	Trims	carbon dioxide	Gas	0.07300000000000000000	NULL	2025-06-24 04:31:02	2025-06-24 04:31:02
586	Cotton	Brazil	Trims	energy	Electricity	1.70200000000000000000	NULL	2025-06-24 04:31:02	2025-06-24 04:31:02
587	Cotton	Brazil	Trims	water	Water	0.45300000000000000000	NULL	2025-06-24 04:31:02	2025-06-24 04:31:02
588	Cotton	Brazil	Weaving	carbon dioxide	Gas	0.60700000000000000000	NULL	2025-06-24 04:31:02	2025-06-24 04:31:02
589	Cotton	Brazil	Weaving	energy	Electricity	7.46800000000000000000	NULL	2025-06-24 04:31:02	2025-06-24 04:31:02
590	Cotton	Brazil	Weaving	water	Water	5.43500000000000000000	NULL	2025-06-24 04:31:02	2025-06-24 04:31:02
591	Hemp	Brazil	Dyeing	carbon dioxide	Gas	1.51300000000000000000	NULL	2025-06-24 04:31:02	2025-06-24 04:31:02
592	Hemp	Brazil	Dyeing	energy	Electricity	13.38600000000000000000	NULL	2025-06-24 04:31:02	2025-06-24 04:31:02
593	Hemp	Brazil	Dyeing	water	Water	27.99600000000000000000	NULL	2025-06-24 04:31:02	2025-06-24 04:31:02
594	Hemp	Brazil	Manufacturing	carbon dioxide	Gas	0.07900000000000000000	NULL	2025-06-24 04:31:02	2025-06-24 04:31:02
595	Hemp	Brazil	Manufacturing	energy	Electricity	2.31900000000000000000	NULL	2025-06-24 04:31:02	2025-06-24 04:31:02
596	Hemp	Brazil	Manufacturing	water	Water	2.33700000000000000000	NULL	2025-06-24 04:31:02	2025-06-24 04:31:02
597	Hemp	Brazil	Raw Material	carbon dioxide	Gas	0.14600000000000000000	NULL	2025-06-24 04:31:02	2025-06-24 04:31:02
598	Hemp	Brazil	Raw Material	energy	Electricity	4.58600000000000000000	NULL	2025-06-24 04:31:02	2025-06-24 04:31:02
599	Hemp	Brazil	Raw Material	water	Water	485.36900000000000000000	NULL	2025-06-24 04:31:02	2025-06-24 04:31:02
600	Hemp	Brazil	Sampling	carbon dioxide	Gas	0.05100000000000000000	NULL	2025-06-24 04:31:02	2025-06-24 04:31:02
601	Hemp	Brazil	Sampling	energy	Electricity	0.84700000000000000000	NULL	2025-06-24 04:31:02	2025-06-24 04:31:02
602	Hemp	Brazil	Sampling	water	Water	0.23100000000000000000	NULL	2025-06-24 04:31:02	2025-06-24 04:31:02
603	Hemp	Brazil	Spinning	carbon dioxide	Gas	0.25900000000000000000	NULL	2025-06-24 04:31:02	2025-06-24 04:31:02
604	Hemp	Brazil	Spinning	energy	Electricity	3.06700000000000000000	NULL	2025-06-24 04:31:02	2025-06-24 04:31:02
605	Hemp	Brazil	Spinning	water	Water	0.77000000000000000000	NULL	2025-06-24 04:31:02	2025-06-24 04:31:02
606	Hemp	Brazil	Trims	carbon dioxide	Gas	0.05200000000000000000	NULL	2025-06-24 04:31:02	2025-06-24 04:31:02
607	Hemp	Brazil	Trims	energy	Electricity	0.84200000000000000000	NULL	2025-06-24 04:31:02	2025-06-24 04:31:02
608	Hemp	Brazil	Trims	water	Water	0.25300000000000000000	NULL	2025-06-24 04:31:02	2025-06-24 04:31:02
609	Hemp	Brazil	Weaving	carbon dioxide	Gas	0.40400000000000000000	NULL	2025-06-24 04:31:02	2025-06-24 04:31:02
610	Hemp	Brazil	Weaving	energy	Electricity	4.72700000000000000000	NULL	2025-06-24 04:31:02	2025-06-24 04:31:02
611	Hemp	Brazil	Weaving	water	Water	2.55900000000000000000	NULL	2025-06-24 04:31:02	2025-06-24 04:31:02
612	Nylon	Brazil	Dyeing	carbon dioxide	Gas	2.16700000000000000000	NULL	2025-06-24 04:31:02	2025-06-24 04:31:02
613	Nylon	Brazil	Dyeing	energy	Electricity	20.03700000000000000000	NULL	2025-06-24 04:31:02	2025-06-24 04:31:02
614	Nylon	Brazil	Dyeing	water	Water	15.57800000000000000000	NULL	2025-06-24 04:31:02	2025-06-24 04:31:02
615	Nylon	Brazil	Manufacturing	carbon dioxide	Gas	0.12100000000000000000	NULL	2025-06-24 04:31:02	2025-06-24 04:31:02
616	Nylon	Brazil	Manufacturing	energy	Electricity	3.11400000000000000000	NULL	2025-06-24 04:31:02	2025-06-24 04:31:02
617	Nylon	Brazil	Manufacturing	water	Water	1.96900000000000000000	NULL	2025-06-24 04:31:02	2025-06-24 04:31:02
618	Nylon	Brazil	Raw Material	carbon dioxide	Gas	3.66900000000000000000	NULL	2025-06-24 04:31:02	2025-06-24 04:31:02
619	Nylon	Brazil	Raw Material	energy	Electricity	62.45300000000000000000	NULL	2025-06-24 04:31:02	2025-06-24 04:31:02
620	Nylon	Brazil	Raw Material	water	Water	19.05400000000000000000	NULL	2025-06-24 04:31:02	2025-06-24 04:31:02
621	Nylon	Brazil	Sampling	carbon dioxide	Gas	0.06000000000000000000	NULL	2025-06-24 04:31:02	2025-06-24 04:31:02
622	Nylon	Brazil	Sampling	energy	Electricity	1.10300000000000000000	NULL	2025-06-24 04:31:02	2025-06-24 04:31:02
623	Nylon	Brazil	Sampling	water	Water	0.19700000000000000000	NULL	2025-06-24 04:31:02	2025-06-24 04:31:02
624	Nylon	Brazil	Spinning	carbon dioxide	Gas	0.59900000000000000000	NULL	2025-06-24 04:31:02	2025-06-24 04:31:02
625	Nylon	Brazil	Spinning	energy	Electricity	4.25200000000000000000	NULL	2025-06-24 04:31:02	2025-06-24 04:31:02
626	Nylon	Brazil	Spinning	water	Water	0.51100000000000000000	NULL	2025-06-24 04:31:02	2025-06-24 04:31:02
627	Nylon	Brazil	Trims	carbon dioxide	Gas	0.06600000000000000000	NULL	2025-06-24 04:31:02	2025-06-24 04:31:02
628	Nylon	Brazil	Trims	energy	Electricity	1.06100000000000000000	NULL	2025-06-24 04:31:02	2025-06-24 04:31:02
629	Nylon	Brazil	Trims	water	Water	0.19300000000000000000	NULL	2025-06-24 04:31:02	2025-06-24 04:31:02
630	Nylon	Brazil	Weaving	carbon dioxide	Gas	0.78400000000000000000	NULL	2025-06-24 04:31:02	2025-06-24 04:31:02
631	Nylon	Brazil	Weaving	energy	Electricity	5.80800000000000000000	NULL	2025-06-24 04:31:02	2025-06-24 04:31:02
632	Nylon	Brazil	Weaving	water	Water	2.07200000000000000000	NULL	2025-06-24 04:31:02	2025-06-24 04:31:02
633	Polyester	Brazil	Dyeing	carbon dioxide	Gas	2.43100000000000000000	NULL	2025-06-24 04:31:02	2025-06-24 04:31:02
634	Polyester	Brazil	Dyeing	energy	Electricity	21.02500000000000000000	NULL	2025-06-24 04:31:02	2025-06-24 04:31:02
635	Polyester	Brazil	Dyeing	water	Water	9.32400000000000000000	NULL	2025-06-24 04:31:02	2025-06-24 04:31:02
636	Polyester	Brazil	Manufacturing	carbon dioxide	Gas	0.10100000000000000000	NULL	2025-06-24 04:31:02	2025-06-24 04:31:02
637	Polyester	Brazil	Manufacturing	energy	Electricity	2.73000000000000000000	NULL	2025-06-24 04:31:02	2025-06-24 04:31:02
638	Polyester	Brazil	Manufacturing	water	Water	1.81200000000000000000	NULL	2025-06-24 04:31:02	2025-06-24 04:31:02
639	Polyester	Brazil	Raw Material	carbon dioxide	Gas	2.18100000000000000000	NULL	2025-06-24 04:31:02	2025-06-24 04:31:02
640	Polyester	Brazil	Raw Material	energy	Electricity	65.37900000000000000000	NULL	2025-06-24 04:31:02	2025-06-24 04:31:02
641	Polyester	Brazil	Raw Material	water	Water	20.21000000000000000000	NULL	2025-06-24 04:31:02	2025-06-24 04:31:02
642	Polyester	Brazil	Sampling	carbon dioxide	Gas	0.05300000000000000000	NULL	2025-06-24 04:31:02	2025-06-24 04:31:02
643	Polyester	Brazil	Sampling	energy	Electricity	1.18600000000000000000	NULL	2025-06-24 04:31:02	2025-06-24 04:31:02
644	Polyester	Brazil	Sampling	water	Water	0.20800000000000000000	NULL	2025-06-24 04:31:02	2025-06-24 04:31:02
645	Polyester	Brazil	Spinning	carbon dioxide	Gas	0.60600000000000000000	NULL	2025-06-24 04:31:02	2025-06-24 04:31:02
646	Polyester	Brazil	Spinning	energy	Electricity	3.66400000000000000000	NULL	2025-06-24 04:31:02	2025-06-24 04:31:02
647	Polyester	Brazil	Spinning	water	Water	0.53200000000000000000	NULL	2025-06-24 04:31:02	2025-06-24 04:31:02
648	Polyester	Brazil	Trims	carbon dioxide	Gas	0.05700000000000000000	NULL	2025-06-24 04:31:02	2025-06-24 04:31:02
649	Polyester	Brazil	Trims	energy	Electricity	1.02700000000000000000	NULL	2025-06-24 04:31:02	2025-06-24 04:31:02
650	Polyester	Brazil	Trims	water	Water	0.20700000000000000000	NULL	2025-06-24 04:31:02	2025-06-24 04:31:02
651	Polyester	Brazil	Weaving	carbon dioxide	Gas	0.76700000000000000000	NULL	2025-06-24 04:31:02	2025-06-24 04:31:02
652	Polyester	Brazil	Weaving	energy	Electricity	5.48600000000000000000	NULL	2025-06-24 04:31:02	2025-06-24 04:31:02
653	Polyester	Brazil	Weaving	water	Water	2.10200000000000000000	NULL	2025-06-24 04:31:02	2025-06-24 04:31:02
654	Wool	Brazil	Dyeing	carbon dioxide	Gas	1.94200000000000000000	NULL	2025-06-24 04:31:02	2025-06-24 04:31:02
655	Wool	Brazil	Dyeing	energy	Electricity	16.65300000000000000000	NULL	2025-06-24 04:31:02	2025-06-24 04:31:02
656	Wool	Brazil	Dyeing	water	Water	41.24700000000000000000	NULL	2025-06-24 04:31:02	2025-06-24 04:31:02
657	Wool	Brazil	Manufacturing	carbon dioxide	Gas	0.12200000000000000000	NULL	2025-06-24 04:31:02	2025-06-24 04:31:02
658	Wool	Brazil	Manufacturing	energy	Electricity	3.08800000000000000000	NULL	2025-06-24 04:31:02	2025-06-24 04:31:02
659	Wool	Brazil	Manufacturing	water	Water	2.92600000000000000000	NULL	2025-06-24 04:31:02	2025-06-24 04:31:02
660	Wool	Brazil	Raw Material	carbon dioxide	Gas	5.94800000000000000000	NULL	2025-06-24 04:31:02	2025-06-24 04:31:02
661	Wool	Brazil	Raw Material	energy	Electricity	21.10800000000000000000	NULL	2025-06-24 04:31:02	2025-06-24 04:31:02
662	Wool	Brazil	Raw Material	water	Water	771.15600000000000000000	NULL	2025-06-24 04:31:02	2025-06-24 04:31:02
663	Wool	Brazil	Sampling	carbon dioxide	Gas	0.05900000000000000000	NULL	2025-06-24 04:31:02	2025-06-24 04:31:02
664	Wool	Brazil	Sampling	energy	Electricity	1.40400000000000000000	NULL	2025-06-24 04:31:02	2025-06-24 04:31:02
665	Wool	Brazil	Sampling	water	Water	0.27600000000000000000	NULL	2025-06-24 04:31:02	2025-06-24 04:31:02
666	Wool	Brazil	Spinning	carbon dioxide	Gas	0.48900000000000000000	NULL	2025-06-24 04:31:02	2025-06-24 04:31:02
667	Wool	Brazil	Spinning	energy	Electricity	5.46200000000000000000	NULL	2025-06-24 04:31:02	2025-06-24 04:31:02
668	Wool	Brazil	Spinning	water	Water	0.91000000000000000000	NULL	2025-06-24 04:31:02	2025-06-24 04:31:02
669	Wool	Brazil	Trims	carbon dioxide	Gas	0.05800000000000000000	NULL	2025-06-24 04:31:02	2025-06-24 04:31:02
670	Wool	Brazil	Trims	energy	Electricity	1.52400000000000000000	NULL	2025-06-24 04:31:02	2025-06-24 04:31:02
671	Wool	Brazil	Trims	water	Water	0.32500000000000000000	NULL	2025-06-24 04:31:02	2025-06-24 04:31:02
672	Wool	Brazil	Weaving	carbon dioxide	Gas	0.65800000000000000000	NULL	2025-06-24 04:31:02	2025-06-24 04:31:02
673	Wool	Brazil	Weaving	energy	Electricity	6.25000000000000000000	NULL	2025-06-24 04:31:02	2025-06-24 04:31:02
674	Wool	Brazil	Weaving	water	Water	2.95200000000000000000	NULL	2025-06-24 04:31:02	2025-06-24 04:31:02
675	Cotton	Bulgaria	Dyeing	carbon dioxide	Gas	2.71000000000000000000	NULL	2025-06-24 04:31:02	2025-06-24 04:31:02
676	Cotton	Bulgaria	Dyeing	energy	Electricity	15.54900000000000000000	NULL	2025-06-24 04:31:02	2025-06-24 04:31:02
677	Cotton	Bulgaria	Dyeing	water	Water	49.47800000000000000000	NULL	2025-06-24 04:31:02	2025-06-24 04:31:02
678	Cotton	Bulgaria	Manufacturing	carbon dioxide	Gas	0.21000000000000000000	NULL	2025-06-24 04:31:02	2025-06-24 04:31:02
679	Cotton	Bulgaria	Manufacturing	energy	Electricity	3.63200000000000000000	NULL	2025-06-24 04:31:02	2025-06-24 04:31:02
680	Cotton	Bulgaria	Manufacturing	water	Water	5.46000000000000000000	NULL	2025-06-24 04:31:02	2025-06-24 04:31:02
681	Cotton	Bulgaria	Raw Material	carbon dioxide	Gas	1.90000000000000000000	NULL	2025-06-24 04:31:02	2025-06-24 04:31:02
682	Cotton	Bulgaria	Raw Material	energy	Electricity	9.79000000000000000000	NULL	2025-06-24 04:31:02	2025-06-24 04:31:02
683	Cotton	Bulgaria	Raw Material	water	Water	9731.82800000000000000000	NULL	2025-06-24 04:31:02	2025-06-24 04:31:02
684	Cotton	Bulgaria	Sampling	carbon dioxide	Gas	0.10400000000000000000	NULL	2025-06-24 04:31:02	2025-06-24 04:31:02
685	Cotton	Bulgaria	Sampling	energy	Electricity	1.77900000000000000000	NULL	2025-06-24 04:31:02	2025-06-24 04:31:02
686	Cotton	Bulgaria	Sampling	water	Water	0.46200000000000000000	NULL	2025-06-24 04:31:02	2025-06-24 04:31:02
687	Cotton	Bulgaria	Spinning	carbon dioxide	Gas	0.60200000000000000000	NULL	2025-06-24 04:31:02	2025-06-24 04:31:02
688	Cotton	Bulgaria	Spinning	energy	Electricity	5.90900000000000000000	NULL	2025-06-24 04:31:02	2025-06-24 04:31:02
689	Cotton	Bulgaria	Spinning	water	Water	1.81300000000000000000	NULL	2025-06-24 04:31:02	2025-06-24 04:31:02
690	Cotton	Bulgaria	Trims	carbon dioxide	Gas	0.10700000000000000000	NULL	2025-06-24 04:31:02	2025-06-24 04:31:02
691	Cotton	Bulgaria	Trims	energy	Electricity	1.62500000000000000000	NULL	2025-06-24 04:31:02	2025-06-24 04:31:02
692	Cotton	Bulgaria	Trims	water	Water	0.49800000000000000000	NULL	2025-06-24 04:31:02	2025-06-24 04:31:02
693	Cotton	Bulgaria	Weaving	carbon dioxide	Gas	0.82600000000000000000	NULL	2025-06-24 04:31:02	2025-06-24 04:31:02
694	Cotton	Bulgaria	Weaving	energy	Electricity	6.78000000000000000000	NULL	2025-06-24 04:31:02	2025-06-24 04:31:02
695	Cotton	Bulgaria	Weaving	water	Water	5.23000000000000000000	NULL	2025-06-24 04:31:02	2025-06-24 04:31:02
696	Hemp	Bulgaria	Dyeing	carbon dioxide	Gas	2.31100000000000000000	NULL	2025-06-24 04:31:02	2025-06-24 04:31:02
697	Hemp	Bulgaria	Dyeing	energy	Electricity	12.49600000000000000000	NULL	2025-06-24 04:31:02	2025-06-24 04:31:02
698	Hemp	Bulgaria	Dyeing	water	Water	27.17800000000000000000	NULL	2025-06-24 04:31:02	2025-06-24 04:31:02
699	Hemp	Bulgaria	Manufacturing	carbon dioxide	Gas	0.13200000000000000000	NULL	2025-06-24 04:31:02	2025-06-24 04:31:02
700	Hemp	Bulgaria	Manufacturing	energy	Electricity	2.54500000000000000000	NULL	2025-06-24 04:31:02	2025-06-24 04:31:02
701	Hemp	Bulgaria	Manufacturing	water	Water	2.27600000000000000000	NULL	2025-06-24 04:31:02	2025-06-24 04:31:02
702	Hemp	Bulgaria	Raw Material	carbon dioxide	Gas	0.21800000000000000000	NULL	2025-06-24 04:31:02	2025-06-24 04:31:02
703	Hemp	Bulgaria	Raw Material	energy	Electricity	5.49100000000000000000	NULL	2025-06-24 04:31:02	2025-06-24 04:31:02
704	Hemp	Bulgaria	Raw Material	water	Water	543.35900000000000000000	NULL	2025-06-24 04:31:02	2025-06-24 04:31:02
705	Hemp	Bulgaria	Sampling	carbon dioxide	Gas	0.08300000000000000000	NULL	2025-06-24 04:31:02	2025-06-24 04:31:02
706	Hemp	Bulgaria	Sampling	energy	Electricity	0.89600000000000000000	NULL	2025-06-24 04:31:02	2025-06-24 04:31:02
707	Hemp	Bulgaria	Sampling	water	Water	0.26400000000000000000	NULL	2025-06-24 04:31:02	2025-06-24 04:31:02
708	Hemp	Bulgaria	Spinning	carbon dioxide	Gas	0.44700000000000000000	NULL	2025-06-24 04:31:02	2025-06-24 04:31:02
709	Hemp	Bulgaria	Spinning	energy	Electricity	2.70900000000000000000	NULL	2025-06-24 04:31:02	2025-06-24 04:31:02
710	Hemp	Bulgaria	Spinning	water	Water	0.84300000000000000000	NULL	2025-06-24 04:31:02	2025-06-24 04:31:02
711	Hemp	Bulgaria	Trims	carbon dioxide	Gas	0.08500000000000000000	NULL	2025-06-24 04:31:02	2025-06-24 04:31:02
712	Hemp	Bulgaria	Trims	energy	Electricity	0.98800000000000000000	NULL	2025-06-24 04:31:02	2025-06-24 04:31:02
713	Hemp	Bulgaria	Trims	water	Water	0.25300000000000000000	NULL	2025-06-24 04:31:02	2025-06-24 04:31:02
714	Hemp	Bulgaria	Weaving	carbon dioxide	Gas	0.66000000000000000000	NULL	2025-06-24 04:31:02	2025-06-24 04:31:02
715	Hemp	Bulgaria	Weaving	energy	Electricity	4.64000000000000000000	NULL	2025-06-24 04:31:02	2025-06-24 04:31:02
716	Hemp	Bulgaria	Weaving	water	Water	2.32300000000000000000	NULL	2025-06-24 04:31:02	2025-06-24 04:31:02
717	Nylon	Bulgaria	Dyeing	carbon dioxide	Gas	3.35500000000000000000	NULL	2025-06-24 04:31:02	2025-06-24 04:31:02
718	Nylon	Bulgaria	Dyeing	energy	Electricity	20.63100000000000000000	NULL	2025-06-24 04:31:02	2025-06-24 04:31:02
719	Nylon	Bulgaria	Dyeing	water	Water	15.09100000000000000000	NULL	2025-06-24 04:31:02	2025-06-24 04:31:02
720	Nylon	Bulgaria	Manufacturing	carbon dioxide	Gas	0.19400000000000000000	NULL	2025-06-24 04:31:02	2025-06-24 04:31:02
721	Nylon	Bulgaria	Manufacturing	energy	Electricity	3.14800000000000000000	NULL	2025-06-24 04:31:02	2025-06-24 04:31:02
722	Nylon	Bulgaria	Manufacturing	water	Water	2.03300000000000000000	NULL	2025-06-24 04:31:02	2025-06-24 04:31:02
723	Nylon	Bulgaria	Raw Material	carbon dioxide	Gas	5.54600000000000000000	NULL	2025-06-24 04:31:02	2025-06-24 04:31:02
724	Nylon	Bulgaria	Raw Material	energy	Electricity	61.42000000000000000000	NULL	2025-06-24 04:31:02	2025-06-24 04:31:02
725	Nylon	Bulgaria	Raw Material	water	Water	20.19900000000000000000	NULL	2025-06-24 04:31:02	2025-06-24 04:31:02
726	Nylon	Bulgaria	Sampling	carbon dioxide	Gas	0.09400000000000000000	NULL	2025-06-24 04:31:02	2025-06-24 04:31:02
727	Nylon	Bulgaria	Sampling	energy	Electricity	1.03300000000000000000	NULL	2025-06-24 04:31:02	2025-06-24 04:31:02
728	Nylon	Bulgaria	Sampling	water	Water	0.20100000000000000000	NULL	2025-06-24 04:31:02	2025-06-24 04:31:02
729	Nylon	Bulgaria	Spinning	carbon dioxide	Gas	0.95000000000000000000	NULL	2025-06-24 04:31:02	2025-06-24 04:31:02
730	Nylon	Bulgaria	Spinning	energy	Electricity	4.47500000000000000000	NULL	2025-06-24 04:31:02	2025-06-24 04:31:02
731	Nylon	Bulgaria	Spinning	water	Water	0.49800000000000000000	NULL	2025-06-24 04:31:02	2025-06-24 04:31:02
732	Nylon	Bulgaria	Trims	carbon dioxide	Gas	0.09400000000000000000	NULL	2025-06-24 04:31:02	2025-06-24 04:31:02
733	Nylon	Bulgaria	Trims	energy	Electricity	1.10600000000000000000	NULL	2025-06-24 04:31:02	2025-06-24 04:31:02
734	Nylon	Bulgaria	Trims	water	Water	0.19100000000000000000	NULL	2025-06-24 04:31:02	2025-06-24 04:31:02
735	Nylon	Bulgaria	Weaving	carbon dioxide	Gas	1.26000000000000000000	NULL	2025-06-24 04:31:02	2025-06-24 04:31:02
736	Nylon	Bulgaria	Weaving	energy	Electricity	5.84700000000000000000	NULL	2025-06-24 04:31:02	2025-06-24 04:31:02
737	Nylon	Bulgaria	Weaving	water	Water	1.92200000000000000000	NULL	2025-06-24 04:31:02	2025-06-24 04:31:02
738	Polyester	Bulgaria	Dyeing	carbon dioxide	Gas	3.89600000000000000000	NULL	2025-06-24 04:31:02	2025-06-24 04:31:02
739	Polyester	Bulgaria	Dyeing	energy	Electricity	22.50500000000000000000	NULL	2025-06-24 04:31:02	2025-06-24 04:31:02
740	Polyester	Bulgaria	Dyeing	water	Water	10.60500000000000000000	NULL	2025-06-24 04:31:02	2025-06-24 04:31:02
741	Polyester	Bulgaria	Manufacturing	carbon dioxide	Gas	0.15600000000000000000	NULL	2025-06-24 04:31:02	2025-06-24 04:31:02
742	Polyester	Bulgaria	Manufacturing	energy	Electricity	3.09000000000000000000	NULL	2025-06-24 04:31:02	2025-06-24 04:31:02
743	Polyester	Bulgaria	Manufacturing	water	Water	1.80700000000000000000	NULL	2025-06-24 04:31:02	2025-06-24 04:31:02
744	Polyester	Bulgaria	Raw Material	carbon dioxide	Gas	3.34800000000000000000	NULL	2025-06-24 04:31:02	2025-06-24 04:31:02
745	Polyester	Bulgaria	Raw Material	energy	Electricity	69.31900000000000000000	NULL	2025-06-24 04:31:02	2025-06-24 04:31:02
746	Polyester	Bulgaria	Raw Material	water	Water	20.74000000000000000000	NULL	2025-06-24 04:31:02	2025-06-24 04:31:02
747	Polyester	Bulgaria	Sampling	carbon dioxide	Gas	0.08400000000000000000	NULL	2025-06-24 04:31:02	2025-06-24 04:31:02
748	Polyester	Bulgaria	Sampling	energy	Electricity	1.03200000000000000000	NULL	2025-06-24 04:31:02	2025-06-24 04:31:02
749	Polyester	Bulgaria	Sampling	water	Water	0.18500000000000000000	NULL	2025-06-24 04:31:02	2025-06-24 04:31:02
750	Polyester	Bulgaria	Spinning	carbon dioxide	Gas	0.89900000000000000000	NULL	2025-06-24 04:31:02	2025-06-24 04:31:02
751	Polyester	Bulgaria	Spinning	energy	Electricity	3.69400000000000000000	NULL	2025-06-24 04:31:02	2025-06-24 04:31:02
752	Polyester	Bulgaria	Spinning	water	Water	0.50100000000000000000	NULL	2025-06-24 04:31:02	2025-06-24 04:31:02
753	Polyester	Bulgaria	Trims	carbon dioxide	Gas	0.08400000000000000000	NULL	2025-06-24 04:31:02	2025-06-24 04:31:02
754	Polyester	Bulgaria	Trims	energy	Electricity	1.08300000000000000000	NULL	2025-06-24 04:31:02	2025-06-24 04:31:02
755	Polyester	Bulgaria	Trims	water	Water	0.19400000000000000000	NULL	2025-06-24 04:31:02	2025-06-24 04:31:02
756	Polyester	Bulgaria	Weaving	carbon dioxide	Gas	0.99900000000000000000	NULL	2025-06-24 04:31:02	2025-06-24 04:31:02
757	Polyester	Bulgaria	Weaving	energy	Electricity	5.58700000000000000000	NULL	2025-06-24 04:31:02	2025-06-24 04:31:02
758	Polyester	Bulgaria	Weaving	water	Water	1.93200000000000000000	NULL	2025-06-24 04:31:02	2025-06-24 04:31:02
759	Silk	Bulgaria	Dyeing	carbon dioxide	Gas	2.77500000000000000000	NULL	2025-06-24 04:31:02	2025-06-24 04:31:02
760	Silk	Bulgaria	Dyeing	energy	Electricity	19.44500000000000000000	NULL	2025-06-24 04:31:02	2025-06-24 04:31:02
761	Silk	Bulgaria	Dyeing	water	Water	42.27400000000000000000	NULL	2025-06-24 04:31:02	2025-06-24 04:31:02
762	Silk	Bulgaria	Manufacturing	carbon dioxide	Gas	0.24200000000000000000	NULL	2025-06-24 04:31:02	2025-06-24 04:31:02
763	Silk	Bulgaria	Manufacturing	energy	Electricity	4.05100000000000000000	NULL	2025-06-24 04:31:02	2025-06-24 04:31:02
764	Silk	Bulgaria	Manufacturing	water	Water	3.76500000000000000000	NULL	2025-06-24 04:31:02	2025-06-24 04:31:02
765	Silk	Bulgaria	Raw Material	carbon dioxide	Gas	2.05900000000000000000	NULL	2025-06-24 04:31:02	2025-06-24 04:31:02
766	Silk	Bulgaria	Raw Material	energy	Electricity	30.90500000000000000000	NULL	2025-06-24 04:31:02	2025-06-24 04:31:02
767	Silk	Bulgaria	Raw Material	water	Water	9406.09600000000000000000	NULL	2025-06-24 04:31:02	2025-06-24 04:31:02
768	Silk	Bulgaria	Sampling	carbon dioxide	Gas	0.11900000000000000000	NULL	2025-06-24 04:31:02	2025-06-24 04:31:02
769	Silk	Bulgaria	Sampling	energy	Electricity	1.46200000000000000000	NULL	2025-06-24 04:31:02	2025-06-24 04:31:02
770	Silk	Bulgaria	Sampling	water	Water	0.37900000000000000000	NULL	2025-06-24 04:31:02	2025-06-24 04:31:02
771	Silk	Bulgaria	Spinning	carbon dioxide	Gas	0.72300000000000000000	NULL	2025-06-24 04:31:02	2025-06-24 04:31:02
772	Silk	Bulgaria	Spinning	energy	Electricity	6.53100000000000000000	NULL	2025-06-24 04:31:02	2025-06-24 04:31:02
773	Silk	Bulgaria	Spinning	water	Water	1.62400000000000000000	NULL	2025-06-24 04:31:02	2025-06-24 04:31:02
774	Silk	Bulgaria	Trims	carbon dioxide	Gas	0.10000000000000000000	NULL	2025-06-24 04:31:02	2025-06-24 04:31:02
775	Silk	Bulgaria	Trims	energy	Electricity	1.78000000000000000000	NULL	2025-06-24 04:31:02	2025-06-24 04:31:02
776	Silk	Bulgaria	Trims	water	Water	0.36500000000000000000	NULL	2025-06-24 04:31:02	2025-06-24 04:31:02
777	Silk	Bulgaria	Weaving	carbon dioxide	Gas	1.01200000000000000000	NULL	2025-06-24 04:31:02	2025-06-24 04:31:02
778	Silk	Bulgaria	Weaving	energy	Electricity	8.65100000000000000000	NULL	2025-06-24 04:31:02	2025-06-24 04:31:02
779	Silk	Bulgaria	Weaving	water	Water	3.95300000000000000000	NULL	2025-06-24 04:31:02	2025-06-24 04:31:02
780	Wool	Bulgaria	Dyeing	carbon dioxide	Gas	3.07600000000000000000	NULL	2025-06-24 04:31:02	2025-06-24 04:31:02
781	Wool	Bulgaria	Dyeing	energy	Electricity	17.16600000000000000000	NULL	2025-06-24 04:31:02	2025-06-24 04:31:02
782	Wool	Bulgaria	Dyeing	water	Water	40.65600000000000000000	NULL	2025-06-24 04:31:02	2025-06-24 04:31:02
783	Wool	Bulgaria	Manufacturing	carbon dioxide	Gas	0.19600000000000000000	NULL	2025-06-24 04:31:02	2025-06-24 04:31:02
784	Wool	Bulgaria	Manufacturing	energy	Electricity	3.46900000000000000000	NULL	2025-06-24 04:31:02	2025-06-24 04:31:02
785	Wool	Bulgaria	Manufacturing	water	Water	2.85900000000000000000	NULL	2025-06-24 04:31:02	2025-06-24 04:31:02
786	Wool	Bulgaria	Raw Material	carbon dioxide	Gas	8.65100000000000000000	NULL	2025-06-24 04:31:02	2025-06-24 04:31:02
787	Wool	Bulgaria	Raw Material	energy	Electricity	20.01400000000000000000	NULL	2025-06-24 04:31:02	2025-06-24 04:31:02
788	Wool	Bulgaria	Raw Material	water	Water	825.17400000000000000000	NULL	2025-06-24 04:31:02	2025-06-24 04:31:02
789	Wool	Bulgaria	Sampling	carbon dioxide	Gas	0.09100000000000000000	NULL	2025-06-24 04:31:02	2025-06-24 04:31:02
790	Wool	Bulgaria	Sampling	energy	Electricity	1.36500000000000000000	NULL	2025-06-24 04:31:02	2025-06-24 04:31:02
791	Wool	Bulgaria	Sampling	water	Water	0.28100000000000000000	NULL	2025-06-24 04:31:02	2025-06-24 04:31:02
792	Wool	Bulgaria	Spinning	carbon dioxide	Gas	0.77000000000000000000	NULL	2025-06-24 04:31:02	2025-06-24 04:31:02
793	Wool	Bulgaria	Spinning	energy	Electricity	5.11200000000000000000	NULL	2025-06-24 04:31:02	2025-06-24 04:31:02
794	Wool	Bulgaria	Spinning	water	Water	1.04400000000000000000	NULL	2025-06-24 04:31:02	2025-06-24 04:31:02
795	Wool	Bulgaria	Trims	carbon dioxide	Gas	0.09900000000000000000	NULL	2025-06-24 04:31:02	2025-06-24 04:31:02
796	Wool	Bulgaria	Trims	energy	Electricity	1.38100000000000000000	NULL	2025-06-24 04:31:02	2025-06-24 04:31:02
797	Wool	Bulgaria	Trims	water	Water	0.29600000000000000000	NULL	2025-06-24 04:31:02	2025-06-24 04:31:02
798	Wool	Bulgaria	Weaving	carbon dioxide	Gas	0.91900000000000000000	NULL	2025-06-24 04:31:02	2025-06-24 04:31:02
799	Wool	Bulgaria	Weaving	energy	Electricity	6.53500000000000000000	NULL	2025-06-24 04:31:02	2025-06-24 04:31:02
800	Wool	Bulgaria	Weaving	water	Water	2.77000000000000000000	NULL	2025-06-24 04:31:02	2025-06-24 04:31:02
801	Cotton	Cambodia	Dyeing	carbon dioxide	Gas	2.63100000000000000000	NULL	2025-06-24 04:31:02	2025-06-24 04:31:02
802	Cotton	Cambodia	Dyeing	energy	Electricity	16.90100000000000000000	NULL	2025-06-24 04:31:02	2025-06-24 04:31:02
803	Cotton	Cambodia	Dyeing	water	Water	49.16800000000000000000	NULL	2025-06-24 04:31:02	2025-06-24 04:31:02
804	Cotton	Cambodia	Manufacturing	carbon dioxide	Gas	0.23100000000000000000	NULL	2025-06-24 04:31:02	2025-06-24 04:31:02
805	Cotton	Cambodia	Manufacturing	energy	Electricity	3.89700000000000000000	NULL	2025-06-24 04:31:02	2025-06-24 04:31:02
806	Cotton	Cambodia	Manufacturing	water	Water	4.59800000000000000000	NULL	2025-06-24 04:31:02	2025-06-24 04:31:02
807	Cotton	Cambodia	Raw Material	carbon dioxide	Gas	1.91300000000000000000	NULL	2025-06-24 04:31:02	2025-06-24 04:31:02
808	Cotton	Cambodia	Raw Material	energy	Electricity	10.68900000000000000000	NULL	2025-06-24 04:31:02	2025-06-24 04:31:02
809	Cotton	Cambodia	Raw Material	water	Water	10823.89200000000000000000	NULL	2025-06-24 04:31:02	2025-06-24 04:31:02
810	Cotton	Cambodia	Sampling	carbon dioxide	Gas	0.10900000000000000000	NULL	2025-06-24 04:31:02	2025-06-24 04:31:02
811	Cotton	Cambodia	Sampling	energy	Electricity	1.86700000000000000000	NULL	2025-06-24 04:31:02	2025-06-24 04:31:02
812	Cotton	Cambodia	Sampling	water	Water	0.53200000000000000000	NULL	2025-06-24 04:31:02	2025-06-24 04:31:02
813	Cotton	Cambodia	Spinning	carbon dioxide	Gas	0.52600000000000000000	NULL	2025-06-24 04:31:02	2025-06-24 04:31:02
814	Cotton	Cambodia	Spinning	energy	Electricity	6.53100000000000000000	NULL	2025-06-24 04:31:02	2025-06-24 04:31:02
815	Cotton	Cambodia	Spinning	water	Water	1.85300000000000000000	NULL	2025-06-24 04:31:02	2025-06-24 04:31:02
816	Cotton	Cambodia	Trims	carbon dioxide	Gas	0.10000000000000000000	NULL	2025-06-24 04:31:02	2025-06-24 04:31:02
817	Cotton	Cambodia	Trims	energy	Electricity	1.83300000000000000000	NULL	2025-06-24 04:31:02	2025-06-24 04:31:02
818	Cotton	Cambodia	Trims	water	Water	0.48800000000000000000	NULL	2025-06-24 04:31:02	2025-06-24 04:31:02
819	Cotton	Cambodia	Weaving	carbon dioxide	Gas	0.95500000000000000000	NULL	2025-06-24 04:31:02	2025-06-24 04:31:02
820	Cotton	Cambodia	Weaving	energy	Electricity	6.96700000000000000000	NULL	2025-06-24 04:31:02	2025-06-24 04:31:02
821	Cotton	Cambodia	Weaving	water	Water	5.11600000000000000000	NULL	2025-06-24 04:31:02	2025-06-24 04:31:02
822	Hemp	Cambodia	Dyeing	carbon dioxide	Gas	2.09800000000000000000	NULL	2025-06-24 04:31:02	2025-06-24 04:31:02
823	Hemp	Cambodia	Dyeing	energy	Electricity	13.09800000000000000000	NULL	2025-06-24 04:31:02	2025-06-24 04:31:02
824	Hemp	Cambodia	Dyeing	water	Water	31.54300000000000000000	NULL	2025-06-24 04:31:02	2025-06-24 04:31:02
825	Hemp	Cambodia	Manufacturing	carbon dioxide	Gas	0.13700000000000000000	NULL	2025-06-24 04:31:02	2025-06-24 04:31:02
826	Hemp	Cambodia	Manufacturing	energy	Electricity	2.38700000000000000000	NULL	2025-06-24 04:31:02	2025-06-24 04:31:02
827	Hemp	Cambodia	Manufacturing	water	Water	2.68400000000000000000	NULL	2025-06-24 04:31:02	2025-06-24 04:31:02
828	Hemp	Cambodia	Raw Material	carbon dioxide	Gas	0.23500000000000000000	NULL	2025-06-24 04:31:02	2025-06-24 04:31:02
829	Hemp	Cambodia	Raw Material	energy	Electricity	5.41500000000000000000	NULL	2025-06-24 04:31:02	2025-06-24 04:31:02
830	Hemp	Cambodia	Raw Material	water	Water	513.10800000000000000000	NULL	2025-06-24 04:31:02	2025-06-24 04:31:02
831	Hemp	Cambodia	Sampling	carbon dioxide	Gas	0.07700000000000000000	NULL	2025-06-24 04:31:02	2025-06-24 04:31:02
832	Hemp	Cambodia	Sampling	energy	Electricity	0.96700000000000000000	NULL	2025-06-24 04:31:02	2025-06-24 04:31:02
833	Hemp	Cambodia	Sampling	water	Water	0.23800000000000000000	NULL	2025-06-24 04:31:02	2025-06-24 04:31:02
834	Hemp	Cambodia	Spinning	carbon dioxide	Gas	0.46000000000000000000	NULL	2025-06-24 04:31:02	2025-06-24 04:31:02
835	Hemp	Cambodia	Spinning	energy	Electricity	2.63200000000000000000	NULL	2025-06-24 04:31:02	2025-06-24 04:31:02
836	Hemp	Cambodia	Spinning	water	Water	0.87000000000000000000	NULL	2025-06-24 04:31:02	2025-06-24 04:31:02
837	Hemp	Cambodia	Trims	carbon dioxide	Gas	0.07400000000000000000	NULL	2025-06-24 04:31:02	2025-06-24 04:31:02
838	Hemp	Cambodia	Trims	energy	Electricity	0.86700000000000000000	NULL	2025-06-24 04:31:02	2025-06-24 04:31:02
839	Hemp	Cambodia	Trims	water	Water	0.22500000000000000000	NULL	2025-06-24 04:31:02	2025-06-24 04:31:02
840	Hemp	Cambodia	Weaving	carbon dioxide	Gas	0.71700000000000000000	NULL	2025-06-24 04:31:02	2025-06-24 04:31:02
841	Hemp	Cambodia	Weaving	energy	Electricity	4.65600000000000000000	NULL	2025-06-24 04:31:02	2025-06-24 04:31:02
842	Hemp	Cambodia	Weaving	water	Water	2.39400000000000000000	NULL	2025-06-24 04:31:02	2025-06-24 04:31:02
843	Nylon	Cambodia	Dyeing	carbon dioxide	Gas	3.23200000000000000000	NULL	2025-06-24 04:31:02	2025-06-24 04:31:02
844	Nylon	Cambodia	Dyeing	energy	Electricity	18.88400000000000000000	NULL	2025-06-24 04:31:02	2025-06-24 04:31:02
845	Nylon	Cambodia	Dyeing	water	Water	14.47400000000000000000	NULL	2025-06-24 04:31:02	2025-06-24 04:31:02
846	Nylon	Cambodia	Manufacturing	carbon dioxide	Gas	0.19600000000000000000	NULL	2025-06-24 04:31:02	2025-06-24 04:31:02
847	Nylon	Cambodia	Manufacturing	energy	Electricity	3.14600000000000000000	NULL	2025-06-24 04:31:02	2025-06-24 04:31:02
848	Nylon	Cambodia	Manufacturing	water	Water	2.03700000000000000000	NULL	2025-06-24 04:31:02	2025-06-24 04:31:02
849	Nylon	Cambodia	Raw Material	carbon dioxide	Gas	5.58900000000000000000	NULL	2025-06-24 04:31:02	2025-06-24 04:31:02
850	Nylon	Cambodia	Raw Material	energy	Electricity	60.16800000000000000000	NULL	2025-06-24 04:31:02	2025-06-24 04:31:02
851	Nylon	Cambodia	Raw Material	water	Water	20.15700000000000000000	NULL	2025-06-24 04:31:02	2025-06-24 04:31:02
852	Nylon	Cambodia	Sampling	carbon dioxide	Gas	0.10200000000000000000	NULL	2025-06-24 04:31:02	2025-06-24 04:31:02
853	Nylon	Cambodia	Sampling	energy	Electricity	1.03700000000000000000	NULL	2025-06-24 04:31:02	2025-06-24 04:31:02
854	Nylon	Cambodia	Sampling	water	Water	0.20200000000000000000	NULL	2025-06-24 04:31:02	2025-06-24 04:31:02
855	Nylon	Cambodia	Spinning	carbon dioxide	Gas	1.03600000000000000000	NULL	2025-06-24 04:31:02	2025-06-24 04:31:02
856	Nylon	Cambodia	Spinning	energy	Electricity	4.38800000000000000000	NULL	2025-06-24 04:31:02	2025-06-24 04:31:02
857	Nylon	Cambodia	Spinning	water	Water	0.50800000000000000000	NULL	2025-06-24 04:31:02	2025-06-24 04:31:02
858	Nylon	Cambodia	Trims	carbon dioxide	Gas	0.09900000000000000000	NULL	2025-06-24 04:31:02	2025-06-24 04:31:02
859	Nylon	Cambodia	Trims	energy	Electricity	1.09700000000000000000	NULL	2025-06-24 04:31:02	2025-06-24 04:31:02
860	Nylon	Cambodia	Trims	water	Water	0.19600000000000000000	NULL	2025-06-24 04:31:02	2025-06-24 04:31:02
861	Nylon	Cambodia	Weaving	carbon dioxide	Gas	1.21900000000000000000	NULL	2025-06-24 04:31:02	2025-06-24 04:31:02
862	Nylon	Cambodia	Weaving	energy	Electricity	6.04400000000000000000	NULL	2025-06-24 04:31:02	2025-06-24 04:31:02
863	Nylon	Cambodia	Weaving	water	Water	2.00800000000000000000	NULL	2025-06-24 04:31:02	2025-06-24 04:31:02
864	Polyester	Cambodia	Dyeing	carbon dioxide	Gas	3.63100000000000000000	NULL	2025-06-24 04:31:02	2025-06-24 04:31:02
865	Polyester	Cambodia	Dyeing	energy	Electricity	22.92300000000000000000	NULL	2025-06-24 04:31:02	2025-06-24 04:31:02
866	Polyester	Cambodia	Dyeing	water	Water	10.78700000000000000000	NULL	2025-06-24 04:31:02	2025-06-24 04:31:02
867	Polyester	Cambodia	Manufacturing	carbon dioxide	Gas	0.17300000000000000000	NULL	2025-06-24 04:31:02	2025-06-24 04:31:02
868	Polyester	Cambodia	Manufacturing	energy	Electricity	2.83400000000000000000	NULL	2025-06-24 04:31:02	2025-06-24 04:31:02
869	Polyester	Cambodia	Manufacturing	water	Water	2.01100000000000000000	NULL	2025-06-24 04:31:02	2025-06-24 04:31:02
870	Polyester	Cambodia	Raw Material	carbon dioxide	Gas	3.46200000000000000000	NULL	2025-06-24 04:31:02	2025-06-24 04:31:02
871	Polyester	Cambodia	Raw Material	energy	Electricity	72.87400000000000000000	NULL	2025-06-24 04:31:02	2025-06-24 04:31:02
872	Polyester	Cambodia	Raw Material	water	Water	18.74400000000000000000	NULL	2025-06-24 04:31:02	2025-06-24 04:31:02
873	Polyester	Cambodia	Sampling	carbon dioxide	Gas	0.08900000000000000000	NULL	2025-06-24 04:31:02	2025-06-24 04:31:02
874	Polyester	Cambodia	Sampling	energy	Electricity	1.01500000000000000000	NULL	2025-06-24 04:31:02	2025-06-24 04:31:02
875	Polyester	Cambodia	Sampling	water	Water	0.20700000000000000000	NULL	2025-06-24 04:31:02	2025-06-24 04:31:02
876	Polyester	Cambodia	Spinning	carbon dioxide	Gas	0.91300000000000000000	NULL	2025-06-24 04:31:02	2025-06-24 04:31:02
877	Polyester	Cambodia	Spinning	energy	Electricity	3.43500000000000000000	NULL	2025-06-24 04:31:02	2025-06-24 04:31:02
878	Polyester	Cambodia	Spinning	water	Water	0.53100000000000000000	NULL	2025-06-24 04:31:02	2025-06-24 04:31:02
879	Polyester	Cambodia	Trims	carbon dioxide	Gas	0.08400000000000000000	NULL	2025-06-24 04:31:02	2025-06-24 04:31:02
880	Polyester	Cambodia	Trims	energy	Electricity	1.01300000000000000000	NULL	2025-06-24 04:31:02	2025-06-24 04:31:02
881	Polyester	Cambodia	Trims	water	Water	0.21400000000000000000	NULL	2025-06-24 04:31:02	2025-06-24 04:31:02
882	Polyester	Cambodia	Weaving	carbon dioxide	Gas	1.06300000000000000000	NULL	2025-06-24 04:31:02	2025-06-24 04:31:02
883	Polyester	Cambodia	Weaving	energy	Electricity	5.47200000000000000000	NULL	2025-06-24 04:31:02	2025-06-24 04:31:02
884	Polyester	Cambodia	Weaving	water	Water	1.86000000000000000000	NULL	2025-06-24 04:31:02	2025-06-24 04:31:02
885	Silk	Cambodia	Dyeing	carbon dioxide	Gas	2.94400000000000000000	NULL	2025-06-24 04:31:02	2025-06-24 04:31:02
886	Silk	Cambodia	Dyeing	energy	Electricity	19.00400000000000000000	NULL	2025-06-24 04:31:02	2025-06-24 04:31:02
887	Silk	Cambodia	Dyeing	water	Water	47.09200000000000000000	NULL	2025-06-24 04:31:02	2025-06-24 04:31:02
888	Silk	Cambodia	Manufacturing	carbon dioxide	Gas	0.23300000000000000000	NULL	2025-06-24 04:31:02	2025-06-24 04:31:02
889	Silk	Cambodia	Manufacturing	energy	Electricity	4.28700000000000000000	NULL	2025-06-24 04:31:02	2025-06-24 04:31:02
890	Silk	Cambodia	Manufacturing	water	Water	4.21200000000000000000	NULL	2025-06-24 04:31:02	2025-06-24 04:31:02
891	Silk	Cambodia	Raw Material	carbon dioxide	Gas	1.85800000000000000000	NULL	2025-06-24 04:31:02	2025-06-24 04:31:02
892	Silk	Cambodia	Raw Material	energy	Electricity	28.50400000000000000000	NULL	2025-06-24 04:31:02	2025-06-24 04:31:02
893	Silk	Cambodia	Raw Material	water	Water	10494.77800000000000000000	NULL	2025-06-24 04:31:02	2025-06-24 04:31:02
894	Silk	Cambodia	Sampling	carbon dioxide	Gas	0.12000000000000000000	NULL	2025-06-24 04:31:02	2025-06-24 04:31:02
895	Silk	Cambodia	Sampling	energy	Electricity	1.76800000000000000000	NULL	2025-06-24 04:31:02	2025-06-24 04:31:02
896	Silk	Cambodia	Sampling	water	Water	0.43100000000000000000	NULL	2025-06-24 04:31:02	2025-06-24 04:31:02
897	Silk	Cambodia	Spinning	carbon dioxide	Gas	0.64200000000000000000	NULL	2025-06-24 04:31:02	2025-06-24 04:31:02
898	Silk	Cambodia	Spinning	energy	Electricity	6.64100000000000000000	NULL	2025-06-24 04:31:02	2025-06-24 04:31:02
899	Silk	Cambodia	Spinning	water	Water	1.64100000000000000000	NULL	2025-06-24 04:31:02	2025-06-24 04:31:02
900	Silk	Cambodia	Trims	carbon dioxide	Gas	0.10400000000000000000	NULL	2025-06-24 04:31:02	2025-06-24 04:31:02
901	Silk	Cambodia	Trims	energy	Electricity	1.69600000000000000000	NULL	2025-06-24 04:31:02	2025-06-24 04:31:02
902	Silk	Cambodia	Trims	water	Water	0.37000000000000000000	NULL	2025-06-24 04:31:02	2025-06-24 04:31:02
903	Silk	Cambodia	Weaving	carbon dioxide	Gas	0.89600000000000000000	NULL	2025-06-24 04:31:02	2025-06-24 04:31:02
904	Silk	Cambodia	Weaving	energy	Electricity	7.41600000000000000000	NULL	2025-06-24 04:31:02	2025-06-24 04:31:02
905	Silk	Cambodia	Weaving	water	Water	4.13600000000000000000	NULL	2025-06-24 04:31:02	2025-06-24 04:31:02
906	Cotton	Canada	Dyeing	carbon dioxide	Gas	1.76700000000000000000	NULL	2025-06-24 04:31:02	2025-06-24 04:31:02
907	Cotton	Canada	Dyeing	energy	Electricity	15.37300000000000000000	NULL	2025-06-24 04:31:02	2025-06-24 04:31:02
908	Cotton	Canada	Dyeing	water	Water	54.47800000000000000000	NULL	2025-06-24 04:31:02	2025-06-24 04:31:02
909	Cotton	Canada	Manufacturing	carbon dioxide	Gas	0.15900000000000000000	NULL	2025-06-24 04:31:02	2025-06-24 04:31:02
910	Cotton	Canada	Manufacturing	energy	Electricity	3.41300000000000000000	NULL	2025-06-24 04:31:02	2025-06-24 04:31:02
911	Cotton	Canada	Manufacturing	water	Water	5.36200000000000000000	NULL	2025-06-24 04:31:02	2025-06-24 04:31:02
912	Cotton	Canada	Raw Material	carbon dioxide	Gas	1.24800000000000000000	NULL	2025-06-24 04:31:02	2025-06-24 04:31:02
913	Cotton	Canada	Raw Material	energy	Electricity	9.88100000000000000000	NULL	2025-06-24 04:31:02	2025-06-24 04:31:02
914	Cotton	Canada	Raw Material	water	Water	10643.11500000000000000000	NULL	2025-06-24 04:31:02	2025-06-24 04:31:02
915	Cotton	Canada	Sampling	carbon dioxide	Gas	0.07200000000000000000	NULL	2025-06-24 04:31:02	2025-06-24 04:31:02
916	Cotton	Canada	Sampling	energy	Electricity	1.93000000000000000000	NULL	2025-06-24 04:31:02	2025-06-24 04:31:02
917	Cotton	Canada	Sampling	water	Water	0.45300000000000000000	NULL	2025-06-24 04:31:02	2025-06-24 04:31:02
918	Cotton	Canada	Spinning	carbon dioxide	Gas	0.34900000000000000000	NULL	2025-06-24 04:31:02	2025-06-24 04:31:02
919	Cotton	Canada	Spinning	energy	Electricity	6.90300000000000000000	NULL	2025-06-24 04:31:02	2025-06-24 04:31:02
920	Cotton	Canada	Spinning	water	Water	1.56200000000000000000	NULL	2025-06-24 04:31:02	2025-06-24 04:31:02
921	Cotton	Canada	Trims	carbon dioxide	Gas	0.07600000000000000000	NULL	2025-06-24 04:31:02	2025-06-24 04:31:02
922	Cotton	Canada	Trims	energy	Electricity	1.79700000000000000000	NULL	2025-06-24 04:31:02	2025-06-24 04:31:02
923	Cotton	Canada	Trims	water	Water	0.49400000000000000000	NULL	2025-06-24 04:31:02	2025-06-24 04:31:02
924	Cotton	Canada	Weaving	carbon dioxide	Gas	0.61500000000000000000	NULL	2025-06-24 04:31:02	2025-06-24 04:31:02
925	Cotton	Canada	Weaving	energy	Electricity	7.69500000000000000000	NULL	2025-06-24 04:31:02	2025-06-24 04:31:02
926	Cotton	Canada	Weaving	water	Water	4.75100000000000000000	NULL	2025-06-24 04:31:02	2025-06-24 04:31:02
927	Hemp	Canada	Dyeing	carbon dioxide	Gas	1.42200000000000000000	NULL	2025-06-24 04:31:02	2025-06-24 04:31:02
928	Hemp	Canada	Dyeing	energy	Electricity	11.58000000000000000000	NULL	2025-06-24 04:31:02	2025-06-24 04:31:02
929	Hemp	Canada	Dyeing	water	Water	28.08300000000000000000	NULL	2025-06-24 04:31:02	2025-06-24 04:31:02
930	Hemp	Canada	Manufacturing	carbon dioxide	Gas	0.08200000000000000000	NULL	2025-06-24 04:31:02	2025-06-24 04:31:02
931	Hemp	Canada	Manufacturing	energy	Electricity	2.63300000000000000000	NULL	2025-06-24 04:31:02	2025-06-24 04:31:02
932	Hemp	Canada	Manufacturing	water	Water	2.70000000000000000000	NULL	2025-06-24 04:31:02	2025-06-24 04:31:02
933	Hemp	Canada	Raw Material	carbon dioxide	Gas	0.14200000000000000000	NULL	2025-06-24 04:31:02	2025-06-24 04:31:02
934	Hemp	Canada	Raw Material	energy	Electricity	5.12600000000000000000	NULL	2025-06-24 04:31:02	2025-06-24 04:31:02
935	Hemp	Canada	Raw Material	water	Water	474.41000000000000000000	NULL	2025-06-24 04:31:02	2025-06-24 04:31:02
936	Hemp	Canada	Sampling	carbon dioxide	Gas	0.05700000000000000000	NULL	2025-06-24 04:31:02	2025-06-24 04:31:02
937	Hemp	Canada	Sampling	energy	Electricity	0.96200000000000000000	NULL	2025-06-24 04:31:02	2025-06-24 04:31:02
938	Hemp	Canada	Sampling	water	Water	0.25500000000000000000	NULL	2025-06-24 04:31:02	2025-06-24 04:31:02
939	Hemp	Canada	Spinning	carbon dioxide	Gas	0.32000000000000000000	NULL	2025-06-24 04:31:02	2025-06-24 04:31:02
940	Hemp	Canada	Spinning	energy	Electricity	2.95600000000000000000	NULL	2025-06-24 04:31:02	2025-06-24 04:31:02
941	Hemp	Canada	Spinning	water	Water	0.73100000000000000000	NULL	2025-06-24 04:31:02	2025-06-24 04:31:02
942	Hemp	Canada	Trims	carbon dioxide	Gas	0.05300000000000000000	NULL	2025-06-24 04:31:02	2025-06-24 04:31:02
943	Hemp	Canada	Trims	energy	Electricity	0.95600000000000000000	NULL	2025-06-24 04:31:02	2025-06-24 04:31:02
944	Hemp	Canada	Trims	water	Water	0.26600000000000000000	NULL	2025-06-24 04:31:02	2025-06-24 04:31:02
945	Hemp	Canada	Weaving	carbon dioxide	Gas	0.43500000000000000000	NULL	2025-06-24 04:31:02	2025-06-24 04:31:02
946	Hemp	Canada	Weaving	energy	Electricity	3.97400000000000000000	NULL	2025-06-24 04:31:02	2025-06-24 04:31:02
947	Hemp	Canada	Weaving	water	Water	2.68500000000000000000	NULL	2025-06-24 04:31:02	2025-06-24 04:31:02
948	Nylon	Canada	Dyeing	carbon dioxide	Gas	2.42500000000000000000	NULL	2025-06-24 04:31:02	2025-06-24 04:31:02
949	Nylon	Canada	Dyeing	energy	Electricity	20.37400000000000000000	NULL	2025-06-24 04:31:02	2025-06-24 04:31:02
950	Nylon	Canada	Dyeing	water	Water	15.08100000000000000000	NULL	2025-06-24 04:31:02	2025-06-24 04:31:02
951	Nylon	Canada	Manufacturing	carbon dioxide	Gas	0.12200000000000000000	NULL	2025-06-24 04:31:02	2025-06-24 04:31:02
952	Nylon	Canada	Manufacturing	energy	Electricity	3.10700000000000000000	NULL	2025-06-24 04:31:02	2025-06-24 04:31:02
953	Nylon	Canada	Manufacturing	water	Water	1.84600000000000000000	NULL	2025-06-24 04:31:02	2025-06-24 04:31:02
954	Nylon	Canada	Raw Material	carbon dioxide	Gas	3.97100000000000000000	NULL	2025-06-24 04:31:02	2025-06-24 04:31:02
955	Nylon	Canada	Raw Material	energy	Electricity	59.97200000000000000000	NULL	2025-06-24 04:31:02	2025-06-24 04:31:02
956	Nylon	Canada	Raw Material	water	Water	20.51100000000000000000	NULL	2025-06-24 04:31:02	2025-06-24 04:31:02
957	Nylon	Canada	Sampling	carbon dioxide	Gas	0.07300000000000000000	NULL	2025-06-24 04:31:02	2025-06-24 04:31:02
958	Nylon	Canada	Sampling	energy	Electricity	1.02500000000000000000	NULL	2025-06-24 04:31:02	2025-06-24 04:31:02
959	Nylon	Canada	Sampling	water	Water	0.21800000000000000000	NULL	2025-06-24 04:31:02	2025-06-24 04:31:02
960	Nylon	Canada	Spinning	carbon dioxide	Gas	0.68800000000000000000	NULL	2025-06-24 04:31:02	2025-06-24 04:31:02
961	Nylon	Canada	Spinning	energy	Electricity	4.21000000000000000000	NULL	2025-06-24 04:31:02	2025-06-24 04:31:02
962	Nylon	Canada	Spinning	water	Water	0.46800000000000000000	NULL	2025-06-24 04:31:02	2025-06-24 04:31:02
963	Nylon	Canada	Trims	carbon dioxide	Gas	0.06400000000000000000	NULL	2025-06-24 04:31:02	2025-06-24 04:31:02
964	Nylon	Canada	Trims	energy	Electricity	1.10100000000000000000	NULL	2025-06-24 04:31:02	2025-06-24 04:31:02
965	Nylon	Canada	Trims	water	Water	0.19900000000000000000	NULL	2025-06-24 04:31:02	2025-06-24 04:31:02
966	Nylon	Canada	Weaving	carbon dioxide	Gas	0.87000000000000000000	NULL	2025-06-24 04:31:02	2025-06-24 04:31:02
967	Nylon	Canada	Weaving	energy	Electricity	5.88100000000000000000	NULL	2025-06-24 04:31:02	2025-06-24 04:31:02
968	Nylon	Canada	Weaving	water	Water	2.06100000000000000000	NULL	2025-06-24 04:31:02	2025-06-24 04:31:02
969	Polyester	Canada	Dyeing	carbon dioxide	Gas	2.55800000000000000000	NULL	2025-06-24 04:31:02	2025-06-24 04:31:02
970	Polyester	Canada	Dyeing	energy	Electricity	20.40800000000000000000	NULL	2025-06-24 04:31:02	2025-06-24 04:31:02
971	Polyester	Canada	Dyeing	water	Water	10.90600000000000000000	NULL	2025-06-24 04:31:02	2025-06-24 04:31:02
972	Polyester	Canada	Manufacturing	carbon dioxide	Gas	0.11600000000000000000	NULL	2025-06-24 04:31:02	2025-06-24 04:31:02
973	Polyester	Canada	Manufacturing	energy	Electricity	2.89700000000000000000	NULL	2025-06-24 04:31:02	2025-06-24 04:31:02
974	Polyester	Canada	Manufacturing	water	Water	1.93600000000000000000	NULL	2025-06-24 04:31:02	2025-06-24 04:31:02
975	Polyester	Canada	Raw Material	carbon dioxide	Gas	2.10400000000000000000	NULL	2025-06-24 04:31:02	2025-06-24 04:31:02
976	Polyester	Canada	Raw Material	energy	Electricity	66.95800000000000000000	NULL	2025-06-24 04:31:02	2025-06-24 04:31:02
977	Polyester	Canada	Raw Material	water	Water	19.22200000000000000000	NULL	2025-06-24 04:31:02	2025-06-24 04:31:02
978	Polyester	Canada	Sampling	carbon dioxide	Gas	0.05700000000000000000	NULL	2025-06-24 04:31:02	2025-06-24 04:31:02
979	Polyester	Canada	Sampling	energy	Electricity	1.09200000000000000000	NULL	2025-06-24 04:31:02	2025-06-24 04:31:02
980	Polyester	Canada	Sampling	water	Water	0.19400000000000000000	NULL	2025-06-24 04:31:02	2025-06-24 04:31:02
981	Polyester	Canada	Spinning	carbon dioxide	Gas	0.57700000000000000000	NULL	2025-06-24 04:31:02	2025-06-24 04:31:02
982	Polyester	Canada	Spinning	energy	Electricity	3.43500000000000000000	NULL	2025-06-24 04:31:02	2025-06-24 04:31:02
983	Polyester	Canada	Spinning	water	Water	0.46500000000000000000	NULL	2025-06-24 04:31:02	2025-06-24 04:31:02
984	Polyester	Canada	Trims	carbon dioxide	Gas	0.05800000000000000000	NULL	2025-06-24 04:31:02	2025-06-24 04:31:02
985	Polyester	Canada	Trims	energy	Electricity	0.97300000000000000000	NULL	2025-06-24 04:31:02	2025-06-24 04:31:02
986	Polyester	Canada	Trims	water	Water	0.21000000000000000000	NULL	2025-06-24 04:31:02	2025-06-24 04:31:02
987	Polyester	Canada	Weaving	carbon dioxide	Gas	0.69800000000000000000	NULL	2025-06-24 04:31:02	2025-06-24 04:31:02
988	Polyester	Canada	Weaving	energy	Electricity	5.64300000000000000000	NULL	2025-06-24 04:31:02	2025-06-24 04:31:02
989	Polyester	Canada	Weaving	water	Water	1.86100000000000000000	NULL	2025-06-24 04:31:02	2025-06-24 04:31:02
990	Wool	Canada	Dyeing	carbon dioxide	Gas	2.25200000000000000000	NULL	2025-06-24 04:31:02	2025-06-24 04:31:02
991	Wool	Canada	Dyeing	energy	Electricity	16.53600000000000000000	NULL	2025-06-24 04:31:02	2025-06-24 04:31:02
992	Wool	Canada	Dyeing	water	Water	42.37000000000000000000	NULL	2025-06-24 04:31:02	2025-06-24 04:31:02
993	Wool	Canada	Manufacturing	carbon dioxide	Gas	0.13800000000000000000	NULL	2025-06-24 04:31:02	2025-06-24 04:31:02
994	Wool	Canada	Manufacturing	energy	Electricity	2.93500000000000000000	NULL	2025-06-24 04:31:02	2025-06-24 04:31:02
995	Wool	Canada	Manufacturing	water	Water	2.84900000000000000000	NULL	2025-06-24 04:31:02	2025-06-24 04:31:02
996	Wool	Canada	Raw Material	carbon dioxide	Gas	6.59500000000000000000	NULL	2025-06-24 04:31:02	2025-06-24 04:31:02
997	Wool	Canada	Raw Material	energy	Electricity	18.57500000000000000000	NULL	2025-06-24 04:31:02	2025-06-24 04:31:02
998	Wool	Canada	Raw Material	water	Water	720.73800000000000000000	NULL	2025-06-24 04:31:02	2025-06-24 04:31:02
999	Wool	Canada	Sampling	carbon dioxide	Gas	0.07100000000000000000	NULL	2025-06-24 04:31:02	2025-06-24 04:31:02
1000	Wool	Canada	Sampling	energy	Electricity	1.41400000000000000000	NULL	2025-06-24 04:31:02	2025-06-24 04:31:02
1001	Wool	Canada	Sampling	water	Water	0.28200000000000000000	NULL	2025-06-24 04:31:02	2025-06-24 04:31:02
1002	Wool	Canada	Spinning	carbon dioxide	Gas	0.49300000000000000000	NULL	2025-06-24 04:31:02	2025-06-24 04:31:02
1003	Wool	Canada	Spinning	energy	Electricity	4.88400000000000000000	NULL	2025-06-24 04:31:02	2025-06-24 04:31:02
1004	Wool	Canada	Spinning	water	Water	1.08200000000000000000	NULL	2025-06-24 04:31:02	2025-06-24 04:31:02
1005	Wool	Canada	Trims	carbon dioxide	Gas	0.06400000000000000000	NULL	2025-06-24 04:31:02	2025-06-24 04:31:02
1006	Wool	Canada	Trims	energy	Electricity	1.52600000000000000000	NULL	2025-06-24 04:31:02	2025-06-24 04:31:02
1007	Wool	Canada	Trims	water	Water	0.29700000000000000000	NULL	2025-06-24 04:31:02	2025-06-24 04:31:02
1008	Wool	Canada	Weaving	carbon dioxide	Gas	0.62600000000000000000	NULL	2025-06-24 04:31:02	2025-06-24 04:31:02
1009	Wool	Canada	Weaving	energy	Electricity	6.33300000000000000000	NULL	2025-06-24 04:31:02	2025-06-24 04:31:02
1010	Wool	Canada	Weaving	water	Water	2.78100000000000000000	NULL	2025-06-24 04:31:02	2025-06-24 04:31:02
1011	Cotton	China	Dyeing	carbon dioxide	Gas	2.74100000000000000000	NULL	2025-06-24 04:31:02	2025-06-24 04:31:02
1012	Cotton	China	Dyeing	energy	Electricity	16.48300000000000000000	NULL	2025-06-24 04:31:02	2025-06-24 04:31:02
1013	Cotton	China	Dyeing	water	Water	53.07300000000000000000	NULL	2025-06-24 04:31:02	2025-06-24 04:31:02
1014	Cotton	China	Manufacturing	carbon dioxide	Gas	0.23300000000000000000	NULL	2025-06-24 04:31:02	2025-06-24 04:31:02
1015	Cotton	China	Manufacturing	energy	Electricity	3.71400000000000000000	NULL	2025-06-24 04:31:02	2025-06-24 04:31:02
1016	Cotton	China	Manufacturing	water	Water	5.13500000000000000000	NULL	2025-06-24 04:31:02	2025-06-24 04:31:02
1017	Cotton	China	Raw Material	carbon dioxide	Gas	0.07944118400000000000	NULL	2025-06-24 04:31:02	2025-06-24 04:31:02
1018	Cotton	China	Raw Material	energy	Electricity	1.00393916600000000000	NULL	2025-06-24 04:31:02	2025-06-24 04:31:02
1019	Cotton	China	Raw Material	energy	Natural Gas	0.32653297400000000000	NULL	2025-06-24 04:31:02	2025-06-24 04:31:02
1020	Cotton	China	Raw Material	water	Water	0.72445760400000000000	NULL	2025-06-24 04:31:02	2025-06-24 04:31:02
1021	Cotton	China	Sampling	carbon dioxide	Gas	0.10800000000000000000	NULL	2025-06-24 04:31:02	2025-06-24 04:31:02
1022	Cotton	China	Sampling	energy	Electricity	1.76200000000000000000	NULL	2025-06-24 04:31:02	2025-06-24 04:31:02
1023	Cotton	China	Sampling	water	Water	0.53600000000000000000	NULL	2025-06-24 04:31:02	2025-06-24 04:31:02
1024	Cotton	China	Spinning	carbon dioxide	Gas	0.55300000000000000000	NULL	2025-06-24 04:31:02	2025-06-24 04:31:02
1025	Cotton	China	Spinning	energy	Electricity	5.95100000000000000000	NULL	2025-06-24 04:31:02	2025-06-24 04:31:02
1026	Cotton	China	Spinning	water	Water	1.83600000000000000000	NULL	2025-06-24 04:31:02	2025-06-24 04:31:02
1027	Cotton	China	Trims	carbon dioxide	Gas	0.10900000000000000000	NULL	2025-06-24 04:31:02	2025-06-24 04:31:02
1028	Cotton	China	Trims	energy	Electricity	1.74600000000000000000	NULL	2025-06-24 04:31:02	2025-06-24 04:31:02
1029	Cotton	China	Trims	water	Water	0.48300000000000000000	NULL	2025-06-24 04:31:02	2025-06-24 04:31:02
1030	Cotton	China	Weaving	carbon dioxide	Gas	0.94500000000000000000	NULL	2025-06-24 04:31:02	2025-06-24 04:31:02
1031	Cotton	China	Weaving	energy	Electricity	7.68800000000000000000	NULL	2025-06-24 04:31:02	2025-06-24 04:31:02
1032	Cotton	China	Weaving	water	Water	5.25100000000000000000	NULL	2025-06-24 04:31:02	2025-06-24 04:31:02
1033	Hemp	China	Dyeing	carbon dioxide	Gas	2.11700000000000000000	NULL	2025-06-24 04:31:02	2025-06-24 04:31:02
1034	Hemp	China	Dyeing	energy	Electricity	12.71300000000000000000	NULL	2025-06-24 04:31:02	2025-06-24 04:31:02
1035	Hemp	China	Dyeing	water	Water	28.50600000000000000000	NULL	2025-06-24 04:31:02	2025-06-24 04:31:02
1036	Hemp	China	Manufacturing	carbon dioxide	Gas	0.12000000000000000000	NULL	2025-06-24 04:31:02	2025-06-24 04:31:02
1037	Hemp	China	Manufacturing	energy	Electricity	2.60800000000000000000	NULL	2025-06-24 04:31:02	2025-06-24 04:31:02
1038	Hemp	China	Manufacturing	water	Water	2.67700000000000000000	NULL	2025-06-24 04:31:02	2025-06-24 04:31:02
1039	Hemp	China	Raw Material	carbon dioxide	Gas	0.03405600000000000000	NULL	2025-06-24 04:31:02	2025-06-24 04:31:02
1040	Hemp	China	Raw Material	energy	Electricity	0.75504000000000000000	NULL	2025-06-24 04:31:02	2025-06-24 04:31:02
1041	Hemp	China	Raw Material	water	Water	477.02400000000000000000	NULL	2025-06-24 04:31:02	2025-06-24 04:31:02
1042	Hemp	China	Sampling	carbon dioxide	Gas	0.07700000000000000000	NULL	2025-06-24 04:31:02	2025-06-24 04:31:02
1043	Hemp	China	Sampling	energy	Electricity	0.86600000000000000000	NULL	2025-06-24 04:31:02	2025-06-24 04:31:02
1044	Hemp	China	Sampling	water	Water	0.26500000000000000000	NULL	2025-06-24 04:31:02	2025-06-24 04:31:02
1045	Hemp	China	Spinning	carbon dioxide	Gas	0.44400000000000000000	NULL	2025-06-24 04:31:02	2025-06-24 04:31:02
1046	Hemp	China	Spinning	energy	Electricity	3.14400000000000000000	NULL	2025-06-24 04:31:02	2025-06-24 04:31:02
1047	Hemp	China	Spinning	water	Water	0.73600000000000000000	NULL	2025-06-24 04:31:02	2025-06-24 04:31:02
1048	Hemp	China	Trims	carbon dioxide	Gas	0.08100000000000000000	NULL	2025-06-24 04:31:02	2025-06-24 04:31:02
1049	Hemp	China	Trims	energy	Electricity	0.92000000000000000000	NULL	2025-06-24 04:31:02	2025-06-24 04:31:02
1050	Hemp	China	Trims	water	Water	0.26700000000000000000	NULL	2025-06-24 04:31:02	2025-06-24 04:31:02
1051	Hemp	China	Weaving	carbon dioxide	Gas	0.60900000000000000000	NULL	2025-06-24 04:31:02	2025-06-24 04:31:02
1052	Hemp	China	Weaving	energy	Electricity	4.22000000000000000000	NULL	2025-06-24 04:31:02	2025-06-24 04:31:02
1053	Hemp	China	Weaving	water	Water	2.41300000000000000000	NULL	2025-06-24 04:31:02	2025-06-24 04:31:02
1054	Nylon	China	Dyeing	carbon dioxide	Gas	3.98600000000000000000	NULL	2025-06-24 04:31:02	2025-06-24 04:31:02
1055	Nylon	China	Dyeing	energy	Electricity	18.11500000000000000000	NULL	2025-06-24 04:31:02	2025-06-24 04:31:02
1056	Nylon	China	Dyeing	water	Water	14.97200000000000000000	NULL	2025-06-24 04:31:02	2025-06-24 04:31:02
1057	Nylon	China	Manufacturing	carbon dioxide	Gas	0.22700000000000000000	NULL	2025-06-24 04:31:02	2025-06-24 04:31:02
1058	Nylon	China	Manufacturing	energy	Electricity	2.97300000000000000000	NULL	2025-06-24 04:31:02	2025-06-24 04:31:02
1059	Nylon	China	Manufacturing	water	Water	2.04200000000000000000	NULL	2025-06-24 04:31:02	2025-06-24 04:31:02
1060	Nylon	China	Raw Material	carbon dioxide	Gas	6.62000000000000000000	NULL	2025-06-24 04:31:02	2025-06-24 04:31:02
1061	Nylon	China	Raw Material	energy	Electricity	56.42500000000000000000	NULL	2025-06-24 04:31:02	2025-06-24 04:31:02
1062	Nylon	China	Raw Material	water	Water	18.27000000000000000000	NULL	2025-06-24 04:31:02	2025-06-24 04:31:02
1063	Nylon	China	Sampling	carbon dioxide	Gas	0.12800000000000000000	NULL	2025-06-24 04:31:02	2025-06-24 04:31:02
1064	Nylon	China	Sampling	energy	Electricity	1.03300000000000000000	NULL	2025-06-24 04:31:02	2025-06-24 04:31:02
1065	Nylon	China	Sampling	water	Water	0.21000000000000000000	NULL	2025-06-24 04:31:02	2025-06-24 04:31:02
1066	Nylon	China	Spinning	carbon dioxide	Gas	1.28000000000000000000	NULL	2025-06-24 04:31:02	2025-06-24 04:31:02
1067	Nylon	China	Spinning	energy	Electricity	4.30900000000000000000	NULL	2025-06-24 04:31:02	2025-06-24 04:31:02
1068	Nylon	China	Spinning	water	Water	0.51400000000000000000	NULL	2025-06-24 04:31:02	2025-06-24 04:31:02
1069	Nylon	China	Trims	carbon dioxide	Gas	0.12300000000000000000	NULL	2025-06-24 04:31:02	2025-06-24 04:31:02
1070	Nylon	China	Trims	energy	Electricity	1.09900000000000000000	NULL	2025-06-24 04:31:02	2025-06-24 04:31:02
1071	Nylon	China	Trims	water	Water	0.19900000000000000000	NULL	2025-06-24 04:31:02	2025-06-24 04:31:02
1072	Nylon	China	Weaving	carbon dioxide	Gas	1.43400000000000000000	NULL	2025-06-24 04:31:02	2025-06-24 04:31:02
1073	Nylon	China	Weaving	energy	Electricity	6.02200000000000000000	NULL	2025-06-24 04:31:02	2025-06-24 04:31:02
1074	Nylon	China	Weaving	water	Water	1.82800000000000000000	NULL	2025-06-24 04:31:02	2025-06-24 04:31:02
1075	Polyester	China	Dyeing	carbon dioxide	Gas	3.73600000000000000000	NULL	2025-06-24 04:31:02	2025-06-24 04:31:02
1076	Polyester	China	Dyeing	energy	Electricity	19.72200000000000000000	NULL	2025-06-24 04:31:02	2025-06-24 04:31:02
1077	Polyester	China	Dyeing	water	Water	10.06200000000000000000	NULL	2025-06-24 04:31:02	2025-06-24 04:31:02
1078	Polyester	China	Manufacturing	carbon dioxide	Gas	0.17400000000000000000	NULL	2025-06-24 04:31:02	2025-06-24 04:31:02
1079	Polyester	China	Manufacturing	energy	Electricity	2.99600000000000000000	NULL	2025-06-24 04:31:02	2025-06-24 04:31:02
1080	Polyester	China	Manufacturing	water	Water	1.86600000000000000000	NULL	2025-06-24 04:31:02	2025-06-24 04:31:02
1081	Polyester	China	Raw Material	carbon dioxide	Gas	3.13200000000000000000	NULL	2025-06-24 04:31:02	2025-06-24 04:31:02
1082	Polyester	China	Raw Material	energy	Electricity	70.44300000000000000000	NULL	2025-06-24 04:31:02	2025-06-24 04:31:02
1083	Polyester	China	Raw Material	water	Water	19.29600000000000000000	NULL	2025-06-24 04:31:02	2025-06-24 04:31:02
1084	Polyester	China	Sampling	carbon dioxide	Gas	0.08400000000000000000	NULL	2025-06-24 04:31:02	2025-06-24 04:31:02
1085	Polyester	China	Sampling	energy	Electricity	1.16300000000000000000	NULL	2025-06-24 04:31:02	2025-06-24 04:31:02
1086	Polyester	China	Sampling	water	Water	0.22000000000000000000	NULL	2025-06-24 04:31:02	2025-06-24 04:31:02
1087	Polyester	China	Spinning	carbon dioxide	Gas	0.87200000000000000000	NULL	2025-06-24 04:31:02	2025-06-24 04:31:02
1088	Polyester	China	Spinning	energy	Electricity	3.54800000000000000000	NULL	2025-06-24 04:31:02	2025-06-24 04:31:02
1089	Polyester	China	Spinning	water	Water	0.54000000000000000000	NULL	2025-06-24 04:31:02	2025-06-24 04:31:02
1090	Polyester	China	Trims	carbon dioxide	Gas	0.08100000000000000000	NULL	2025-06-24 04:31:02	2025-06-24 04:31:02
1091	Polyester	China	Trims	energy	Electricity	1.00700000000000000000	NULL	2025-06-24 04:31:02	2025-06-24 04:31:02
1092	Polyester	China	Trims	water	Water	0.19000000000000000000	NULL	2025-06-24 04:31:02	2025-06-24 04:31:02
1093	Polyester	China	Weaving	carbon dioxide	Gas	1.03200000000000000000	NULL	2025-06-24 04:31:02	2025-06-24 04:31:02
1094	Polyester	China	Weaving	energy	Electricity	4.97700000000000000000	NULL	2025-06-24 04:31:02	2025-06-24 04:31:02
1095	Polyester	China	Weaving	water	Water	2.17900000000000000000	NULL	2025-06-24 04:31:02	2025-06-24 04:31:02
1096	Silk	China	Dyeing	carbon dioxide	Gas	2.97000000000000000000	NULL	2025-06-24 04:31:02	2025-06-24 04:31:02
1097	Silk	China	Dyeing	energy	Electricity	18.80400000000000000000	NULL	2025-06-24 04:31:02	2025-06-24 04:31:02
1098	Silk	China	Dyeing	water	Water	41.15200000000000000000	NULL	2025-06-24 04:31:02	2025-06-24 04:31:02
1099	Silk	China	Manufacturing	carbon dioxide	Gas	0.22400000000000000000	NULL	2025-06-24 04:31:02	2025-06-24 04:31:02
1100	Silk	China	Manufacturing	energy	Electricity	4.14000000000000000000	NULL	2025-06-24 04:31:02	2025-06-24 04:31:02
1101	Silk	China	Manufacturing	water	Water	3.76300000000000000000	NULL	2025-06-24 04:31:02	2025-06-24 04:31:02
1102	Silk	China	Raw Material	carbon dioxide	Gas	19.84600000000000000000	NULL	2025-06-24 04:31:02	2025-06-24 04:31:02
1103	Silk	China	Raw Material	energy	Electricity	31.44900000000000000000	NULL	2025-06-24 04:31:02	2025-06-24 04:31:02
1104	Silk	China	Raw Material	water	Water	10585.53500000000000000000	NULL	2025-06-24 04:31:02	2025-06-24 04:31:02
1105	Silk	China	Sampling	carbon dioxide	Gas	0.10900000000000000000	NULL	2025-06-24 04:31:02	2025-06-24 04:31:02
1106	Silk	China	Sampling	energy	Electricity	1.53900000000000000000	NULL	2025-06-24 04:31:02	2025-06-24 04:31:02
1107	Silk	China	Sampling	water	Water	0.38600000000000000000	NULL	2025-06-24 04:31:02	2025-06-24 04:31:02
1108	Silk	China	Spinning	carbon dioxide	Gas	0.70000000000000000000	NULL	2025-06-24 04:31:02	2025-06-24 04:31:02
1109	Silk	China	Spinning	energy	Electricity	6.92200000000000000000	NULL	2025-06-24 04:31:02	2025-06-24 04:31:02
1110	Silk	China	Spinning	water	Water	1.37300000000000000000	NULL	2025-06-24 04:31:02	2025-06-24 04:31:02
1111	Silk	China	Trims	carbon dioxide	Gas	0.10000000000000000000	NULL	2025-06-24 04:31:02	2025-06-24 04:31:02
1112	Silk	China	Trims	energy	Electricity	1.59200000000000000000	NULL	2025-06-24 04:31:02	2025-06-24 04:31:02
1113	Silk	China	Trims	water	Water	0.39500000000000000000	NULL	2025-06-24 04:31:02	2025-06-24 04:31:02
1114	Silk	China	Weaving	carbon dioxide	Gas	0.93000000000000000000	NULL	2025-06-24 04:31:02	2025-06-24 04:31:02
1115	Silk	China	Weaving	energy	Electricity	8.19700000000000000000	NULL	2025-06-24 04:31:02	2025-06-24 04:31:02
1116	Silk	China	Weaving	water	Water	4.31700000000000000000	NULL	2025-06-24 04:31:02	2025-06-24 04:31:02
1117	Viscose	China	Dyeing	carbon dioxide	Gas	3.54400000000000000000	NULL	2025-06-24 04:31:02	2025-06-24 04:31:02
1118	Viscose	China	Dyeing	energy	Electricity	14.51100000000000000000	NULL	2025-06-24 04:31:02	2025-06-24 04:31:02
1119	Viscose	China	Dyeing	water	Water	33.91900000000000000000	NULL	2025-06-24 04:31:02	2025-06-24 04:31:02
1120	Viscose	China	Manufacturing	carbon dioxide	Gas	0.19100000000000000000	NULL	2025-06-24 04:31:02	2025-06-24 04:31:02
1121	Viscose	China	Manufacturing	energy	Electricity	2.86200000000000000000	NULL	2025-06-24 04:31:02	2025-06-24 04:31:02
1122	Viscose	China	Manufacturing	water	Water	2.96900000000000000000	NULL	2025-06-24 04:31:02	2025-06-24 04:31:02
1123	Viscose	China	Raw Material	carbon dioxide	Gas	2.65000000000000000000	NULL	2025-06-24 04:31:02	2025-06-24 04:31:02
1124	Viscose	China	Raw Material	energy	Electricity	37.23800000000000000000	NULL	2025-06-24 04:31:02	2025-06-24 04:31:02
1125	Viscose	China	Raw Material	water	Water	106.01200000000000000000	NULL	2025-06-24 04:31:02	2025-06-24 04:31:02
1126	Viscose	China	Sampling	carbon dioxide	Gas	0.09600000000000000000	NULL	2025-06-24 04:31:02	2025-06-24 04:31:02
1127	Viscose	China	Sampling	energy	Electricity	1.37200000000000000000	NULL	2025-06-24 04:31:02	2025-06-24 04:31:02
1128	Viscose	China	Sampling	water	Water	0.31800000000000000000	NULL	2025-06-24 04:31:02	2025-06-24 04:31:02
1129	Viscose	China	Spinning	carbon dioxide	Gas	0.85600000000000000000	NULL	2025-06-24 04:31:02	2025-06-24 04:31:02
1130	Viscose	China	Spinning	energy	Electricity	3.52700000000000000000	NULL	2025-06-24 04:31:02	2025-06-24 04:31:02
1131	Viscose	China	Spinning	water	Water	1.06100000000000000000	NULL	2025-06-24 04:31:02	2025-06-24 04:31:02
1132	Viscose	China	Trims	carbon dioxide	Gas	0.10400000000000000000	NULL	2025-06-24 04:31:02	2025-06-24 04:31:02
1133	Viscose	China	Trims	energy	Electricity	1.21900000000000000000	NULL	2025-06-24 04:31:02	2025-06-24 04:31:02
1134	Viscose	China	Trims	water	Water	0.30100000000000000000	NULL	2025-06-24 04:31:02	2025-06-24 04:31:02
1135	Viscose	China	Weaving	carbon dioxide	Gas	1.17400000000000000000	NULL	2025-06-24 04:31:02	2025-06-24 04:31:02
1136	Viscose	China	Weaving	energy	Electricity	5.14600000000000000000	NULL	2025-06-24 04:31:02	2025-06-24 04:31:02
1137	Viscose	China	Weaving	water	Water	2.70200000000000000000	NULL	2025-06-24 04:31:02	2025-06-24 04:31:02
1138	Wool	China	Dyeing	carbon dioxide	Gas	3.19800000000000000000	NULL	2025-06-24 04:31:02	2025-06-24 04:31:02
1139	Wool	China	Dyeing	energy	Electricity	18.55800000000000000000	NULL	2025-06-24 04:31:02	2025-06-24 04:31:02
1140	Wool	China	Dyeing	water	Water	36.41800000000000000000	NULL	2025-06-24 04:31:02	2025-06-24 04:31:02
1141	Wool	China	Manufacturing	carbon dioxide	Gas	0.18000000000000000000	NULL	2025-06-24 04:31:02	2025-06-24 04:31:02
1142	Wool	China	Manufacturing	energy	Electricity	3.09200000000000000000	NULL	2025-06-24 04:31:02	2025-06-24 04:31:02
1143	Wool	China	Manufacturing	water	Water	3.01800000000000000000	NULL	2025-06-24 04:31:02	2025-06-24 04:31:02
1144	Wool	China	Raw Material	carbon dioxide	Gas	86.68900000000000000000	NULL	2025-06-24 04:31:02	2025-06-24 04:31:02
1145	Wool	China	Raw Material	energy	Electricity	18.94600000000000000000	NULL	2025-06-24 04:31:02	2025-06-24 04:31:02
1146	Wool	China	Raw Material	water	Water	757.13600000000000000000	NULL	2025-06-24 04:31:02	2025-06-24 04:31:02
1147	Wool	China	Sampling	carbon dioxide	Gas	0.09900000000000000000	NULL	2025-06-24 04:31:02	2025-06-24 04:31:02
1148	Wool	China	Sampling	energy	Electricity	1.58200000000000000000	NULL	2025-06-24 04:31:02	2025-06-24 04:31:02
1149	Wool	China	Sampling	water	Water	0.30400000000000000000	NULL	2025-06-24 04:31:02	2025-06-24 04:31:02
1150	Wool	China	Spinning	carbon dioxide	Gas	0.80000000000000000000	NULL	2025-06-24 04:31:02	2025-06-24 04:31:02
1151	Wool	China	Spinning	energy	Electricity	4.89300000000000000000	NULL	2025-06-24 04:31:02	2025-06-24 04:31:02
1152	Wool	China	Spinning	water	Water	1.07100000000000000000	NULL	2025-06-24 04:31:02	2025-06-24 04:31:02
1153	Wool	China	Trims	carbon dioxide	Gas	0.10300000000000000000	NULL	2025-06-24 04:31:02	2025-06-24 04:31:02
1154	Wool	China	Trims	energy	Electricity	1.54800000000000000000	NULL	2025-06-24 04:31:02	2025-06-24 04:31:02
1155	Wool	China	Trims	water	Water	0.31900000000000000000	NULL	2025-06-24 04:31:02	2025-06-24 04:31:02
1156	Wool	China	Weaving	carbon dioxide	Gas	0.98200000000000000000	NULL	2025-06-24 04:31:02	2025-06-24 04:31:02
1157	Wool	China	Weaving	energy	Electricity	5.94800000000000000000	NULL	2025-06-24 04:31:02	2025-06-24 04:31:02
1158	Wool	China	Weaving	water	Water	3.08800000000000000000	NULL	2025-06-24 04:31:02	2025-06-24 04:31:02
1159	Cotton	Colombia	Dyeing	carbon dioxide	Gas	2.39100000000000000000	NULL	2025-06-24 04:31:02	2025-06-24 04:31:02
1160	Cotton	Colombia	Dyeing	energy	Electricity	17.23100000000000000000	NULL	2025-06-24 04:31:02	2025-06-24 04:31:02
1161	Cotton	Colombia	Dyeing	water	Water	53.59700000000000000000	NULL	2025-06-24 04:31:02	2025-06-24 04:31:02
1162	Cotton	Colombia	Manufacturing	carbon dioxide	Gas	0.16400000000000000000	NULL	2025-06-24 04:31:02	2025-06-24 04:31:02
1163	Cotton	Colombia	Manufacturing	energy	Electricity	3.66100000000000000000	NULL	2025-06-24 04:31:02	2025-06-24 04:31:02
1164	Cotton	Colombia	Manufacturing	water	Water	4.97300000000000000000	NULL	2025-06-24 04:31:02	2025-06-24 04:31:02
1165	Cotton	Colombia	Raw Material	carbon dioxide	Gas	1.43400000000000000000	NULL	2025-06-24 04:31:02	2025-06-24 04:31:02
1166	Cotton	Colombia	Raw Material	energy	Electricity	9.73000000000000000000	NULL	2025-06-24 04:31:02	2025-06-24 04:31:02
1167	Cotton	Colombia	Raw Material	water	Water	10729.58400000000000000000	NULL	2025-06-24 04:31:02	2025-06-24 04:31:02
1168	Cotton	Colombia	Sampling	carbon dioxide	Gas	0.08900000000000000000	NULL	2025-06-24 04:31:02	2025-06-24 04:31:02
1169	Cotton	Colombia	Sampling	energy	Electricity	1.71800000000000000000	NULL	2025-06-24 04:31:02	2025-06-24 04:31:02
1170	Cotton	Colombia	Sampling	water	Water	0.49600000000000000000	NULL	2025-06-24 04:31:02	2025-06-24 04:31:02
1171	Cotton	Colombia	Spinning	carbon dioxide	Gas	0.42100000000000000000	NULL	2025-06-24 04:31:02	2025-06-24 04:31:02
1172	Cotton	Colombia	Spinning	energy	Electricity	6.30300000000000000000	NULL	2025-06-24 04:31:02	2025-06-24 04:31:02
1173	Cotton	Colombia	Spinning	water	Water	1.69900000000000000000	NULL	2025-06-24 04:31:02	2025-06-24 04:31:02
1174	Cotton	Colombia	Trims	carbon dioxide	Gas	0.09200000000000000000	NULL	2025-06-24 04:31:02	2025-06-24 04:31:02
1175	Cotton	Colombia	Trims	energy	Electricity	1.79700000000000000000	NULL	2025-06-24 04:31:02	2025-06-24 04:31:02
1176	Cotton	Colombia	Trims	water	Water	0.51700000000000000000	NULL	2025-06-24 04:31:02	2025-06-24 04:31:02
1177	Cotton	Colombia	Weaving	carbon dioxide	Gas	0.68000000000000000000	NULL	2025-06-24 04:31:02	2025-06-24 04:31:02
1178	Cotton	Colombia	Weaving	energy	Electricity	7.33200000000000000000	NULL	2025-06-24 04:31:02	2025-06-24 04:31:02
1179	Cotton	Colombia	Weaving	water	Water	4.89200000000000000000	NULL	2025-06-24 04:31:02	2025-06-24 04:31:02
1180	Hemp	Colombia	Dyeing	carbon dioxide	Gas	1.97900000000000000000	NULL	2025-06-24 04:31:02	2025-06-24 04:31:02
1181	Hemp	Colombia	Dyeing	energy	Electricity	12.38400000000000000000	NULL	2025-06-24 04:31:02	2025-06-24 04:31:02
1182	Hemp	Colombia	Dyeing	water	Water	31.28500000000000000000	NULL	2025-06-24 04:31:02	2025-06-24 04:31:02
1183	Hemp	Colombia	Manufacturing	carbon dioxide	Gas	0.10400000000000000000	NULL	2025-06-24 04:31:02	2025-06-24 04:31:02
1184	Hemp	Colombia	Manufacturing	energy	Electricity	2.65000000000000000000	NULL	2025-06-24 04:31:02	2025-06-24 04:31:02
1185	Hemp	Colombia	Manufacturing	water	Water	2.50900000000000000000	NULL	2025-06-24 04:31:02	2025-06-24 04:31:02
1186	Hemp	Colombia	Raw Material	carbon dioxide	Gas	0.17600000000000000000	NULL	2025-06-24 04:31:02	2025-06-24 04:31:02
1187	Hemp	Colombia	Raw Material	energy	Electricity	4.95800000000000000000	NULL	2025-06-24 04:31:02	2025-06-24 04:31:02
1188	Hemp	Colombia	Raw Material	water	Water	500.98000000000000000000	NULL	2025-06-24 04:31:02	2025-06-24 04:31:02
1189	Hemp	Colombia	Sampling	carbon dioxide	Gas	0.06300000000000000000	NULL	2025-06-24 04:31:02	2025-06-24 04:31:02
1190	Hemp	Colombia	Sampling	energy	Electricity	0.86300000000000000000	NULL	2025-06-24 04:31:02	2025-06-24 04:31:02
1191	Hemp	Colombia	Sampling	water	Water	0.25900000000000000000	NULL	2025-06-24 04:31:02	2025-06-24 04:31:02
1192	Hemp	Colombia	Spinning	carbon dioxide	Gas	0.37300000000000000000	NULL	2025-06-24 04:31:02	2025-06-24 04:31:02
1193	Hemp	Colombia	Spinning	energy	Electricity	2.80900000000000000000	NULL	2025-06-24 04:31:02	2025-06-24 04:31:02
1194	Hemp	Colombia	Spinning	water	Water	0.75100000000000000000	NULL	2025-06-24 04:31:02	2025-06-24 04:31:02
1195	Hemp	Colombia	Trims	carbon dioxide	Gas	0.06300000000000000000	NULL	2025-06-24 04:31:02	2025-06-24 04:31:02
1196	Hemp	Colombia	Trims	energy	Electricity	0.94000000000000000000	NULL	2025-06-24 04:31:02	2025-06-24 04:31:02
1197	Hemp	Colombia	Trims	water	Water	0.25300000000000000000	NULL	2025-06-24 04:31:02	2025-06-24 04:31:02
1198	Hemp	Colombia	Weaving	carbon dioxide	Gas	0.53000000000000000000	NULL	2025-06-24 04:31:02	2025-06-24 04:31:02
1199	Hemp	Colombia	Weaving	energy	Electricity	4.66800000000000000000	NULL	2025-06-24 04:31:02	2025-06-24 04:31:02
1200	Hemp	Colombia	Weaving	water	Water	2.41300000000000000000	NULL	2025-06-24 04:31:02	2025-06-24 04:31:02
1201	Nylon	Colombia	Dyeing	carbon dioxide	Gas	2.62000000000000000000	NULL	2025-06-24 04:31:02	2025-06-24 04:31:02
1202	Nylon	Colombia	Dyeing	energy	Electricity	19.53700000000000000000	NULL	2025-06-24 04:31:02	2025-06-24 04:31:02
1203	Nylon	Colombia	Dyeing	water	Water	15.47900000000000000000	NULL	2025-06-24 04:31:02	2025-06-24 04:31:02
1204	Nylon	Colombia	Manufacturing	carbon dioxide	Gas	0.15700000000000000000	NULL	2025-06-24 04:31:02	2025-06-24 04:31:02
1205	Nylon	Colombia	Manufacturing	energy	Electricity	3.24600000000000000000	NULL	2025-06-24 04:31:02	2025-06-24 04:31:02
1206	Nylon	Colombia	Manufacturing	water	Water	1.93900000000000000000	NULL	2025-06-24 04:31:02	2025-06-24 04:31:02
1207	Nylon	Colombia	Raw Material	carbon dioxide	Gas	4.40700000000000000000	NULL	2025-06-24 04:31:02	2025-06-24 04:31:02
1208	Nylon	Colombia	Raw Material	energy	Electricity	62.98400000000000000000	NULL	2025-06-24 04:31:02	2025-06-24 04:31:02
1209	Nylon	Colombia	Raw Material	water	Water	20.00700000000000000000	NULL	2025-06-24 04:31:02	2025-06-24 04:31:02
1210	Nylon	Colombia	Sampling	carbon dioxide	Gas	0.07900000000000000000	NULL	2025-06-24 04:31:02	2025-06-24 04:31:02
1211	Nylon	Colombia	Sampling	energy	Electricity	1.05500000000000000000	NULL	2025-06-24 04:31:02	2025-06-24 04:31:02
1212	Nylon	Colombia	Sampling	water	Water	0.20000000000000000000	NULL	2025-06-24 04:31:02	2025-06-24 04:31:02
1213	Nylon	Colombia	Spinning	carbon dioxide	Gas	0.77800000000000000000	NULL	2025-06-24 04:31:02	2025-06-24 04:31:02
1214	Nylon	Colombia	Spinning	energy	Electricity	4.47600000000000000000	NULL	2025-06-24 04:31:02	2025-06-24 04:31:02
1215	Nylon	Colombia	Spinning	water	Water	0.49100000000000000000	NULL	2025-06-24 04:31:02	2025-06-24 04:31:02
1216	Nylon	Colombia	Trims	carbon dioxide	Gas	0.08300000000000000000	NULL	2025-06-24 04:31:02	2025-06-24 04:31:02
1217	Nylon	Colombia	Trims	energy	Electricity	1.05700000000000000000	NULL	2025-06-24 04:31:02	2025-06-24 04:31:02
1218	Nylon	Colombia	Trims	water	Water	0.19700000000000000000	NULL	2025-06-24 04:31:02	2025-06-24 04:31:02
1219	Nylon	Colombia	Weaving	carbon dioxide	Gas	1.02800000000000000000	NULL	2025-06-24 04:31:02	2025-06-24 04:31:02
1220	Nylon	Colombia	Weaving	energy	Electricity	5.71100000000000000000	NULL	2025-06-24 04:31:02	2025-06-24 04:31:02
1221	Nylon	Colombia	Weaving	water	Water	2.01400000000000000000	NULL	2025-06-24 04:31:02	2025-06-24 04:31:02
1222	Polyester	Colombia	Dyeing	carbon dioxide	Gas	2.83600000000000000000	NULL	2025-06-24 04:31:02	2025-06-24 04:31:02
1223	Polyester	Colombia	Dyeing	energy	Electricity	21.67400000000000000000	NULL	2025-06-24 04:31:02	2025-06-24 04:31:02
1224	Polyester	Colombia	Dyeing	water	Water	9.83700000000000000000	NULL	2025-06-24 04:31:02	2025-06-24 04:31:02
1225	Polyester	Colombia	Manufacturing	carbon dioxide	Gas	0.12800000000000000000	NULL	2025-06-24 04:31:02	2025-06-24 04:31:02
1226	Polyester	Colombia	Manufacturing	energy	Electricity	2.91700000000000000000	NULL	2025-06-24 04:31:02	2025-06-24 04:31:02
1227	Polyester	Colombia	Manufacturing	water	Water	1.91500000000000000000	NULL	2025-06-24 04:31:02	2025-06-24 04:31:02
1228	Polyester	Colombia	Raw Material	carbon dioxide	Gas	2.77700000000000000000	NULL	2025-06-24 04:31:02	2025-06-24 04:31:02
1229	Polyester	Colombia	Raw Material	energy	Electricity	75.26700000000000000000	NULL	2025-06-24 04:31:02	2025-06-24 04:31:02
1230	Polyester	Colombia	Raw Material	water	Water	18.43900000000000000000	NULL	2025-06-24 04:31:02	2025-06-24 04:31:02
1231	Polyester	Colombia	Sampling	carbon dioxide	Gas	0.07000000000000000000	NULL	2025-06-24 04:31:02	2025-06-24 04:31:02
1232	Polyester	Colombia	Sampling	energy	Electricity	1.14800000000000000000	NULL	2025-06-24 04:31:02	2025-06-24 04:31:02
1233	Polyester	Colombia	Sampling	water	Water	0.20100000000000000000	NULL	2025-06-24 04:31:02	2025-06-24 04:31:02
1234	Polyester	Colombia	Spinning	carbon dioxide	Gas	0.76800000000000000000	NULL	2025-06-24 04:31:02	2025-06-24 04:31:02
1235	Polyester	Colombia	Spinning	energy	Electricity	3.55900000000000000000	NULL	2025-06-24 04:31:02	2025-06-24 04:31:02
1236	Polyester	Colombia	Spinning	water	Water	0.46100000000000000000	NULL	2025-06-24 04:31:02	2025-06-24 04:31:02
1237	Polyester	Colombia	Trims	carbon dioxide	Gas	0.07700000000000000000	NULL	2025-06-24 04:31:02	2025-06-24 04:31:02
1238	Polyester	Colombia	Trims	energy	Electricity	1.13100000000000000000	NULL	2025-06-24 04:31:02	2025-06-24 04:31:02
1239	Polyester	Colombia	Trims	water	Water	0.18400000000000000000	NULL	2025-06-24 04:31:02	2025-06-24 04:31:02
1240	Polyester	Colombia	Weaving	carbon dioxide	Gas	0.98000000000000000000	NULL	2025-06-24 04:31:02	2025-06-24 04:31:02
1241	Polyester	Colombia	Weaving	energy	Electricity	5.45200000000000000000	NULL	2025-06-24 04:31:02	2025-06-24 04:31:02
1242	Polyester	Colombia	Weaving	water	Water	1.96600000000000000000	NULL	2025-06-24 04:31:02	2025-06-24 04:31:02
1243	Wool	Colombia	Dyeing	carbon dioxide	Gas	2.85700000000000000000	NULL	2025-06-24 04:31:02	2025-06-24 04:31:02
1244	Wool	Colombia	Dyeing	energy	Electricity	17.86200000000000000000	NULL	2025-06-24 04:31:02	2025-06-24 04:31:02
1245	Wool	Colombia	Dyeing	water	Water	41.30900000000000000000	NULL	2025-06-24 04:31:02	2025-06-24 04:31:02
1246	Wool	Colombia	Manufacturing	carbon dioxide	Gas	0.15300000000000000000	NULL	2025-06-24 04:31:02	2025-06-24 04:31:02
1247	Wool	Colombia	Manufacturing	energy	Electricity	2.98700000000000000000	NULL	2025-06-24 04:31:02	2025-06-24 04:31:02
1248	Wool	Colombia	Manufacturing	water	Water	3.15700000000000000000	NULL	2025-06-24 04:31:02	2025-06-24 04:31:02
1249	Wool	Colombia	Raw Material	carbon dioxide	Gas	7.86000000000000000000	NULL	2025-06-24 04:31:02	2025-06-24 04:31:02
1250	Wool	Colombia	Raw Material	energy	Electricity	21.36800000000000000000	NULL	2025-06-24 04:31:02	2025-06-24 04:31:02
1251	Wool	Colombia	Raw Material	water	Water	758.72800000000000000000	NULL	2025-06-24 04:31:02	2025-06-24 04:31:02
1252	Wool	Colombia	Sampling	carbon dioxide	Gas	0.07400000000000000000	NULL	2025-06-24 04:31:02	2025-06-24 04:31:02
1253	Wool	Colombia	Sampling	energy	Electricity	1.44500000000000000000	NULL	2025-06-24 04:31:02	2025-06-24 04:31:02
1254	Wool	Colombia	Sampling	water	Water	0.29200000000000000000	NULL	2025-06-24 04:31:02	2025-06-24 04:31:02
1255	Wool	Colombia	Spinning	carbon dioxide	Gas	0.58200000000000000000	NULL	2025-06-24 04:31:02	2025-06-24 04:31:02
1256	Wool	Colombia	Spinning	energy	Electricity	5.19200000000000000000	NULL	2025-06-24 04:31:02	2025-06-24 04:31:02
1257	Wool	Colombia	Spinning	water	Water	0.98200000000000000000	NULL	2025-06-24 04:31:02	2025-06-24 04:31:02
1258	Wool	Colombia	Trims	carbon dioxide	Gas	0.08000000000000000000	NULL	2025-06-24 04:31:02	2025-06-24 04:31:02
1259	Wool	Colombia	Trims	energy	Electricity	1.49600000000000000000	NULL	2025-06-24 04:31:02	2025-06-24 04:31:02
1260	Wool	Colombia	Trims	water	Water	0.32500000000000000000	NULL	2025-06-24 04:31:02	2025-06-24 04:31:02
1261	Wool	Colombia	Weaving	carbon dioxide	Gas	0.82800000000000000000	NULL	2025-06-24 04:31:02	2025-06-24 04:31:02
1262	Wool	Colombia	Weaving	energy	Electricity	6.73300000000000000000	NULL	2025-06-24 04:31:02	2025-06-24 04:31:02
1263	Wool	Colombia	Weaving	water	Water	2.99200000000000000000	NULL	2025-06-24 04:31:02	2025-06-24 04:31:02
1264	Cotton	Czech Republic	Dyeing	carbon dioxide	Gas	2.79500000000000000000	NULL	2025-06-24 04:31:02	2025-06-24 04:31:02
1265	Cotton	Czech Republic	Dyeing	energy	Electricity	17.53700000000000000000	NULL	2025-06-24 04:31:02	2025-06-24 04:31:02
1266	Cotton	Czech Republic	Dyeing	water	Water	49.39100000000000000000	NULL	2025-06-24 04:31:02	2025-06-24 04:31:02
1267	Cotton	Czech Republic	Manufacturing	carbon dioxide	Gas	0.24000000000000000000	NULL	2025-06-24 04:31:02	2025-06-24 04:31:02
1268	Cotton	Czech Republic	Manufacturing	energy	Electricity	3.50600000000000000000	NULL	2025-06-24 04:31:02	2025-06-24 04:31:02
1269	Cotton	Czech Republic	Manufacturing	water	Water	4.89900000000000000000	NULL	2025-06-24 04:31:02	2025-06-24 04:31:02
1270	Cotton	Czech Republic	Raw Material	carbon dioxide	Gas	1.80700000000000000000	NULL	2025-06-24 04:31:02	2025-06-24 04:31:02
1271	Cotton	Czech Republic	Raw Material	energy	Electricity	9.22300000000000000000	NULL	2025-06-24 04:31:02	2025-06-24 04:31:02
1272	Cotton	Czech Republic	Raw Material	water	Water	9462.44500000000000000000	NULL	2025-06-24 04:31:02	2025-06-24 04:31:02
1273	Cotton	Czech Republic	Sampling	carbon dioxide	Gas	0.10700000000000000000	NULL	2025-06-24 04:31:02	2025-06-24 04:31:02
1274	Cotton	Czech Republic	Sampling	energy	Electricity	1.76900000000000000000	NULL	2025-06-24 04:31:02	2025-06-24 04:31:02
1275	Cotton	Czech Republic	Sampling	water	Water	0.53600000000000000000	NULL	2025-06-24 04:31:02	2025-06-24 04:31:02
1276	Cotton	Czech Republic	Spinning	carbon dioxide	Gas	0.57400000000000000000	NULL	2025-06-24 04:31:02	2025-06-24 04:31:02
1277	Cotton	Czech Republic	Spinning	energy	Electricity	6.02900000000000000000	NULL	2025-06-24 04:31:02	2025-06-24 04:31:02
1278	Cotton	Czech Republic	Spinning	water	Water	1.80900000000000000000	NULL	2025-06-24 04:31:02	2025-06-24 04:31:02
1279	Cotton	Czech Republic	Trims	carbon dioxide	Gas	0.11700000000000000000	NULL	2025-06-24 04:31:02	2025-06-24 04:31:02
1280	Cotton	Czech Republic	Trims	energy	Electricity	1.75800000000000000000	NULL	2025-06-24 04:31:02	2025-06-24 04:31:02
1281	Cotton	Czech Republic	Trims	water	Water	0.50300000000000000000	NULL	2025-06-24 04:31:02	2025-06-24 04:31:02
1282	Cotton	Czech Republic	Weaving	carbon dioxide	Gas	0.80400000000000000000	NULL	2025-06-24 04:31:02	2025-06-24 04:31:02
1283	Cotton	Czech Republic	Weaving	energy	Electricity	7.39300000000000000000	NULL	2025-06-24 04:31:02	2025-06-24 04:31:02
1284	Cotton	Czech Republic	Weaving	water	Water	5.17600000000000000000	NULL	2025-06-24 04:31:02	2025-06-24 04:31:02
1285	Hemp	Czech Republic	Dyeing	carbon dioxide	Gas	2.11700000000000000000	NULL	2025-06-24 04:31:02	2025-06-24 04:31:02
1286	Hemp	Czech Republic	Dyeing	energy	Electricity	12.03700000000000000000	NULL	2025-06-24 04:31:02	2025-06-24 04:31:02
1287	Hemp	Czech Republic	Dyeing	water	Water	31.87700000000000000000	NULL	2025-06-24 04:31:02	2025-06-24 04:31:02
1288	Hemp	Czech Republic	Manufacturing	carbon dioxide	Gas	0.13400000000000000000	NULL	2025-06-24 04:31:02	2025-06-24 04:31:02
1289	Hemp	Czech Republic	Manufacturing	energy	Electricity	2.28500000000000000000	NULL	2025-06-24 04:31:02	2025-06-24 04:31:02
1290	Hemp	Czech Republic	Manufacturing	water	Water	2.52000000000000000000	NULL	2025-06-24 04:31:02	2025-06-24 04:31:02
1291	Hemp	Czech Republic	Raw Material	carbon dioxide	Gas	0.23800000000000000000	NULL	2025-06-24 04:31:02	2025-06-24 04:31:02
1292	Hemp	Czech Republic	Raw Material	energy	Electricity	4.82900000000000000000	NULL	2025-06-24 04:31:02	2025-06-24 04:31:02
1293	Hemp	Czech Republic	Raw Material	water	Water	456.82200000000000000000	NULL	2025-06-24 04:31:02	2025-06-24 04:31:02
1294	Hemp	Czech Republic	Sampling	carbon dioxide	Gas	0.08100000000000000000	NULL	2025-06-24 04:31:02	2025-06-24 04:31:02
1295	Hemp	Czech Republic	Sampling	energy	Electricity	0.87300000000000000000	NULL	2025-06-24 04:31:02	2025-06-24 04:31:02
1296	Hemp	Czech Republic	Sampling	water	Water	0.24800000000000000000	NULL	2025-06-24 04:31:02	2025-06-24 04:31:02
1297	Hemp	Czech Republic	Spinning	carbon dioxide	Gas	0.45000000000000000000	NULL	2025-06-24 04:31:02	2025-06-24 04:31:02
1298	Hemp	Czech Republic	Spinning	energy	Electricity	2.62600000000000000000	NULL	2025-06-24 04:31:02	2025-06-24 04:31:02
1299	Hemp	Czech Republic	Spinning	water	Water	0.84300000000000000000	NULL	2025-06-24 04:31:02	2025-06-24 04:31:02
1300	Hemp	Czech Republic	Trims	carbon dioxide	Gas	0.08200000000000000000	NULL	2025-06-24 04:31:02	2025-06-24 04:31:02
1301	Hemp	Czech Republic	Trims	energy	Electricity	0.98000000000000000000	NULL	2025-06-24 04:31:02	2025-06-24 04:31:02
1302	Hemp	Czech Republic	Trims	water	Water	0.23700000000000000000	NULL	2025-06-24 04:31:02	2025-06-24 04:31:02
1303	Hemp	Czech Republic	Weaving	carbon dioxide	Gas	0.63400000000000000000	NULL	2025-06-24 04:31:02	2025-06-24 04:31:02
1304	Hemp	Czech Republic	Weaving	energy	Electricity	4.39600000000000000000	NULL	2025-06-24 04:31:02	2025-06-24 04:31:02
1305	Hemp	Czech Republic	Weaving	water	Water	2.31000000000000000000	NULL	2025-06-24 04:31:02	2025-06-24 04:31:02
1306	Nylon	Czech Republic	Dyeing	carbon dioxide	Gas	3.43400000000000000000	NULL	2025-06-24 04:31:02	2025-06-24 04:31:02
1307	Nylon	Czech Republic	Dyeing	energy	Electricity	20.52600000000000000000	NULL	2025-06-24 04:31:02	2025-06-24 04:31:02
1308	Nylon	Czech Republic	Dyeing	water	Water	14.49600000000000000000	NULL	2025-06-24 04:31:02	2025-06-24 04:31:02
1309	Nylon	Czech Republic	Manufacturing	carbon dioxide	Gas	0.19400000000000000000	NULL	2025-06-24 04:31:02	2025-06-24 04:31:02
1310	Nylon	Czech Republic	Manufacturing	energy	Electricity	3.36800000000000000000	NULL	2025-06-24 04:31:02	2025-06-24 04:31:02
1311	Nylon	Czech Republic	Manufacturing	water	Water	1.93700000000000000000	NULL	2025-06-24 04:31:02	2025-06-24 04:31:02
1312	Nylon	Czech Republic	Raw Material	carbon dioxide	Gas	5.76300000000000000000	NULL	2025-06-24 04:31:02	2025-06-24 04:31:02
1313	Nylon	Czech Republic	Raw Material	energy	Electricity	61.17000000000000000000	NULL	2025-06-24 04:31:02	2025-06-24 04:31:02
1314	Nylon	Czech Republic	Raw Material	water	Water	19.49700000000000000000	NULL	2025-06-24 04:31:02	2025-06-24 04:31:02
1315	Nylon	Czech Republic	Sampling	carbon dioxide	Gas	0.10100000000000000000	NULL	2025-06-24 04:31:02	2025-06-24 04:31:02
1316	Nylon	Czech Republic	Sampling	energy	Electricity	1.10000000000000000000	NULL	2025-06-24 04:31:02	2025-06-24 04:31:02
1317	Nylon	Czech Republic	Sampling	water	Water	0.19800000000000000000	NULL	2025-06-24 04:31:02	2025-06-24 04:31:02
1318	Nylon	Czech Republic	Spinning	carbon dioxide	Gas	0.98400000000000000000	NULL	2025-06-24 04:31:02	2025-06-24 04:31:02
1319	Nylon	Czech Republic	Spinning	energy	Electricity	4.38200000000000000000	NULL	2025-06-24 04:31:02	2025-06-24 04:31:02
1320	Nylon	Czech Republic	Spinning	water	Water	0.51200000000000000000	NULL	2025-06-24 04:31:02	2025-06-24 04:31:02
1321	Nylon	Czech Republic	Trims	carbon dioxide	Gas	0.09600000000000000000	NULL	2025-06-24 04:31:02	2025-06-24 04:31:02
1322	Nylon	Czech Republic	Trims	energy	Electricity	1.10600000000000000000	NULL	2025-06-24 04:31:02	2025-06-24 04:31:02
1323	Nylon	Czech Republic	Trims	water	Water	0.20000000000000000000	NULL	2025-06-24 04:31:02	2025-06-24 04:31:02
1324	Nylon	Czech Republic	Weaving	carbon dioxide	Gas	1.15200000000000000000	NULL	2025-06-24 04:31:02	2025-06-24 04:31:02
1325	Nylon	Czech Republic	Weaving	energy	Electricity	5.83500000000000000000	NULL	2025-06-24 04:31:02	2025-06-24 04:31:02
1326	Nylon	Czech Republic	Weaving	water	Water	2.03700000000000000000	NULL	2025-06-24 04:31:02	2025-06-24 04:31:02
1327	Polyester	Czech Republic	Dyeing	carbon dioxide	Gas	4.10000000000000000000	NULL	2025-06-24 04:31:02	2025-06-24 04:31:02
1328	Polyester	Czech Republic	Dyeing	energy	Electricity	21.83800000000000000000	NULL	2025-06-24 04:31:02	2025-06-24 04:31:02
1329	Polyester	Czech Republic	Dyeing	water	Water	10.24400000000000000000	NULL	2025-06-24 04:31:02	2025-06-24 04:31:02
1330	Polyester	Czech Republic	Manufacturing	carbon dioxide	Gas	0.16000000000000000000	NULL	2025-06-24 04:31:02	2025-06-24 04:31:02
1331	Polyester	Czech Republic	Manufacturing	energy	Electricity	2.77700000000000000000	NULL	2025-06-24 04:31:02	2025-06-24 04:31:02
1332	Polyester	Czech Republic	Manufacturing	water	Water	2.06400000000000000000	NULL	2025-06-24 04:31:02	2025-06-24 04:31:02
1333	Polyester	Czech Republic	Raw Material	carbon dioxide	Gas	3.30900000000000000000	NULL	2025-06-24 04:31:02	2025-06-24 04:31:02
1334	Polyester	Czech Republic	Raw Material	energy	Electricity	66.68800000000000000000	NULL	2025-06-24 04:31:02	2025-06-24 04:31:02
1335	Polyester	Czech Republic	Raw Material	water	Water	21.85300000000000000000	NULL	2025-06-24 04:31:02	2025-06-24 04:31:02
1336	Polyester	Czech Republic	Sampling	carbon dioxide	Gas	0.09000000000000000000	NULL	2025-06-24 04:31:02	2025-06-24 04:31:02
1337	Polyester	Czech Republic	Sampling	energy	Electricity	1.11700000000000000000	NULL	2025-06-24 04:31:02	2025-06-24 04:31:02
1338	Polyester	Czech Republic	Sampling	water	Water	0.20400000000000000000	NULL	2025-06-24 04:31:02	2025-06-24 04:31:02
1339	Polyester	Czech Republic	Spinning	carbon dioxide	Gas	0.86300000000000000000	NULL	2025-06-24 04:31:02	2025-06-24 04:31:02
1340	Polyester	Czech Republic	Spinning	energy	Electricity	3.62500000000000000000	NULL	2025-06-24 04:31:02	2025-06-24 04:31:02
1341	Polyester	Czech Republic	Spinning	water	Water	0.54800000000000000000	NULL	2025-06-24 04:31:02	2025-06-24 04:31:02
1342	Polyester	Czech Republic	Trims	carbon dioxide	Gas	0.09400000000000000000	NULL	2025-06-24 04:31:02	2025-06-24 04:31:02
1343	Polyester	Czech Republic	Trims	energy	Electricity	0.99700000000000000000	NULL	2025-06-24 04:31:02	2025-06-24 04:31:02
1344	Polyester	Czech Republic	Trims	water	Water	0.19300000000000000000	NULL	2025-06-24 04:31:02	2025-06-24 04:31:02
1345	Polyester	Czech Republic	Weaving	carbon dioxide	Gas	1.05800000000000000000	NULL	2025-06-24 04:31:02	2025-06-24 04:31:02
1346	Polyester	Czech Republic	Weaving	energy	Electricity	5.53900000000000000000	NULL	2025-06-24 04:31:02	2025-06-24 04:31:02
1347	Polyester	Czech Republic	Weaving	water	Water	1.92600000000000000000	NULL	2025-06-24 04:31:02	2025-06-24 04:31:02
1348	Silk	Czech Republic	Dyeing	carbon dioxide	Gas	2.94200000000000000000	NULL	2025-06-24 04:31:02	2025-06-24 04:31:02
1349	Silk	Czech Republic	Dyeing	energy	Electricity	18.66900000000000000000	NULL	2025-06-24 04:31:02	2025-06-24 04:31:02
1350	Silk	Czech Republic	Dyeing	water	Water	48.11600000000000000000	NULL	2025-06-24 04:31:02	2025-06-24 04:31:02
1351	Silk	Czech Republic	Manufacturing	carbon dioxide	Gas	0.25600000000000000000	NULL	2025-06-24 04:31:02	2025-06-24 04:31:02
1352	Silk	Czech Republic	Manufacturing	energy	Electricity	4.21000000000000000000	NULL	2025-06-24 04:31:02	2025-06-24 04:31:02
1353	Silk	Czech Republic	Manufacturing	water	Water	3.85400000000000000000	NULL	2025-06-24 04:31:02	2025-06-24 04:31:02
1354	Silk	Czech Republic	Raw Material	carbon dioxide	Gas	1.91300000000000000000	NULL	2025-06-24 04:31:02	2025-06-24 04:31:02
1355	Silk	Czech Republic	Raw Material	energy	Electricity	31.28000000000000000000	NULL	2025-06-24 04:31:02	2025-06-24 04:31:02
1356	Silk	Czech Republic	Raw Material	water	Water	9705.11800000000000000000	NULL	2025-06-24 04:31:02	2025-06-24 04:31:02
1357	Silk	Czech Republic	Sampling	carbon dioxide	Gas	0.11000000000000000000	NULL	2025-06-24 04:31:02	2025-06-24 04:31:02
1358	Silk	Czech Republic	Sampling	energy	Electricity	1.58000000000000000000	NULL	2025-06-24 04:31:02	2025-06-24 04:31:02
1359	Silk	Czech Republic	Sampling	water	Water	0.40400000000000000000	NULL	2025-06-24 04:31:02	2025-06-24 04:31:02
1360	Silk	Czech Republic	Spinning	carbon dioxide	Gas	0.67900000000000000000	NULL	2025-06-24 04:31:02	2025-06-24 04:31:02
1361	Silk	Czech Republic	Spinning	energy	Electricity	7.07800000000000000000	NULL	2025-06-24 04:31:02	2025-06-24 04:31:02
1362	Silk	Czech Republic	Spinning	water	Water	1.51200000000000000000	NULL	2025-06-24 04:31:02	2025-06-24 04:31:02
1363	Silk	Czech Republic	Trims	carbon dioxide	Gas	0.10000000000000000000	NULL	2025-06-24 04:31:02	2025-06-24 04:31:02
1364	Silk	Czech Republic	Trims	energy	Electricity	1.47800000000000000000	NULL	2025-06-24 04:31:02	2025-06-24 04:31:02
1365	Silk	Czech Republic	Trims	water	Water	0.41900000000000000000	NULL	2025-06-24 04:31:02	2025-06-24 04:31:02
1366	Silk	Czech Republic	Weaving	carbon dioxide	Gas	0.97900000000000000000	NULL	2025-06-24 04:31:02	2025-06-24 04:31:02
1367	Silk	Czech Republic	Weaving	energy	Electricity	7.52100000000000000000	NULL	2025-06-24 04:31:02	2025-06-24 04:31:02
1368	Silk	Czech Republic	Weaving	water	Water	3.66000000000000000000	NULL	2025-06-24 04:31:02	2025-06-24 04:31:02
1369	Wool	Czech Republic	Dyeing	carbon dioxide	Gas	3.34200000000000000000	NULL	2025-06-24 04:31:02	2025-06-24 04:31:02
1370	Wool	Czech Republic	Dyeing	energy	Electricity	17.43900000000000000000	NULL	2025-06-24 04:31:02	2025-06-24 04:31:02
1371	Wool	Czech Republic	Dyeing	water	Water	43.11000000000000000000	NULL	2025-06-24 04:31:02	2025-06-24 04:31:02
1372	Wool	Czech Republic	Manufacturing	carbon dioxide	Gas	0.19600000000000000000	NULL	2025-06-24 04:31:02	2025-06-24 04:31:02
1373	Wool	Czech Republic	Manufacturing	energy	Electricity	3.07600000000000000000	NULL	2025-06-24 04:31:02	2025-06-24 04:31:02
1374	Wool	Czech Republic	Manufacturing	water	Water	3.08400000000000000000	NULL	2025-06-24 04:31:02	2025-06-24 04:31:02
1375	Wool	Czech Republic	Raw Material	carbon dioxide	Gas	9.28200000000000000000	NULL	2025-06-24 04:31:02	2025-06-24 04:31:02
1376	Wool	Czech Republic	Raw Material	energy	Electricity	21.30600000000000000000	NULL	2025-06-24 04:31:02	2025-06-24 04:31:02
1377	Wool	Czech Republic	Raw Material	water	Water	729.79300000000000000000	NULL	2025-06-24 04:31:02	2025-06-24 04:31:02
1378	Wool	Czech Republic	Sampling	carbon dioxide	Gas	0.09000000000000000000	NULL	2025-06-24 04:31:02	2025-06-24 04:31:02
1379	Wool	Czech Republic	Sampling	energy	Electricity	1.44700000000000000000	NULL	2025-06-24 04:31:02	2025-06-24 04:31:02
1380	Wool	Czech Republic	Sampling	water	Water	0.28800000000000000000	NULL	2025-06-24 04:31:02	2025-06-24 04:31:02
1381	Wool	Czech Republic	Spinning	carbon dioxide	Gas	0.75600000000000000000	NULL	2025-06-24 04:31:02	2025-06-24 04:31:02
1382	Wool	Czech Republic	Spinning	energy	Electricity	5.79000000000000000000	NULL	2025-06-24 04:31:02	2025-06-24 04:31:02
1383	Wool	Czech Republic	Spinning	water	Water	1.01300000000000000000	NULL	2025-06-24 04:31:02	2025-06-24 04:31:02
1384	Wool	Czech Republic	Trims	carbon dioxide	Gas	0.10000000000000000000	NULL	2025-06-24 04:31:02	2025-06-24 04:31:02
1385	Wool	Czech Republic	Trims	energy	Electricity	1.53000000000000000000	NULL	2025-06-24 04:31:02	2025-06-24 04:31:02
1386	Wool	Czech Republic	Trims	water	Water	0.28900000000000000000	NULL	2025-06-24 04:31:02	2025-06-24 04:31:02
1387	Wool	Czech Republic	Weaving	carbon dioxide	Gas	0.92400000000000000000	NULL	2025-06-24 04:31:02	2025-06-24 04:31:02
1388	Wool	Czech Republic	Weaving	energy	Electricity	7.02000000000000000000	NULL	2025-06-24 04:31:02	2025-06-24 04:31:02
1389	Wool	Czech Republic	Weaving	water	Water	3.01900000000000000000	NULL	2025-06-24 04:31:02	2025-06-24 04:31:02
1390	Cotton	Denmark	Dyeing	carbon dioxide	Gas	1.51000000000000000000	NULL	2025-06-24 04:31:02	2025-06-24 04:31:02
1391	Cotton	Denmark	Dyeing	energy	Electricity	17.51400000000000000000	NULL	2025-06-24 04:31:02	2025-06-24 04:31:02
1392	Cotton	Denmark	Dyeing	water	Water	50.55200000000000000000	NULL	2025-06-24 04:31:02	2025-06-24 04:31:02
1393	Cotton	Denmark	Manufacturing	carbon dioxide	Gas	0.11900000000000000000	NULL	2025-06-24 04:31:02	2025-06-24 04:31:02
1394	Cotton	Denmark	Manufacturing	energy	Electricity	3.55200000000000000000	NULL	2025-06-24 04:31:02	2025-06-24 04:31:02
1395	Cotton	Denmark	Manufacturing	water	Water	5.17400000000000000000	NULL	2025-06-24 04:31:02	2025-06-24 04:31:02
1396	Cotton	Denmark	Raw Material	carbon dioxide	Gas	1.01400000000000000000	NULL	2025-06-24 04:31:02	2025-06-24 04:31:02
1397	Cotton	Denmark	Raw Material	energy	Electricity	9.83800000000000000000	NULL	2025-06-24 04:31:02	2025-06-24 04:31:02
1398	Cotton	Denmark	Raw Material	water	Water	10170.38000000000000000000	NULL	2025-06-24 04:31:02	2025-06-24 04:31:02
1399	Cotton	Denmark	Sampling	carbon dioxide	Gas	0.05600000000000000000	NULL	2025-06-24 04:31:02	2025-06-24 04:31:02
1400	Cotton	Denmark	Sampling	energy	Electricity	1.86400000000000000000	NULL	2025-06-24 04:31:02	2025-06-24 04:31:02
1401	Cotton	Denmark	Sampling	water	Water	0.53900000000000000000	NULL	2025-06-24 04:31:02	2025-06-24 04:31:02
1402	Cotton	Denmark	Spinning	carbon dioxide	Gas	0.29800000000000000000	NULL	2025-06-24 04:31:02	2025-06-24 04:31:02
1403	Cotton	Denmark	Spinning	energy	Electricity	6.13800000000000000000	NULL	2025-06-24 04:31:02	2025-06-24 04:31:02
1404	Cotton	Denmark	Spinning	water	Water	1.56000000000000000000	NULL	2025-06-24 04:31:02	2025-06-24 04:31:02
1405	Cotton	Denmark	Trims	carbon dioxide	Gas	0.05800000000000000000	NULL	2025-06-24 04:31:02	2025-06-24 04:31:02
1406	Cotton	Denmark	Trims	energy	Electricity	1.62600000000000000000	NULL	2025-06-24 04:31:02	2025-06-24 04:31:02
1407	Cotton	Denmark	Trims	water	Water	0.51500000000000000000	NULL	2025-06-24 04:31:02	2025-06-24 04:31:02
1408	Cotton	Denmark	Weaving	carbon dioxide	Gas	0.51100000000000000000	NULL	2025-06-24 04:31:02	2025-06-24 04:31:02
1409	Cotton	Denmark	Weaving	energy	Electricity	7.63200000000000000000	NULL	2025-06-24 04:31:02	2025-06-24 04:31:02
1410	Cotton	Denmark	Weaving	water	Water	4.89400000000000000000	NULL	2025-06-24 04:31:02	2025-06-24 04:31:02
1411	Hemp	Denmark	Dyeing	carbon dioxide	Gas	1.25000000000000000000	NULL	2025-06-24 04:31:02	2025-06-24 04:31:02
1412	Hemp	Denmark	Dyeing	energy	Electricity	12.34600000000000000000	NULL	2025-06-24 04:31:02	2025-06-24 04:31:02
1413	Hemp	Denmark	Dyeing	water	Water	27.56100000000000000000	NULL	2025-06-24 04:31:02	2025-06-24 04:31:02
1414	Hemp	Denmark	Manufacturing	carbon dioxide	Gas	0.07200000000000000000	NULL	2025-06-24 04:31:02	2025-06-24 04:31:02
1415	Hemp	Denmark	Manufacturing	energy	Electricity	2.69000000000000000000	NULL	2025-06-24 04:31:02	2025-06-24 04:31:02
1416	Hemp	Denmark	Manufacturing	water	Water	2.30300000000000000000	NULL	2025-06-24 04:31:02	2025-06-24 04:31:02
1417	Hemp	Denmark	Raw Material	carbon dioxide	Gas	0.13000000000000000000	NULL	2025-06-24 04:31:02	2025-06-24 04:31:02
1418	Hemp	Denmark	Raw Material	energy	Electricity	4.50800000000000000000	NULL	2025-06-24 04:31:02	2025-06-24 04:31:02
1419	Hemp	Denmark	Raw Material	water	Water	511.55600000000000000000	NULL	2025-06-24 04:31:02	2025-06-24 04:31:02
1420	Hemp	Denmark	Sampling	carbon dioxide	Gas	0.04600000000000000000	NULL	2025-06-24 04:31:02	2025-06-24 04:31:02
1421	Hemp	Denmark	Sampling	energy	Electricity	0.94800000000000000000	NULL	2025-06-24 04:31:02	2025-06-24 04:31:02
1422	Hemp	Denmark	Sampling	water	Water	0.24400000000000000000	NULL	2025-06-24 04:31:02	2025-06-24 04:31:02
1423	Hemp	Denmark	Spinning	carbon dioxide	Gas	0.25600000000000000000	NULL	2025-06-24 04:31:02	2025-06-24 04:31:02
1424	Hemp	Denmark	Spinning	energy	Electricity	2.60100000000000000000	NULL	2025-06-24 04:31:02	2025-06-24 04:31:02
1425	Hemp	Denmark	Spinning	water	Water	0.85000000000000000000	NULL	2025-06-24 04:31:02	2025-06-24 04:31:02
1426	Hemp	Denmark	Trims	carbon dioxide	Gas	0.04500000000000000000	NULL	2025-06-24 04:31:02	2025-06-24 04:31:02
1427	Hemp	Denmark	Trims	energy	Electricity	0.88900000000000000000	NULL	2025-06-24 04:31:02	2025-06-24 04:31:02
1428	Hemp	Denmark	Trims	water	Water	0.26900000000000000000	NULL	2025-06-24 04:31:02	2025-06-24 04:31:02
1429	Hemp	Denmark	Weaving	carbon dioxide	Gas	0.33900000000000000000	NULL	2025-06-24 04:31:02	2025-06-24 04:31:02
1430	Hemp	Denmark	Weaving	energy	Electricity	3.98500000000000000000	NULL	2025-06-24 04:31:02	2025-06-24 04:31:02
1431	Hemp	Denmark	Weaving	water	Water	2.34200000000000000000	NULL	2025-06-24 04:31:02	2025-06-24 04:31:02
1432	Nylon	Denmark	Dyeing	carbon dioxide	Gas	1.77900000000000000000	NULL	2025-06-24 04:31:02	2025-06-24 04:31:02
1433	Nylon	Denmark	Dyeing	energy	Electricity	20.29300000000000000000	NULL	2025-06-24 04:31:02	2025-06-24 04:31:02
1434	Nylon	Denmark	Dyeing	water	Water	14.30500000000000000000	NULL	2025-06-24 04:31:02	2025-06-24 04:31:02
1435	Nylon	Denmark	Manufacturing	carbon dioxide	Gas	0.10400000000000000000	NULL	2025-06-24 04:31:02	2025-06-24 04:31:02
1436	Nylon	Denmark	Manufacturing	energy	Electricity	3.38600000000000000000	NULL	2025-06-24 04:31:02	2025-06-24 04:31:02
1437	Nylon	Denmark	Manufacturing	water	Water	2.04100000000000000000	NULL	2025-06-24 04:31:02	2025-06-24 04:31:02
1438	Nylon	Denmark	Raw Material	carbon dioxide	Gas	2.88100000000000000000	NULL	2025-06-24 04:31:02	2025-06-24 04:31:02
1439	Nylon	Denmark	Raw Material	energy	Electricity	60.79300000000000000000	NULL	2025-06-24 04:31:02	2025-06-24 04:31:02
1440	Nylon	Denmark	Raw Material	water	Water	20.70300000000000000000	NULL	2025-06-24 04:31:02	2025-06-24 04:31:02
1441	Nylon	Denmark	Sampling	carbon dioxide	Gas	0.05300000000000000000	NULL	2025-06-24 04:31:02	2025-06-24 04:31:02
1442	Nylon	Denmark	Sampling	energy	Electricity	1.04600000000000000000	NULL	2025-06-24 04:31:02	2025-06-24 04:31:02
1443	Nylon	Denmark	Sampling	water	Water	0.20500000000000000000	NULL	2025-06-24 04:31:02	2025-06-24 04:31:02
1444	Nylon	Denmark	Spinning	carbon dioxide	Gas	0.53800000000000000000	NULL	2025-06-24 04:31:02	2025-06-24 04:31:02
1445	Nylon	Denmark	Spinning	energy	Electricity	4.45700000000000000000	NULL	2025-06-24 04:31:02	2025-06-24 04:31:02
1446	Nylon	Denmark	Spinning	water	Water	0.49000000000000000000	NULL	2025-06-24 04:31:02	2025-06-24 04:31:02
1447	Nylon	Denmark	Trims	carbon dioxide	Gas	0.05300000000000000000	NULL	2025-06-24 04:31:02	2025-06-24 04:31:02
1448	Nylon	Denmark	Trims	energy	Electricity	1.09600000000000000000	NULL	2025-06-24 04:31:02	2025-06-24 04:31:02
1449	Nylon	Denmark	Trims	water	Water	0.19900000000000000000	NULL	2025-06-24 04:31:02	2025-06-24 04:31:02
1450	Nylon	Denmark	Weaving	carbon dioxide	Gas	0.64500000000000000000	NULL	2025-06-24 04:31:02	2025-06-24 04:31:02
1451	Nylon	Denmark	Weaving	energy	Electricity	5.77200000000000000000	NULL	2025-06-24 04:31:02	2025-06-24 04:31:02
1452	Nylon	Denmark	Weaving	water	Water	1.94500000000000000000	NULL	2025-06-24 04:31:02	2025-06-24 04:31:02
1453	Polyester	Denmark	Dyeing	carbon dioxide	Gas	2.19500000000000000000	NULL	2025-06-24 04:31:02	2025-06-24 04:31:02
1454	Polyester	Denmark	Dyeing	energy	Electricity	23.23900000000000000000	NULL	2025-06-24 04:31:02	2025-06-24 04:31:02
1455	Polyester	Denmark	Dyeing	water	Water	10.91400000000000000000	NULL	2025-06-24 04:31:02	2025-06-24 04:31:02
1456	Polyester	Denmark	Manufacturing	carbon dioxide	Gas	0.08500000000000000000	NULL	2025-06-24 04:31:02	2025-06-24 04:31:02
1457	Polyester	Denmark	Manufacturing	energy	Electricity	2.68700000000000000000	NULL	2025-06-24 04:31:02	2025-06-24 04:31:02
1458	Polyester	Denmark	Manufacturing	water	Water	2.07600000000000000000	NULL	2025-06-24 04:31:02	2025-06-24 04:31:02
1459	Polyester	Denmark	Raw Material	carbon dioxide	Gas	1.96500000000000000000	NULL	2025-06-24 04:31:02	2025-06-24 04:31:02
1460	Polyester	Denmark	Raw Material	energy	Electricity	68.96000000000000000000	NULL	2025-06-24 04:31:02	2025-06-24 04:31:02
1461	Polyester	Denmark	Raw Material	water	Water	21.60000000000000000000	NULL	2025-06-24 04:31:02	2025-06-24 04:31:02
1462	Polyester	Denmark	Sampling	carbon dioxide	Gas	0.04700000000000000000	NULL	2025-06-24 04:31:02	2025-06-24 04:31:02
1463	Polyester	Denmark	Sampling	energy	Electricity	1.02200000000000000000	NULL	2025-06-24 04:31:02	2025-06-24 04:31:02
1464	Polyester	Denmark	Sampling	water	Water	0.18300000000000000000	NULL	2025-06-24 04:31:02	2025-06-24 04:31:02
1465	Polyester	Denmark	Spinning	carbon dioxide	Gas	0.45000000000000000000	NULL	2025-06-24 04:31:02	2025-06-24 04:31:02
1466	Polyester	Denmark	Spinning	energy	Electricity	3.52300000000000000000	NULL	2025-06-24 04:31:02	2025-06-24 04:31:02
1467	Polyester	Denmark	Spinning	water	Water	0.53300000000000000000	NULL	2025-06-24 04:31:02	2025-06-24 04:31:02
1468	Polyester	Denmark	Trims	carbon dioxide	Gas	0.05200000000000000000	NULL	2025-06-24 04:31:02	2025-06-24 04:31:02
1469	Polyester	Denmark	Trims	energy	Electricity	1.06300000000000000000	NULL	2025-06-24 04:31:02	2025-06-24 04:31:02
1470	Polyester	Denmark	Trims	water	Water	0.20400000000000000000	NULL	2025-06-24 04:31:02	2025-06-24 04:31:02
1471	Polyester	Denmark	Weaving	carbon dioxide	Gas	0.59300000000000000000	NULL	2025-06-24 04:31:02	2025-06-24 04:31:02
1472	Polyester	Denmark	Weaving	energy	Electricity	5.02700000000000000000	NULL	2025-06-24 04:31:02	2025-06-24 04:31:02
1473	Polyester	Denmark	Weaving	water	Water	1.98100000000000000000	NULL	2025-06-24 04:31:02	2025-06-24 04:31:02
1474	Silk	Denmark	Dyeing	carbon dioxide	Gas	1.64000000000000000000	NULL	2025-06-24 04:31:02	2025-06-24 04:31:02
1475	Silk	Denmark	Dyeing	energy	Electricity	17.89400000000000000000	NULL	2025-06-24 04:31:02	2025-06-24 04:31:02
1476	Silk	Denmark	Dyeing	water	Water	47.65300000000000000000	NULL	2025-06-24 04:31:02	2025-06-24 04:31:02
1477	Silk	Denmark	Manufacturing	carbon dioxide	Gas	0.13600000000000000000	NULL	2025-06-24 04:31:02	2025-06-24 04:31:02
1478	Silk	Denmark	Manufacturing	energy	Electricity	3.61600000000000000000	NULL	2025-06-24 04:31:02	2025-06-24 04:31:02
1479	Silk	Denmark	Manufacturing	water	Water	3.74700000000000000000	NULL	2025-06-24 04:31:02	2025-06-24 04:31:02
1480	Silk	Denmark	Raw Material	carbon dioxide	Gas	1.15000000000000000000	NULL	2025-06-24 04:31:02	2025-06-24 04:31:02
1481	Silk	Denmark	Raw Material	energy	Electricity	28.54400000000000000000	NULL	2025-06-24 04:31:02	2025-06-24 04:31:02
1482	Silk	Denmark	Raw Material	water	Water	10769.59900000000000000000	NULL	2025-06-24 04:31:02	2025-06-24 04:31:02
1483	Silk	Denmark	Sampling	carbon dioxide	Gas	0.06100000000000000000	NULL	2025-06-24 04:31:02	2025-06-24 04:31:02
1484	Silk	Denmark	Sampling	energy	Electricity	1.68100000000000000000	NULL	2025-06-24 04:31:02	2025-06-24 04:31:02
1485	Silk	Denmark	Sampling	water	Water	0.42000000000000000000	NULL	2025-06-24 04:31:02	2025-06-24 04:31:02
1486	Silk	Denmark	Spinning	carbon dioxide	Gas	0.36000000000000000000	NULL	2025-06-24 04:31:02	2025-06-24 04:31:02
1487	Silk	Denmark	Spinning	energy	Electricity	7.75700000000000000000	NULL	2025-06-24 04:31:02	2025-06-24 04:31:02
1488	Silk	Denmark	Spinning	water	Water	1.39700000000000000000	NULL	2025-06-24 04:31:02	2025-06-24 04:31:02
1489	Silk	Denmark	Trims	carbon dioxide	Gas	0.06500000000000000000	NULL	2025-06-24 04:31:02	2025-06-24 04:31:02
1490	Silk	Denmark	Trims	energy	Electricity	1.47600000000000000000	NULL	2025-06-24 04:31:02	2025-06-24 04:31:02
1491	Silk	Denmark	Trims	water	Water	0.38000000000000000000	NULL	2025-06-24 04:31:02	2025-06-24 04:31:02
1492	Silk	Denmark	Weaving	carbon dioxide	Gas	0.51900000000000000000	NULL	2025-06-24 04:31:02	2025-06-24 04:31:02
1493	Silk	Denmark	Weaving	energy	Electricity	8.50300000000000000000	NULL	2025-06-24 04:31:02	2025-06-24 04:31:02
1494	Silk	Denmark	Weaving	water	Water	3.84700000000000000000	NULL	2025-06-24 04:31:02	2025-06-24 04:31:02
1495	Wool	Denmark	Dyeing	carbon dioxide	Gas	1.63900000000000000000	NULL	2025-06-24 04:31:02	2025-06-24 04:31:02
1496	Wool	Denmark	Dyeing	energy	Electricity	18.91000000000000000000	NULL	2025-06-24 04:31:02	2025-06-24 04:31:02
1497	Wool	Denmark	Dyeing	water	Water	41.19900000000000000000	NULL	2025-06-24 04:31:02	2025-06-24 04:31:02
1498	Wool	Denmark	Manufacturing	carbon dioxide	Gas	0.10700000000000000000	NULL	2025-06-24 04:31:02	2025-06-24 04:31:02
1499	Wool	Denmark	Manufacturing	energy	Electricity	3.49500000000000000000	NULL	2025-06-24 04:31:02	2025-06-24 04:31:02
1500	Wool	Denmark	Manufacturing	water	Water	2.92400000000000000000	NULL	2025-06-24 04:31:02	2025-06-24 04:31:02
1501	Wool	Denmark	Raw Material	carbon dioxide	Gas	4.66800000000000000000	NULL	2025-06-24 04:31:02	2025-06-24 04:31:02
1502	Wool	Denmark	Raw Material	energy	Electricity	20.25200000000000000000	NULL	2025-06-24 04:31:02	2025-06-24 04:31:02
1503	Wool	Denmark	Raw Material	water	Water	878.87100000000000000000	NULL	2025-06-24 04:31:02	2025-06-24 04:31:02
1504	Wool	Denmark	Sampling	carbon dioxide	Gas	0.05100000000000000000	NULL	2025-06-24 04:31:02	2025-06-24 04:31:02
1505	Wool	Denmark	Sampling	energy	Electricity	1.41700000000000000000	NULL	2025-06-24 04:31:02	2025-06-24 04:31:02
1506	Wool	Denmark	Sampling	water	Water	0.27200000000000000000	NULL	2025-06-24 04:31:02	2025-06-24 04:31:02
1507	Wool	Denmark	Spinning	carbon dioxide	Gas	0.41000000000000000000	NULL	2025-06-24 04:31:02	2025-06-24 04:31:02
1508	Wool	Denmark	Spinning	energy	Electricity	5.68500000000000000000	NULL	2025-06-24 04:31:02	2025-06-24 04:31:02
1509	Wool	Denmark	Spinning	water	Water	0.95700000000000000000	NULL	2025-06-24 04:31:02	2025-06-24 04:31:02
1510	Wool	Denmark	Trims	carbon dioxide	Gas	0.05600000000000000000	NULL	2025-06-24 04:31:02	2025-06-24 04:31:02
1511	Wool	Denmark	Trims	energy	Electricity	1.45700000000000000000	NULL	2025-06-24 04:31:02	2025-06-24 04:31:02
1512	Wool	Denmark	Trims	water	Water	0.31600000000000000000	NULL	2025-06-24 04:31:02	2025-06-24 04:31:02
1513	Wool	Denmark	Weaving	carbon dioxide	Gas	0.58000000000000000000	NULL	2025-06-24 04:31:02	2025-06-24 04:31:02
1514	Wool	Denmark	Weaving	energy	Electricity	6.53800000000000000000	NULL	2025-06-24 04:31:02	2025-06-24 04:31:02
1515	Wool	Denmark	Weaving	water	Water	2.88800000000000000000	NULL	2025-06-24 04:31:02	2025-06-24 04:31:02
1516	Cotton	Egypt	Dyeing	carbon dioxide	Gas	2.65300000000000000000	NULL	2025-06-24 04:31:02	2025-06-24 04:31:02
1517	Cotton	Egypt	Dyeing	energy	Electricity	15.38400000000000000000	NULL	2025-06-24 04:31:02	2025-06-24 04:31:02
1518	Cotton	Egypt	Dyeing	water	Water	46.23500000000000000000	NULL	2025-06-24 04:31:02	2025-06-24 04:31:02
1519	Cotton	Egypt	Manufacturing	carbon dioxide	Gas	0.23300000000000000000	NULL	2025-06-24 04:31:02	2025-06-24 04:31:02
1520	Cotton	Egypt	Manufacturing	energy	Electricity	3.56900000000000000000	NULL	2025-06-24 04:31:02	2025-06-24 04:31:02
1521	Cotton	Egypt	Manufacturing	water	Water	4.56800000000000000000	NULL	2025-06-24 04:31:02	2025-06-24 04:31:02
1522	Cotton	Egypt	Raw Material	carbon dioxide	Gas	2.05000000000000000000	NULL	2025-06-24 04:31:02	2025-06-24 04:31:02
1523	Cotton	Egypt	Raw Material	energy	Electricity	10.36700000000000000000	NULL	2025-06-24 04:31:02	2025-06-24 04:31:02
1524	Cotton	Egypt	Raw Material	water	Water	10637.68400000000000000000	NULL	2025-06-24 04:31:02	2025-06-24 04:31:02
1525	Cotton	Egypt	Sampling	carbon dioxide	Gas	0.11800000000000000000	NULL	2025-06-24 04:31:02	2025-06-24 04:31:02
1526	Cotton	Egypt	Sampling	energy	Electricity	1.83800000000000000000	NULL	2025-06-24 04:31:02	2025-06-24 04:31:02
1527	Cotton	Egypt	Sampling	water	Water	0.51600000000000000000	NULL	2025-06-24 04:31:02	2025-06-24 04:31:02
1528	Cotton	Egypt	Spinning	carbon dioxide	Gas	0.57300000000000000000	NULL	2025-06-24 04:31:02	2025-06-24 04:31:02
1529	Cotton	Egypt	Spinning	energy	Electricity	6.76200000000000000000	NULL	2025-06-24 04:31:02	2025-06-24 04:31:02
1530	Cotton	Egypt	Spinning	water	Water	1.55000000000000000000	NULL	2025-06-24 04:31:02	2025-06-24 04:31:02
1531	Cotton	Egypt	Trims	carbon dioxide	Gas	0.10800000000000000000	NULL	2025-06-24 04:31:02	2025-06-24 04:31:02
1532	Cotton	Egypt	Trims	energy	Electricity	1.93500000000000000000	NULL	2025-06-24 04:31:02	2025-06-24 04:31:02
1533	Cotton	Egypt	Trims	water	Water	0.51700000000000000000	NULL	2025-06-24 04:31:02	2025-06-24 04:31:02
1534	Cotton	Egypt	Weaving	carbon dioxide	Gas	0.93500000000000000000	NULL	2025-06-24 04:31:02	2025-06-24 04:31:02
1535	Cotton	Egypt	Weaving	energy	Electricity	7.90100000000000000000	NULL	2025-06-24 04:31:02	2025-06-24 04:31:02
1536	Cotton	Egypt	Weaving	water	Water	5.17200000000000000000	NULL	2025-06-24 04:31:02	2025-06-24 04:31:02
1537	Hemp	Egypt	Dyeing	carbon dioxide	Gas	2.42300000000000000000	NULL	2025-06-24 04:31:02	2025-06-24 04:31:02
1538	Hemp	Egypt	Dyeing	energy	Electricity	13.81400000000000000000	NULL	2025-06-24 04:31:02	2025-06-24 04:31:02
1539	Hemp	Egypt	Dyeing	water	Water	29.58000000000000000000	NULL	2025-06-24 04:31:02	2025-06-24 04:31:02
1540	Hemp	Egypt	Manufacturing	carbon dioxide	Gas	0.13100000000000000000	NULL	2025-06-24 04:31:02	2025-06-24 04:31:02
1541	Hemp	Egypt	Manufacturing	energy	Electricity	2.33800000000000000000	NULL	2025-06-24 04:31:02	2025-06-24 04:31:02
1542	Hemp	Egypt	Manufacturing	water	Water	2.60100000000000000000	NULL	2025-06-24 04:31:02	2025-06-24 04:31:02
1543	Hemp	Egypt	Raw Material	carbon dioxide	Gas	0.23500000000000000000	NULL	2025-06-24 04:31:02	2025-06-24 04:31:02
1544	Hemp	Egypt	Raw Material	energy	Electricity	4.83800000000000000000	NULL	2025-06-24 04:31:02	2025-06-24 04:31:02
1545	Hemp	Egypt	Raw Material	water	Water	511.49700000000000000000	NULL	2025-06-24 04:31:02	2025-06-24 04:31:02
1546	Hemp	Egypt	Sampling	carbon dioxide	Gas	0.08700000000000000000	NULL	2025-06-24 04:31:02	2025-06-24 04:31:02
1547	Hemp	Egypt	Sampling	energy	Electricity	0.87500000000000000000	NULL	2025-06-24 04:31:02	2025-06-24 04:31:02
1548	Hemp	Egypt	Sampling	water	Water	0.24100000000000000000	NULL	2025-06-24 04:31:02	2025-06-24 04:31:02
1549	Hemp	Egypt	Spinning	carbon dioxide	Gas	0.49200000000000000000	NULL	2025-06-24 04:31:02	2025-06-24 04:31:02
1550	Hemp	Egypt	Spinning	energy	Electricity	2.96200000000000000000	NULL	2025-06-24 04:31:02	2025-06-24 04:31:02
1551	Hemp	Egypt	Spinning	water	Water	0.76300000000000000000	NULL	2025-06-24 04:31:02	2025-06-24 04:31:02
1552	Hemp	Egypt	Trims	carbon dioxide	Gas	0.08200000000000000000	NULL	2025-06-24 04:31:02	2025-06-24 04:31:02
1553	Hemp	Egypt	Trims	energy	Electricity	0.95200000000000000000	NULL	2025-06-24 04:31:02	2025-06-24 04:31:02
1554	Hemp	Egypt	Trims	water	Water	0.26000000000000000000	NULL	2025-06-24 04:31:02	2025-06-24 04:31:02
1555	Hemp	Egypt	Weaving	carbon dioxide	Gas	0.66100000000000000000	NULL	2025-06-24 04:31:02	2025-06-24 04:31:02
1556	Hemp	Egypt	Weaving	energy	Electricity	4.69800000000000000000	NULL	2025-06-24 04:31:02	2025-06-24 04:31:02
1557	Hemp	Egypt	Weaving	water	Water	2.51000000000000000000	NULL	2025-06-24 04:31:02	2025-06-24 04:31:02
1558	Nylon	Egypt	Dyeing	carbon dioxide	Gas	3.30300000000000000000	NULL	2025-06-24 04:31:02	2025-06-24 04:31:02
1559	Nylon	Egypt	Dyeing	energy	Electricity	19.30700000000000000000	NULL	2025-06-24 04:31:02	2025-06-24 04:31:02
1560	Nylon	Egypt	Dyeing	water	Water	14.73900000000000000000	NULL	2025-06-24 04:31:02	2025-06-24 04:31:02
1561	Nylon	Egypt	Manufacturing	carbon dioxide	Gas	0.21100000000000000000	NULL	2025-06-24 04:31:02	2025-06-24 04:31:02
1562	Nylon	Egypt	Manufacturing	energy	Electricity	3.20200000000000000000	NULL	2025-06-24 04:31:02	2025-06-24 04:31:02
1563	Nylon	Egypt	Manufacturing	water	Water	1.96200000000000000000	NULL	2025-06-24 04:31:02	2025-06-24 04:31:02
1564	Nylon	Egypt	Raw Material	carbon dioxide	Gas	5.84700000000000000000	NULL	2025-06-24 04:31:02	2025-06-24 04:31:02
1565	Nylon	Egypt	Raw Material	energy	Electricity	58.29900000000000000000	NULL	2025-06-24 04:31:02	2025-06-24 04:31:02
1566	Nylon	Egypt	Raw Material	water	Water	19.08800000000000000000	NULL	2025-06-24 04:31:02	2025-06-24 04:31:02
1567	Nylon	Egypt	Sampling	carbon dioxide	Gas	0.10000000000000000000	NULL	2025-06-24 04:31:02	2025-06-24 04:31:02
1568	Nylon	Egypt	Sampling	energy	Electricity	1.04900000000000000000	NULL	2025-06-24 04:31:02	2025-06-24 04:31:02
1569	Nylon	Egypt	Sampling	water	Water	0.19900000000000000000	NULL	2025-06-24 04:31:02	2025-06-24 04:31:02
1570	Nylon	Egypt	Spinning	carbon dioxide	Gas	1.04400000000000000000	NULL	2025-06-24 04:31:02	2025-06-24 04:31:02
1571	Nylon	Egypt	Spinning	energy	Electricity	4.21200000000000000000	NULL	2025-06-24 04:31:02	2025-06-24 04:31:02
1572	Nylon	Egypt	Spinning	water	Water	0.49700000000000000000	NULL	2025-06-24 04:31:02	2025-06-24 04:31:02
1573	Nylon	Egypt	Trims	carbon dioxide	Gas	0.10600000000000000000	NULL	2025-06-24 04:31:02	2025-06-24 04:31:02
1574	Nylon	Egypt	Trims	energy	Electricity	1.03200000000000000000	NULL	2025-06-24 04:31:02	2025-06-24 04:31:02
1575	Nylon	Egypt	Trims	water	Water	0.20300000000000000000	NULL	2025-06-24 04:31:02	2025-06-24 04:31:02
1576	Nylon	Egypt	Weaving	carbon dioxide	Gas	1.22500000000000000000	NULL	2025-06-24 04:31:02	2025-06-24 04:31:02
1577	Nylon	Egypt	Weaving	energy	Electricity	5.85900000000000000000	NULL	2025-06-24 04:31:02	2025-06-24 04:31:02
1578	Nylon	Egypt	Weaving	water	Water	2.06500000000000000000	NULL	2025-06-24 04:31:02	2025-06-24 04:31:02
1579	Polyester	Egypt	Dyeing	carbon dioxide	Gas	4.24500000000000000000	NULL	2025-06-24 04:31:02	2025-06-24 04:31:02
1580	Polyester	Egypt	Dyeing	energy	Electricity	19.61700000000000000000	NULL	2025-06-24 04:31:02	2025-06-24 04:31:02
1581	Polyester	Egypt	Dyeing	water	Water	9.60600000000000000000	NULL	2025-06-24 04:31:02	2025-06-24 04:31:02
1582	Polyester	Egypt	Manufacturing	carbon dioxide	Gas	0.15900000000000000000	NULL	2025-06-24 04:31:02	2025-06-24 04:31:02
1583	Polyester	Egypt	Manufacturing	energy	Electricity	2.61600000000000000000	NULL	2025-06-24 04:31:02	2025-06-24 04:31:02
1584	Polyester	Egypt	Manufacturing	water	Water	1.87500000000000000000	NULL	2025-06-24 04:31:02	2025-06-24 04:31:02
1585	Polyester	Egypt	Raw Material	carbon dioxide	Gas	3.27300000000000000000	NULL	2025-06-24 04:31:02	2025-06-24 04:31:02
1586	Polyester	Egypt	Raw Material	energy	Electricity	63.38600000000000000000	NULL	2025-06-24 04:31:02	2025-06-24 04:31:02
1587	Polyester	Egypt	Raw Material	water	Water	20.17200000000000000000	NULL	2025-06-24 04:31:02	2025-06-24 04:31:02
1588	Polyester	Egypt	Sampling	carbon dioxide	Gas	0.08500000000000000000	NULL	2025-06-24 04:31:02	2025-06-24 04:31:02
1589	Polyester	Egypt	Sampling	energy	Electricity	1.08400000000000000000	NULL	2025-06-24 04:31:02	2025-06-24 04:31:02
1590	Polyester	Egypt	Sampling	water	Water	0.18300000000000000000	NULL	2025-06-24 04:31:02	2025-06-24 04:31:02
1591	Polyester	Egypt	Spinning	carbon dioxide	Gas	0.94700000000000000000	NULL	2025-06-24 04:31:02	2025-06-24 04:31:02
1592	Polyester	Egypt	Spinning	energy	Electricity	3.80000000000000000000	NULL	2025-06-24 04:31:02	2025-06-24 04:31:02
1593	Polyester	Egypt	Spinning	water	Water	0.52300000000000000000	NULL	2025-06-24 04:31:02	2025-06-24 04:31:02
1594	Polyester	Egypt	Trims	carbon dioxide	Gas	0.09900000000000000000	NULL	2025-06-24 04:31:02	2025-06-24 04:31:02
1595	Polyester	Egypt	Trims	energy	Electricity	0.99900000000000000000	NULL	2025-06-24 04:31:02	2025-06-24 04:31:02
1596	Polyester	Egypt	Trims	water	Water	0.19600000000000000000	NULL	2025-06-24 04:31:02	2025-06-24 04:31:02
1597	Polyester	Egypt	Weaving	carbon dioxide	Gas	1.24100000000000000000	NULL	2025-06-24 04:31:02	2025-06-24 04:31:02
1598	Polyester	Egypt	Weaving	energy	Electricity	5.20600000000000000000	NULL	2025-06-24 04:31:02	2025-06-24 04:31:02
1599	Polyester	Egypt	Weaving	water	Water	1.82600000000000000000	NULL	2025-06-24 04:31:02	2025-06-24 04:31:02
1600	Silk	Egypt	Dyeing	carbon dioxide	Gas	3.06400000000000000000	NULL	2025-06-24 04:31:02	2025-06-24 04:31:02
1601	Silk	Egypt	Dyeing	energy	Electricity	18.68000000000000000000	NULL	2025-06-24 04:31:02	2025-06-24 04:31:02
1602	Silk	Egypt	Dyeing	water	Water	48.96100000000000000000	NULL	2025-06-24 04:31:02	2025-06-24 04:31:02
1603	Silk	Egypt	Manufacturing	carbon dioxide	Gas	0.25000000000000000000	NULL	2025-06-24 04:31:02	2025-06-24 04:31:02
1604	Silk	Egypt	Manufacturing	energy	Electricity	3.92800000000000000000	NULL	2025-06-24 04:31:02	2025-06-24 04:31:02
1605	Silk	Egypt	Manufacturing	water	Water	4.39300000000000000000	NULL	2025-06-24 04:31:02	2025-06-24 04:31:02
1606	Silk	Egypt	Raw Material	carbon dioxide	Gas	1.93700000000000000000	NULL	2025-06-24 04:31:02	2025-06-24 04:31:02
1607	Silk	Egypt	Raw Material	energy	Electricity	32.93800000000000000000	NULL	2025-06-24 04:31:02	2025-06-24 04:31:02
1608	Silk	Egypt	Raw Material	water	Water	9504.51700000000000000000	NULL	2025-06-24 04:31:02	2025-06-24 04:31:02
1609	Silk	Egypt	Sampling	carbon dioxide	Gas	0.11700000000000000000	NULL	2025-06-24 04:31:02	2025-06-24 04:31:02
1610	Silk	Egypt	Sampling	energy	Electricity	1.76800000000000000000	NULL	2025-06-24 04:31:02	2025-06-24 04:31:02
1611	Silk	Egypt	Sampling	water	Water	0.43400000000000000000	NULL	2025-06-24 04:31:02	2025-06-24 04:31:02
1612	Silk	Egypt	Spinning	carbon dioxide	Gas	0.62600000000000000000	NULL	2025-06-24 04:31:02	2025-06-24 04:31:02
1613	Silk	Egypt	Spinning	energy	Electricity	7.16100000000000000000	NULL	2025-06-24 04:31:02	2025-06-24 04:31:02
1614	Silk	Egypt	Spinning	water	Water	1.37900000000000000000	NULL	2025-06-24 04:31:02	2025-06-24 04:31:02
1615	Silk	Egypt	Trims	carbon dioxide	Gas	0.11600000000000000000	NULL	2025-06-24 04:31:02	2025-06-24 04:31:02
1616	Silk	Egypt	Trims	energy	Electricity	1.73600000000000000000	NULL	2025-06-24 04:31:02	2025-06-24 04:31:02
1617	Silk	Egypt	Trims	water	Water	0.43200000000000000000	NULL	2025-06-24 04:31:02	2025-06-24 04:31:02
1618	Silk	Egypt	Weaving	carbon dioxide	Gas	1.07100000000000000000	NULL	2025-06-24 04:31:02	2025-06-24 04:31:02
1619	Silk	Egypt	Weaving	energy	Electricity	7.81700000000000000000	NULL	2025-06-24 04:31:02	2025-06-24 04:31:02
1620	Silk	Egypt	Weaving	water	Water	3.69000000000000000000	NULL	2025-06-24 04:31:02	2025-06-24 04:31:02
1621	Cotton	El Salvador	Dyeing	carbon dioxide	Gas	2.68300000000000000000	NULL	2025-06-24 04:31:02	2025-06-24 04:31:02
1622	Cotton	El Salvador	Dyeing	energy	Electricity	17.31900000000000000000	NULL	2025-06-24 04:31:02	2025-06-24 04:31:02
1623	Cotton	El Salvador	Dyeing	water	Water	52.77900000000000000000	NULL	2025-06-24 04:31:02	2025-06-24 04:31:02
1624	Cotton	El Salvador	Manufacturing	carbon dioxide	Gas	0.20700000000000000000	NULL	2025-06-24 04:31:02	2025-06-24 04:31:02
1625	Cotton	El Salvador	Manufacturing	energy	Electricity	3.29900000000000000000	NULL	2025-06-24 04:31:02	2025-06-24 04:31:02
1626	Cotton	El Salvador	Manufacturing	water	Water	4.71900000000000000000	NULL	2025-06-24 04:31:02	2025-06-24 04:31:02
1627	Cotton	El Salvador	Raw Material	carbon dioxide	Gas	1.54000000000000000000	NULL	2025-06-24 04:31:02	2025-06-24 04:31:02
1628	Cotton	El Salvador	Raw Material	energy	Electricity	10.25500000000000000000	NULL	2025-06-24 04:31:02	2025-06-24 04:31:02
1629	Cotton	El Salvador	Raw Material	water	Water	10953.67100000000000000000	NULL	2025-06-24 04:31:02	2025-06-24 04:31:02
1630	Cotton	El Salvador	Sampling	carbon dioxide	Gas	0.10800000000000000000	NULL	2025-06-24 04:31:02	2025-06-24 04:31:02
1631	Cotton	El Salvador	Sampling	energy	Electricity	1.69000000000000000000	NULL	2025-06-24 04:31:02	2025-06-24 04:31:02
1632	Cotton	El Salvador	Sampling	water	Water	0.47600000000000000000	NULL	2025-06-24 04:31:02	2025-06-24 04:31:02
1633	Cotton	El Salvador	Spinning	carbon dioxide	Gas	0.49700000000000000000	NULL	2025-06-24 04:31:02	2025-06-24 04:31:02
1634	Cotton	El Salvador	Spinning	energy	Electricity	6.27000000000000000000	NULL	2025-06-24 04:31:02	2025-06-24 04:31:02
1635	Cotton	El Salvador	Spinning	water	Water	1.84800000000000000000	NULL	2025-06-24 04:31:02	2025-06-24 04:31:02
1636	Cotton	El Salvador	Trims	carbon dioxide	Gas	0.09600000000000000000	NULL	2025-06-24 04:31:02	2025-06-24 04:31:02
1637	Cotton	El Salvador	Trims	energy	Electricity	1.81700000000000000000	NULL	2025-06-24 04:31:02	2025-06-24 04:31:02
1638	Cotton	El Salvador	Trims	water	Water	0.47400000000000000000	NULL	2025-06-24 04:31:02	2025-06-24 04:31:02
1639	Cotton	El Salvador	Weaving	carbon dioxide	Gas	0.85300000000000000000	NULL	2025-06-24 04:31:02	2025-06-24 04:31:02
1640	Cotton	El Salvador	Weaving	energy	Electricity	6.51200000000000000000	NULL	2025-06-24 04:31:02	2025-06-24 04:31:02
1641	Cotton	El Salvador	Weaving	water	Water	5.31300000000000000000	NULL	2025-06-24 04:31:02	2025-06-24 04:31:02
1642	Hemp	El Salvador	Dyeing	carbon dioxide	Gas	2.17100000000000000000	NULL	2025-06-24 04:31:02	2025-06-24 04:31:02
1643	Hemp	El Salvador	Dyeing	energy	Electricity	13.32200000000000000000	NULL	2025-06-24 04:31:02	2025-06-24 04:31:02
1644	Hemp	El Salvador	Dyeing	water	Water	32.83500000000000000000	NULL	2025-06-24 04:31:02	2025-06-24 04:31:02
1645	Hemp	El Salvador	Manufacturing	carbon dioxide	Gas	0.12200000000000000000	NULL	2025-06-24 04:31:02	2025-06-24 04:31:02
1646	Hemp	El Salvador	Manufacturing	energy	Electricity	2.76900000000000000000	NULL	2025-06-24 04:31:02	2025-06-24 04:31:02
1647	Hemp	El Salvador	Manufacturing	water	Water	2.30300000000000000000	NULL	2025-06-24 04:31:02	2025-06-24 04:31:02
1648	Hemp	El Salvador	Raw Material	carbon dioxide	Gas	0.18400000000000000000	NULL	2025-06-24 04:31:02	2025-06-24 04:31:02
1649	Hemp	El Salvador	Raw Material	energy	Electricity	4.71100000000000000000	NULL	2025-06-24 04:31:02	2025-06-24 04:31:02
1650	Hemp	El Salvador	Raw Material	water	Water	549.01000000000000000000	NULL	2025-06-24 04:31:02	2025-06-24 04:31:02
1651	Hemp	El Salvador	Sampling	carbon dioxide	Gas	0.06900000000000000000	NULL	2025-06-24 04:31:02	2025-06-24 04:31:02
1652	Hemp	El Salvador	Sampling	energy	Electricity	0.85600000000000000000	NULL	2025-06-24 04:31:02	2025-06-24 04:31:02
1653	Hemp	El Salvador	Sampling	water	Water	0.24000000000000000000	NULL	2025-06-24 04:31:02	2025-06-24 04:31:02
1654	Hemp	El Salvador	Spinning	carbon dioxide	Gas	0.41400000000000000000	NULL	2025-06-24 04:31:02	2025-06-24 04:31:02
1655	Hemp	El Salvador	Spinning	energy	Electricity	3.00800000000000000000	NULL	2025-06-24 04:31:02	2025-06-24 04:31:02
1656	Hemp	El Salvador	Spinning	water	Water	0.86500000000000000000	NULL	2025-06-24 04:31:02	2025-06-24 04:31:02
1657	Hemp	El Salvador	Trims	carbon dioxide	Gas	0.06800000000000000000	NULL	2025-06-24 04:31:02	2025-06-24 04:31:02
1658	Hemp	El Salvador	Trims	energy	Electricity	0.82100000000000000000	NULL	2025-06-24 04:31:02	2025-06-24 04:31:02
1659	Hemp	El Salvador	Trims	water	Water	0.23800000000000000000	NULL	2025-06-24 04:31:02	2025-06-24 04:31:02
1660	Hemp	El Salvador	Weaving	carbon dioxide	Gas	0.60500000000000000000	NULL	2025-06-24 04:31:02	2025-06-24 04:31:02
1661	Hemp	El Salvador	Weaving	energy	Electricity	4.09200000000000000000	NULL	2025-06-24 04:31:02	2025-06-24 04:31:02
1662	Hemp	El Salvador	Weaving	water	Water	2.56800000000000000000	NULL	2025-06-24 04:31:02	2025-06-24 04:31:02
1663	Nylon	El Salvador	Dyeing	carbon dioxide	Gas	2.92400000000000000000	NULL	2025-06-24 04:31:02	2025-06-24 04:31:02
1664	Nylon	El Salvador	Dyeing	energy	Electricity	19.06200000000000000000	NULL	2025-06-24 04:31:02	2025-06-24 04:31:02
1665	Nylon	El Salvador	Dyeing	water	Water	15.08800000000000000000	NULL	2025-06-24 04:31:02	2025-06-24 04:31:02
1666	Nylon	El Salvador	Manufacturing	carbon dioxide	Gas	0.17200000000000000000	NULL	2025-06-24 04:31:02	2025-06-24 04:31:02
1667	Nylon	El Salvador	Manufacturing	energy	Electricity	3.17700000000000000000	NULL	2025-06-24 04:31:02	2025-06-24 04:31:02
1668	Nylon	El Salvador	Manufacturing	water	Water	2.02100000000000000000	NULL	2025-06-24 04:31:02	2025-06-24 04:31:02
1669	Nylon	El Salvador	Raw Material	carbon dioxide	Gas	5.22100000000000000000	NULL	2025-06-24 04:31:02	2025-06-24 04:31:02
1670	Nylon	El Salvador	Raw Material	energy	Electricity	57.28800000000000000000	NULL	2025-06-24 04:31:02	2025-06-24 04:31:02
1671	Nylon	El Salvador	Raw Material	water	Water	19.91400000000000000000	NULL	2025-06-24 04:31:02	2025-06-24 04:31:02
1672	Nylon	El Salvador	Sampling	carbon dioxide	Gas	0.08800000000000000000	NULL	2025-06-24 04:31:02	2025-06-24 04:31:02
1673	Nylon	El Salvador	Sampling	energy	Electricity	1.05300000000000000000	NULL	2025-06-24 04:31:02	2025-06-24 04:31:02
1674	Nylon	El Salvador	Sampling	water	Water	0.20300000000000000000	NULL	2025-06-24 04:31:02	2025-06-24 04:31:02
1675	Nylon	El Salvador	Spinning	carbon dioxide	Gas	0.93700000000000000000	NULL	2025-06-24 04:31:02	2025-06-24 04:31:02
1676	Nylon	El Salvador	Spinning	energy	Electricity	4.17500000000000000000	NULL	2025-06-24 04:31:02	2025-06-24 04:31:02
1677	Nylon	El Salvador	Spinning	water	Water	0.51900000000000000000	NULL	2025-06-24 04:31:02	2025-06-24 04:31:02
1678	Nylon	El Salvador	Trims	carbon dioxide	Gas	0.09400000000000000000	NULL	2025-06-24 04:31:02	2025-06-24 04:31:02
1679	Nylon	El Salvador	Trims	energy	Electricity	1.05000000000000000000	NULL	2025-06-24 04:31:02	2025-06-24 04:31:02
1680	Nylon	El Salvador	Trims	water	Water	0.19600000000000000000	NULL	2025-06-24 04:31:02	2025-06-24 04:31:02
1681	Nylon	El Salvador	Weaving	carbon dioxide	Gas	1.09000000000000000000	NULL	2025-06-24 04:31:02	2025-06-24 04:31:02
1682	Nylon	El Salvador	Weaving	energy	Electricity	6.00900000000000000000	NULL	2025-06-24 04:31:02	2025-06-24 04:31:02
1683	Nylon	El Salvador	Weaving	water	Water	2.03600000000000000000	NULL	2025-06-24 04:31:02	2025-06-24 04:31:02
1684	Polyester	El Salvador	Dyeing	carbon dioxide	Gas	3.33400000000000000000	NULL	2025-06-24 04:31:02	2025-06-24 04:31:02
1685	Polyester	El Salvador	Dyeing	energy	Electricity	19.59100000000000000000	NULL	2025-06-24 04:31:02	2025-06-24 04:31:02
1686	Polyester	El Salvador	Dyeing	water	Water	10.22400000000000000000	NULL	2025-06-24 04:31:02	2025-06-24 04:31:02
1687	Polyester	El Salvador	Manufacturing	carbon dioxide	Gas	0.14100000000000000000	NULL	2025-06-24 04:31:02	2025-06-24 04:31:02
1688	Polyester	El Salvador	Manufacturing	energy	Electricity	2.70100000000000000000	NULL	2025-06-24 04:31:02	2025-06-24 04:31:02
1689	Polyester	El Salvador	Manufacturing	water	Water	1.89700000000000000000	NULL	2025-06-24 04:31:02	2025-06-24 04:31:02
1690	Polyester	El Salvador	Raw Material	carbon dioxide	Gas	2.90000000000000000000	NULL	2025-06-24 04:31:02	2025-06-24 04:31:02
1691	Polyester	El Salvador	Raw Material	energy	Electricity	72.96900000000000000000	NULL	2025-06-24 04:31:02	2025-06-24 04:31:02
1692	Polyester	El Salvador	Raw Material	water	Water	20.40500000000000000000	NULL	2025-06-24 04:31:02	2025-06-24 04:31:02
1693	Polyester	El Salvador	Sampling	carbon dioxide	Gas	0.07700000000000000000	NULL	2025-06-24 04:31:02	2025-06-24 04:31:02
1694	Polyester	El Salvador	Sampling	energy	Electricity	1.17400000000000000000	NULL	2025-06-24 04:31:02	2025-06-24 04:31:02
1695	Polyester	El Salvador	Sampling	water	Water	0.18300000000000000000	NULL	2025-06-24 04:31:02	2025-06-24 04:31:02
1696	Polyester	El Salvador	Spinning	carbon dioxide	Gas	0.72300000000000000000	NULL	2025-06-24 04:31:02	2025-06-24 04:31:02
1697	Polyester	El Salvador	Spinning	energy	Electricity	3.25400000000000000000	NULL	2025-06-24 04:31:02	2025-06-24 04:31:02
1698	Polyester	El Salvador	Spinning	water	Water	0.48600000000000000000	NULL	2025-06-24 04:31:02	2025-06-24 04:31:02
1699	Polyester	El Salvador	Trims	carbon dioxide	Gas	0.07500000000000000000	NULL	2025-06-24 04:31:02	2025-06-24 04:31:02
1700	Polyester	El Salvador	Trims	energy	Electricity	1.04000000000000000000	NULL	2025-06-24 04:31:02	2025-06-24 04:31:02
1701	Polyester	El Salvador	Trims	water	Water	0.19400000000000000000	NULL	2025-06-24 04:31:02	2025-06-24 04:31:02
1702	Polyester	El Salvador	Weaving	carbon dioxide	Gas	0.93700000000000000000	NULL	2025-06-24 04:31:02	2025-06-24 04:31:02
1703	Polyester	El Salvador	Weaving	energy	Electricity	5.55900000000000000000	NULL	2025-06-24 04:31:02	2025-06-24 04:31:02
1704	Polyester	El Salvador	Weaving	water	Water	1.96800000000000000000	NULL	2025-06-24 04:31:02	2025-06-24 04:31:02
1705	Wool	El Salvador	Dyeing	carbon dioxide	Gas	3.11400000000000000000	NULL	2025-06-24 04:31:02	2025-06-24 04:31:02
1706	Wool	El Salvador	Dyeing	energy	Electricity	18.13900000000000000000	NULL	2025-06-24 04:31:02	2025-06-24 04:31:02
1707	Wool	El Salvador	Dyeing	water	Water	41.07700000000000000000	NULL	2025-06-24 04:31:02	2025-06-24 04:31:02
1708	Wool	El Salvador	Manufacturing	carbon dioxide	Gas	0.17800000000000000000	NULL	2025-06-24 04:31:02	2025-06-24 04:31:02
1709	Wool	El Salvador	Manufacturing	energy	Electricity	3.29000000000000000000	NULL	2025-06-24 04:31:02	2025-06-24 04:31:02
1710	Wool	El Salvador	Manufacturing	water	Water	2.79500000000000000000	NULL	2025-06-24 04:31:02	2025-06-24 04:31:02
1711	Wool	El Salvador	Raw Material	carbon dioxide	Gas	7.74700000000000000000	NULL	2025-06-24 04:31:02	2025-06-24 04:31:02
1712	Wool	El Salvador	Raw Material	energy	Electricity	21.39000000000000000000	NULL	2025-06-24 04:31:02	2025-06-24 04:31:02
1713	Wool	El Salvador	Raw Material	water	Water	844.02700000000000000000	NULL	2025-06-24 04:31:02	2025-06-24 04:31:02
1714	Wool	El Salvador	Sampling	carbon dioxide	Gas	0.09100000000000000000	NULL	2025-06-24 04:31:02	2025-06-24 04:31:02
1715	Wool	El Salvador	Sampling	energy	Electricity	1.53400000000000000000	NULL	2025-06-24 04:31:02	2025-06-24 04:31:02
1716	Wool	El Salvador	Sampling	water	Water	0.32500000000000000000	NULL	2025-06-24 04:31:02	2025-06-24 04:31:02
1717	Wool	El Salvador	Spinning	carbon dioxide	Gas	0.73400000000000000000	NULL	2025-06-24 04:31:02	2025-06-24 04:31:02
1718	Wool	El Salvador	Spinning	energy	Electricity	5.49700000000000000000	NULL	2025-06-24 04:31:02	2025-06-24 04:31:02
1719	Wool	El Salvador	Spinning	water	Water	0.92900000000000000000	NULL	2025-06-24 04:31:02	2025-06-24 04:31:02
1720	Wool	El Salvador	Trims	carbon dioxide	Gas	0.09000000000000000000	NULL	2025-06-24 04:31:02	2025-06-24 04:31:02
1721	Wool	El Salvador	Trims	energy	Electricity	1.50800000000000000000	NULL	2025-06-24 04:31:02	2025-06-24 04:31:02
1722	Wool	El Salvador	Trims	water	Water	0.29200000000000000000	NULL	2025-06-24 04:31:02	2025-06-24 04:31:02
1723	Wool	El Salvador	Weaving	carbon dioxide	Gas	0.84700000000000000000	NULL	2025-06-24 04:31:02	2025-06-24 04:31:02
1724	Wool	El Salvador	Weaving	energy	Electricity	6.53500000000000000000	NULL	2025-06-24 04:31:02	2025-06-24 04:31:02
1725	Wool	El Salvador	Weaving	water	Water	3.13700000000000000000	NULL	2025-06-24 04:31:02	2025-06-24 04:31:02
1726	Cotton	Ethiopia	Dyeing	carbon dioxide	Gas	2.46000000000000000000	NULL	2025-06-24 04:31:02	2025-06-24 04:31:02
1727	Cotton	Ethiopia	Dyeing	energy	Electricity	16.73000000000000000000	NULL	2025-06-24 04:31:02	2025-06-24 04:31:02
1728	Cotton	Ethiopia	Dyeing	water	Water	45.18600000000000000000	NULL	2025-06-24 04:31:02	2025-06-24 04:31:02
1729	Cotton	Ethiopia	Manufacturing	carbon dioxide	Gas	0.19800000000000000000	NULL	2025-06-24 04:31:02	2025-06-24 04:31:02
1730	Cotton	Ethiopia	Manufacturing	energy	Electricity	3.59500000000000000000	NULL	2025-06-24 04:31:02	2025-06-24 04:31:02
1731	Cotton	Ethiopia	Manufacturing	water	Water	5.26700000000000000000	NULL	2025-06-24 04:31:02	2025-06-24 04:31:02
1732	Cotton	Ethiopia	Raw Material	carbon dioxide	Gas	1.53600000000000000000	NULL	2025-06-24 04:31:02	2025-06-24 04:31:02
1733	Cotton	Ethiopia	Raw Material	energy	Electricity	10.40600000000000000000	NULL	2025-06-24 04:31:02	2025-06-24 04:31:02
1734	Cotton	Ethiopia	Raw Material	water	Water	10571.07600000000000000000	NULL	2025-06-24 04:31:02	2025-06-24 04:31:02
1735	Cotton	Ethiopia	Sampling	carbon dioxide	Gas	0.08500000000000000000	NULL	2025-06-24 04:31:02	2025-06-24 04:31:02
1736	Cotton	Ethiopia	Sampling	energy	Electricity	1.69600000000000000000	NULL	2025-06-24 04:31:02	2025-06-24 04:31:02
1737	Cotton	Ethiopia	Sampling	water	Water	0.45300000000000000000	NULL	2025-06-24 04:31:02	2025-06-24 04:31:02
1738	Cotton	Ethiopia	Spinning	carbon dioxide	Gas	0.45200000000000000000	NULL	2025-06-24 04:31:02	2025-06-24 04:31:02
1739	Cotton	Ethiopia	Spinning	energy	Electricity	6.64100000000000000000	NULL	2025-06-24 04:31:02	2025-06-24 04:31:02
1740	Cotton	Ethiopia	Spinning	water	Water	1.76500000000000000000	NULL	2025-06-24 04:31:02	2025-06-24 04:31:02
1741	Cotton	Ethiopia	Trims	carbon dioxide	Gas	0.08200000000000000000	NULL	2025-06-24 04:31:02	2025-06-24 04:31:02
1742	Cotton	Ethiopia	Trims	energy	Electricity	1.70400000000000000000	NULL	2025-06-24 04:31:02	2025-06-24 04:31:02
1743	Cotton	Ethiopia	Trims	water	Water	0.53200000000000000000	NULL	2025-06-24 04:31:02	2025-06-24 04:31:02
1744	Cotton	Ethiopia	Weaving	carbon dioxide	Gas	0.68900000000000000000	NULL	2025-06-24 04:31:02	2025-06-24 04:31:02
1745	Cotton	Ethiopia	Weaving	energy	Electricity	7.46300000000000000000	NULL	2025-06-24 04:31:02	2025-06-24 04:31:02
1746	Cotton	Ethiopia	Weaving	water	Water	5.16300000000000000000	NULL	2025-06-24 04:31:02	2025-06-24 04:31:02
1747	Hemp	Ethiopia	Dyeing	carbon dioxide	Gas	1.75400000000000000000	NULL	2025-06-24 04:31:02	2025-06-24 04:31:02
1748	Hemp	Ethiopia	Dyeing	energy	Electricity	13.02000000000000000000	NULL	2025-06-24 04:31:02	2025-06-24 04:31:02
1749	Hemp	Ethiopia	Dyeing	water	Water	32.77000000000000000000	NULL	2025-06-24 04:31:02	2025-06-24 04:31:02
1750	Hemp	Ethiopia	Manufacturing	carbon dioxide	Gas	0.11300000000000000000	NULL	2025-06-24 04:31:02	2025-06-24 04:31:02
1751	Hemp	Ethiopia	Manufacturing	energy	Electricity	2.62600000000000000000	NULL	2025-06-24 04:31:02	2025-06-24 04:31:02
1752	Hemp	Ethiopia	Manufacturing	water	Water	2.55500000000000000000	NULL	2025-06-24 04:31:02	2025-06-24 04:31:02
1753	Hemp	Ethiopia	Raw Material	carbon dioxide	Gas	0.17700000000000000000	NULL	2025-06-24 04:31:02	2025-06-24 04:31:02
1754	Hemp	Ethiopia	Raw Material	energy	Electricity	4.82800000000000000000	NULL	2025-06-24 04:31:02	2025-06-24 04:31:02
1755	Hemp	Ethiopia	Raw Material	water	Water	482.56900000000000000000	NULL	2025-06-24 04:31:02	2025-06-24 04:31:02
1756	Hemp	Ethiopia	Sampling	carbon dioxide	Gas	0.05900000000000000000	NULL	2025-06-24 04:31:02	2025-06-24 04:31:02
1757	Hemp	Ethiopia	Sampling	energy	Electricity	0.98000000000000000000	NULL	2025-06-24 04:31:02	2025-06-24 04:31:02
1758	Hemp	Ethiopia	Sampling	water	Water	0.22700000000000000000	NULL	2025-06-24 04:31:02	2025-06-24 04:31:02
1759	Hemp	Ethiopia	Spinning	carbon dioxide	Gas	0.34700000000000000000	NULL	2025-06-24 04:31:02	2025-06-24 04:31:02
1760	Hemp	Ethiopia	Spinning	energy	Electricity	3.09700000000000000000	NULL	2025-06-24 04:31:02	2025-06-24 04:31:02
1761	Hemp	Ethiopia	Spinning	water	Water	0.87000000000000000000	NULL	2025-06-24 04:31:02	2025-06-24 04:31:02
1762	Hemp	Ethiopia	Trims	carbon dioxide	Gas	0.06300000000000000000	NULL	2025-06-24 04:31:02	2025-06-24 04:31:02
1763	Hemp	Ethiopia	Trims	energy	Electricity	0.89400000000000000000	NULL	2025-06-24 04:31:02	2025-06-24 04:31:02
1764	Hemp	Ethiopia	Trims	water	Water	0.26200000000000000000	NULL	2025-06-24 04:31:02	2025-06-24 04:31:02
1765	Hemp	Ethiopia	Weaving	carbon dioxide	Gas	0.54100000000000000000	NULL	2025-06-24 04:31:02	2025-06-24 04:31:02
1766	Hemp	Ethiopia	Weaving	energy	Electricity	4.05900000000000000000	NULL	2025-06-24 04:31:02	2025-06-24 04:31:02
1767	Hemp	Ethiopia	Weaving	water	Water	2.62700000000000000000	NULL	2025-06-24 04:31:02	2025-06-24 04:31:02
1768	Nylon	Ethiopia	Dyeing	carbon dioxide	Gas	2.74400000000000000000	NULL	2025-06-24 04:31:02	2025-06-24 04:31:02
1769	Nylon	Ethiopia	Dyeing	energy	Electricity	19.74700000000000000000	NULL	2025-06-24 04:31:02	2025-06-24 04:31:02
1770	Nylon	Ethiopia	Dyeing	water	Water	14.90300000000000000000	NULL	2025-06-24 04:31:02	2025-06-24 04:31:02
1771	Nylon	Ethiopia	Manufacturing	carbon dioxide	Gas	0.16000000000000000000	NULL	2025-06-24 04:31:02	2025-06-24 04:31:02
1772	Nylon	Ethiopia	Manufacturing	energy	Electricity	3.31400000000000000000	NULL	2025-06-24 04:31:02	2025-06-24 04:31:02
1773	Nylon	Ethiopia	Manufacturing	water	Water	1.94900000000000000000	NULL	2025-06-24 04:31:02	2025-06-24 04:31:02
1774	Nylon	Ethiopia	Raw Material	carbon dioxide	Gas	4.56500000000000000000	NULL	2025-06-24 04:31:02	2025-06-24 04:31:02
1775	Nylon	Ethiopia	Raw Material	energy	Electricity	61.13800000000000000000	NULL	2025-06-24 04:31:02	2025-06-24 04:31:02
1776	Nylon	Ethiopia	Raw Material	water	Water	20.09200000000000000000	NULL	2025-06-24 04:31:02	2025-06-24 04:31:02
1777	Nylon	Ethiopia	Sampling	carbon dioxide	Gas	0.08400000000000000000	NULL	2025-06-24 04:31:02	2025-06-24 04:31:02
1778	Nylon	Ethiopia	Sampling	energy	Electricity	1.02900000000000000000	NULL	2025-06-24 04:31:02	2025-06-24 04:31:02
1779	Nylon	Ethiopia	Sampling	water	Water	0.19300000000000000000	NULL	2025-06-24 04:31:02	2025-06-24 04:31:02
1780	Nylon	Ethiopia	Spinning	carbon dioxide	Gas	0.77100000000000000000	NULL	2025-06-24 04:31:02	2025-06-24 04:31:02
1781	Nylon	Ethiopia	Spinning	energy	Electricity	4.42900000000000000000	NULL	2025-06-24 04:31:02	2025-06-24 04:31:02
1782	Nylon	Ethiopia	Spinning	water	Water	0.51700000000000000000	NULL	2025-06-24 04:31:02	2025-06-24 04:31:02
1783	Nylon	Ethiopia	Trims	carbon dioxide	Gas	0.08300000000000000000	NULL	2025-06-24 04:31:02	2025-06-24 04:31:02
1784	Nylon	Ethiopia	Trims	energy	Electricity	1.07100000000000000000	NULL	2025-06-24 04:31:02	2025-06-24 04:31:02
1785	Nylon	Ethiopia	Trims	water	Water	0.20200000000000000000	NULL	2025-06-24 04:31:02	2025-06-24 04:31:02
1786	Nylon	Ethiopia	Weaving	carbon dioxide	Gas	0.99300000000000000000	NULL	2025-06-24 04:31:02	2025-06-24 04:31:02
1787	Nylon	Ethiopia	Weaving	energy	Electricity	5.61900000000000000000	NULL	2025-06-24 04:31:02	2025-06-24 04:31:02
1788	Nylon	Ethiopia	Weaving	water	Water	2.02500000000000000000	NULL	2025-06-24 04:31:02	2025-06-24 04:31:02
1789	Polyester	Ethiopia	Dyeing	carbon dioxide	Gas	3.04000000000000000000	NULL	2025-06-24 04:31:02	2025-06-24 04:31:02
1790	Polyester	Ethiopia	Dyeing	energy	Electricity	19.83700000000000000000	NULL	2025-06-24 04:31:02	2025-06-24 04:31:02
1791	Polyester	Ethiopia	Dyeing	water	Water	10.40300000000000000000	NULL	2025-06-24 04:31:02	2025-06-24 04:31:02
1792	Polyester	Ethiopia	Manufacturing	carbon dioxide	Gas	0.14000000000000000000	NULL	2025-06-24 04:31:02	2025-06-24 04:31:02
1793	Polyester	Ethiopia	Manufacturing	energy	Electricity	2.74900000000000000000	NULL	2025-06-24 04:31:02	2025-06-24 04:31:02
1794	Polyester	Ethiopia	Manufacturing	water	Water	1.83300000000000000000	NULL	2025-06-24 04:31:02	2025-06-24 04:31:02
1795	Polyester	Ethiopia	Raw Material	carbon dioxide	Gas	2.71500000000000000000	NULL	2025-06-24 04:31:02	2025-06-24 04:31:02
1796	Polyester	Ethiopia	Raw Material	energy	Electricity	63.30900000000000000000	NULL	2025-06-24 04:31:02	2025-06-24 04:31:02
1797	Polyester	Ethiopia	Raw Material	water	Water	19.77400000000000000000	NULL	2025-06-24 04:31:02	2025-06-24 04:31:02
1798	Polyester	Ethiopia	Sampling	carbon dioxide	Gas	0.07500000000000000000	NULL	2025-06-24 04:31:02	2025-06-24 04:31:02
1799	Polyester	Ethiopia	Sampling	energy	Electricity	1.11000000000000000000	NULL	2025-06-24 04:31:02	2025-06-24 04:31:02
1800	Polyester	Ethiopia	Sampling	water	Water	0.21300000000000000000	NULL	2025-06-24 04:31:02	2025-06-24 04:31:02
1801	Polyester	Ethiopia	Spinning	carbon dioxide	Gas	0.69900000000000000000	NULL	2025-06-24 04:31:02	2025-06-24 04:31:02
1802	Polyester	Ethiopia	Spinning	energy	Electricity	3.91800000000000000000	NULL	2025-06-24 04:31:02	2025-06-24 04:31:02
1803	Polyester	Ethiopia	Spinning	water	Water	0.52300000000000000000	NULL	2025-06-24 04:31:02	2025-06-24 04:31:02
1804	Polyester	Ethiopia	Trims	carbon dioxide	Gas	0.06500000000000000000	NULL	2025-06-24 04:31:02	2025-06-24 04:31:02
1805	Polyester	Ethiopia	Trims	energy	Electricity	1.03100000000000000000	NULL	2025-06-24 04:31:02	2025-06-24 04:31:02
1806	Polyester	Ethiopia	Trims	water	Water	0.21200000000000000000	NULL	2025-06-24 04:31:02	2025-06-24 04:31:02
1807	Polyester	Ethiopia	Weaving	carbon dioxide	Gas	0.92400000000000000000	NULL	2025-06-24 04:31:02	2025-06-24 04:31:02
1808	Polyester	Ethiopia	Weaving	energy	Electricity	5.52300000000000000000	NULL	2025-06-24 04:31:02	2025-06-24 04:31:02
1809	Polyester	Ethiopia	Weaving	water	Water	2.13200000000000000000	NULL	2025-06-24 04:31:02	2025-06-24 04:31:02
1810	Silk	Ethiopia	Dyeing	carbon dioxide	Gas	2.74200000000000000000	NULL	2025-06-24 04:31:02	2025-06-24 04:31:02
1811	Silk	Ethiopia	Dyeing	energy	Electricity	20.52400000000000000000	NULL	2025-06-24 04:31:02	2025-06-24 04:31:02
1812	Silk	Ethiopia	Dyeing	water	Water	40.77700000000000000000	NULL	2025-06-24 04:31:02	2025-06-24 04:31:02
1813	Silk	Ethiopia	Manufacturing	carbon dioxide	Gas	0.19900000000000000000	NULL	2025-06-24 04:31:02	2025-06-24 04:31:02
1814	Silk	Ethiopia	Manufacturing	energy	Electricity	3.78300000000000000000	NULL	2025-06-24 04:31:02	2025-06-24 04:31:02
1815	Silk	Ethiopia	Manufacturing	water	Water	4.12900000000000000000	NULL	2025-06-24 04:31:02	2025-06-24 04:31:02
1816	Silk	Ethiopia	Raw Material	carbon dioxide	Gas	1.63500000000000000000	NULL	2025-06-24 04:31:02	2025-06-24 04:31:02
1817	Silk	Ethiopia	Raw Material	energy	Electricity	29.62200000000000000000	NULL	2025-06-24 04:31:02	2025-06-24 04:31:02
1818	Silk	Ethiopia	Raw Material	water	Water	9225.34100000000000000000	NULL	2025-06-24 04:31:02	2025-06-24 04:31:02
1819	Silk	Ethiopia	Sampling	carbon dioxide	Gas	0.08600000000000000000	NULL	2025-06-24 04:31:02	2025-06-24 04:31:02
1820	Silk	Ethiopia	Sampling	energy	Electricity	1.56500000000000000000	NULL	2025-06-24 04:31:02	2025-06-24 04:31:02
1821	Silk	Ethiopia	Sampling	water	Water	0.36400000000000000000	NULL	2025-06-24 04:31:02	2025-06-24 04:31:02
1822	Silk	Ethiopia	Spinning	carbon dioxide	Gas	0.57900000000000000000	NULL	2025-06-24 04:31:02	2025-06-24 04:31:02
1823	Silk	Ethiopia	Spinning	energy	Electricity	6.84900000000000000000	NULL	2025-06-24 04:31:02	2025-06-24 04:31:02
1824	Silk	Ethiopia	Spinning	water	Water	1.46700000000000000000	NULL	2025-06-24 04:31:02	2025-06-24 04:31:02
1825	Silk	Ethiopia	Trims	carbon dioxide	Gas	0.08700000000000000000	NULL	2025-06-24 04:31:02	2025-06-24 04:31:02
1826	Silk	Ethiopia	Trims	energy	Electricity	1.50000000000000000000	NULL	2025-06-24 04:31:02	2025-06-24 04:31:02
1827	Silk	Ethiopia	Trims	water	Water	0.38200000000000000000	NULL	2025-06-24 04:31:02	2025-06-24 04:31:02
1828	Silk	Ethiopia	Weaving	carbon dioxide	Gas	0.78000000000000000000	NULL	2025-06-24 04:31:02	2025-06-24 04:31:02
1829	Silk	Ethiopia	Weaving	energy	Electricity	7.46800000000000000000	NULL	2025-06-24 04:31:02	2025-06-24 04:31:02
1830	Silk	Ethiopia	Weaving	water	Water	3.99900000000000000000	NULL	2025-06-24 04:31:02	2025-06-24 04:31:02
1831	Cotton	Europe	Dyeing	carbon dioxide	Gas	1.86700000000000000000	NULL	2025-06-24 04:31:02	2025-06-24 04:31:02
1832	Cotton	Europe	Dyeing	energy	Electricity	17.16500000000000000000	NULL	2025-06-24 04:31:02	2025-06-24 04:31:02
1833	Cotton	Europe	Dyeing	water	Water	49.35000000000000000000	NULL	2025-06-24 04:31:02	2025-06-24 04:31:02
1834	Cotton	Europe	Manufacturing	carbon dioxide	Gas	0.17200000000000000000	NULL	2025-06-24 04:31:02	2025-06-24 04:31:02
1835	Cotton	Europe	Manufacturing	energy	Electricity	3.42800000000000000000	NULL	2025-06-24 04:31:02	2025-06-24 04:31:02
1836	Cotton	Europe	Manufacturing	water	Water	4.95100000000000000000	NULL	2025-06-24 04:31:02	2025-06-24 04:31:02
1837	Cotton	Europe	Raw Material	carbon dioxide	Gas	14.15800000000000000000	NULL	2025-06-24 04:31:02	2025-06-24 04:31:02
1838	Cotton	Europe	Raw Material	energy	Electricity	9.61200000000000000000	NULL	2025-06-24 04:31:02	2025-06-24 04:31:02
1839	Cotton	Europe	Raw Material	water	Water	9993.80400000000000000000	NULL	2025-06-24 04:31:02	2025-06-24 04:31:02
1840	Cotton	Europe	Sampling	carbon dioxide	Gas	0.07800000000000000000	NULL	2025-06-24 04:31:02	2025-06-24 04:31:02
1841	Cotton	Europe	Sampling	energy	Electricity	1.72900000000000000000	NULL	2025-06-24 04:31:02	2025-06-24 04:31:02
1842	Cotton	Europe	Sampling	water	Water	0.46300000000000000000	NULL	2025-06-24 04:31:02	2025-06-24 04:31:02
1843	Cotton	Europe	Spinning	carbon dioxide	Gas	0.37300000000000000000	NULL	2025-06-24 04:31:02	2025-06-24 04:31:02
1844	Cotton	Europe	Spinning	energy	Electricity	6.22500000000000000000	NULL	2025-06-24 04:31:02	2025-06-24 04:31:02
1845	Cotton	Europe	Spinning	water	Water	1.80700000000000000000	NULL	2025-06-24 04:31:02	2025-06-24 04:31:02
1846	Cotton	Europe	Trims	carbon dioxide	Gas	0.08200000000000000000	NULL	2025-06-24 04:31:02	2025-06-24 04:31:02
1847	Cotton	Europe	Trims	energy	Electricity	1.80600000000000000000	NULL	2025-06-24 04:31:02	2025-06-24 04:31:02
1848	Cotton	Europe	Trims	water	Water	0.50700000000000000000	NULL	2025-06-24 04:31:02	2025-06-24 04:31:02
1849	Cotton	Europe	Weaving	carbon dioxide	Gas	0.67700000000000000000	NULL	2025-06-24 04:31:02	2025-06-24 04:31:02
1850	Cotton	Europe	Weaving	energy	Electricity	7.78900000000000000000	NULL	2025-06-24 04:31:02	2025-06-24 04:31:02
1851	Cotton	Europe	Weaving	water	Water	5.01200000000000000000	NULL	2025-06-24 04:31:02	2025-06-24 04:31:02
1852	Hemp	Europe	Dyeing	carbon dioxide	Gas	1.68200000000000000000	NULL	2025-06-24 04:31:02	2025-06-24 04:31:02
1853	Hemp	Europe	Dyeing	energy	Electricity	11.96000000000000000000	NULL	2025-06-24 04:31:02	2025-06-24 04:31:02
1854	Hemp	Europe	Dyeing	water	Water	28.38700000000000000000	NULL	2025-06-24 04:31:02	2025-06-24 04:31:02
1855	Hemp	Europe	Manufacturing	carbon dioxide	Gas	0.09900000000000000000	NULL	2025-06-24 04:31:02	2025-06-24 04:31:02
1856	Hemp	Europe	Manufacturing	energy	Electricity	2.54300000000000000000	NULL	2025-06-24 04:31:02	2025-06-24 04:31:02
1857	Hemp	Europe	Manufacturing	water	Water	2.63700000000000000000	NULL	2025-06-24 04:31:02	2025-06-24 04:31:02
1858	Hemp	Europe	Raw Material	carbon dioxide	Gas	1.54500000000000000000	NULL	2025-06-24 04:31:02	2025-06-24 04:31:02
1859	Hemp	Europe	Raw Material	energy	Electricity	4.77100000000000000000	NULL	2025-06-24 04:31:02	2025-06-24 04:31:02
1860	Hemp	Europe	Raw Material	water	Water	463.76800000000000000000	NULL	2025-06-24 04:31:02	2025-06-24 04:31:02
1861	Hemp	Europe	Sampling	carbon dioxide	Gas	0.05300000000000000000	NULL	2025-06-24 04:31:02	2025-06-24 04:31:02
1862	Hemp	Europe	Sampling	energy	Electricity	0.88500000000000000000	NULL	2025-06-24 04:31:02	2025-06-24 04:31:02
1863	Hemp	Europe	Sampling	water	Water	0.27200000000000000000	NULL	2025-06-24 04:31:02	2025-06-24 04:31:02
1864	Hemp	Europe	Spinning	carbon dioxide	Gas	0.32100000000000000000	NULL	2025-06-24 04:31:02	2025-06-24 04:31:02
1865	Hemp	Europe	Spinning	energy	Electricity	2.61500000000000000000	NULL	2025-06-24 04:31:02	2025-06-24 04:31:02
1866	Hemp	Europe	Spinning	water	Water	0.80100000000000000000	NULL	2025-06-24 04:31:02	2025-06-24 04:31:02
1867	Hemp	Europe	Trims	carbon dioxide	Gas	0.05000000000000000000	NULL	2025-06-24 04:31:02	2025-06-24 04:31:02
1868	Hemp	Europe	Trims	energy	Electricity	0.85800000000000000000	NULL	2025-06-24 04:31:02	2025-06-24 04:31:02
1869	Hemp	Europe	Trims	water	Water	0.23600000000000000000	NULL	2025-06-24 04:31:02	2025-06-24 04:31:02
1870	Hemp	Europe	Weaving	carbon dioxide	Gas	0.51300000000000000000	NULL	2025-06-24 04:31:02	2025-06-24 04:31:02
1871	Hemp	Europe	Weaving	energy	Electricity	4.19900000000000000000	NULL	2025-06-24 04:31:02	2025-06-24 04:31:02
1872	Hemp	Europe	Weaving	water	Water	2.56600000000000000000	NULL	2025-06-24 04:31:02	2025-06-24 04:31:02
1873	Polyester	Europe	Dyeing	carbon dioxide	Gas	2.99600000000000000000	NULL	2025-06-24 04:31:02	2025-06-24 04:31:02
1874	Polyester	Europe	Dyeing	energy	Electricity	19.76800000000000000000	NULL	2025-06-24 04:31:02	2025-06-24 04:31:02
1875	Polyester	Europe	Dyeing	water	Water	9.68200000000000000000	NULL	2025-06-24 04:31:02	2025-06-24 04:31:02
1876	Polyester	Europe	Manufacturing	carbon dioxide	Gas	0.12900000000000000000	NULL	2025-06-24 04:31:02	2025-06-24 04:31:02
1877	Polyester	Europe	Manufacturing	energy	Electricity	2.66600000000000000000	NULL	2025-06-24 04:31:02	2025-06-24 04:31:02
1878	Polyester	Europe	Manufacturing	water	Water	2.15200000000000000000	NULL	2025-06-24 04:31:02	2025-06-24 04:31:02
1879	Polyester	Europe	Raw Material	carbon dioxide	Gas	3.30000000000000000000	NULL	2025-06-24 04:31:02	2025-06-24 04:31:02
1880	Polyester	Europe	Raw Material	energy	Non Renewable	80.50000000000000000000	NULL	2025-06-24 04:31:02	2025-06-24 04:31:02
1881	Polyester	Europe	Raw Material	energy	Electricity	67.21900000000000000000	NULL	2025-06-24 04:31:02	2025-06-24 04:31:02
1882	Polyester	Europe	Raw Material	water	Water	18.63700000000000000000	NULL	2025-06-24 04:31:02	2025-06-24 04:31:02
1883	Polyester	Europe	Sampling	carbon dioxide	Gas	0.06700000000000000000	NULL	2025-06-24 04:31:02	2025-06-24 04:31:02
1884	Polyester	Europe	Sampling	energy	Electricity	1.04400000000000000000	NULL	2025-06-24 04:31:02	2025-06-24 04:31:02
1885	Polyester	Europe	Sampling	water	Water	0.18200000000000000000	NULL	2025-06-24 04:31:02	2025-06-24 04:31:02
1886	Polyester	Europe	Spinning	carbon dioxide	Gas	0.70300000000000000000	NULL	2025-06-24 04:31:02	2025-06-24 04:31:02
1887	Polyester	Europe	Spinning	energy	Diesel	53.76000000000000000000	NULL	2025-06-24 04:31:02	2025-06-24 04:31:02
1888	Polyester	Europe	Spinning	energy	Electricity	15.19200000000000000000	NULL	2025-06-24 04:31:02	2025-06-24 04:31:02
1889	Polyester	Europe	Spinning	energy	Hard Coal	14.79000000000000000000	NULL	2025-06-24 04:31:02	2025-06-24 04:31:02
1890	Polyester	Europe	Spinning	energy	Steam	4.75000000000000000000	NULL	2025-06-24 04:31:02	2025-06-24 04:31:02
1891	Polyester	Europe	Spinning	energy	LP Gas	0.02000000000000000000	NULL	2025-06-24 04:31:02	2025-06-24 04:31:02
1892	Polyester	Europe	Spinning	energy	Natural Gas	2.21000000000000000000	NULL	2025-06-24 04:31:02	2025-06-24 04:31:02
1893	Polyester	Europe	Spinning	water	Water	0.47600000000000000000	NULL	2025-06-24 04:31:02	2025-06-24 04:31:02
1894	Polyester	Europe	Trims	carbon dioxide	Gas	0.06300000000000000000	NULL	2025-06-24 04:31:02	2025-06-24 04:31:02
1895	Polyester	Europe	Trims	energy	Electricity	1.12100000000000000000	NULL	2025-06-24 04:31:02	2025-06-24 04:31:02
1896	Polyester	Europe	Trims	water	Water	0.21600000000000000000	NULL	2025-06-24 04:31:02	2025-06-24 04:31:02
1897	Polyester	Europe	Weaving	carbon dioxide	Gas	0.72300000000000000000	NULL	2025-06-24 04:31:02	2025-06-24 04:31:02
1898	Polyester	Europe	Weaving	energy	Electricity	5.32100000000000000000	NULL	2025-06-24 04:31:02	2025-06-24 04:31:02
1899	Polyester	Europe	Weaving	water	Water	2.18900000000000000000	NULL	2025-06-24 04:31:02	2025-06-24 04:31:02
1900	Silk	Europe	Dyeing	carbon dioxide	Gas	2.36100000000000000000	NULL	2025-06-24 04:31:02	2025-06-24 04:31:02
1901	Silk	Europe	Dyeing	energy	Electricity	21.01700000000000000000	NULL	2025-06-24 04:31:02	2025-06-24 04:31:02
1902	Silk	Europe	Dyeing	water	Water	46.27800000000000000000	NULL	2025-06-24 04:31:02	2025-06-24 04:31:02
1903	Silk	Europe	Manufacturing	carbon dioxide	Gas	0.18400000000000000000	NULL	2025-06-24 04:31:02	2025-06-24 04:31:02
1904	Silk	Europe	Manufacturing	energy	Electricity	3.68600000000000000000	NULL	2025-06-24 04:31:02	2025-06-24 04:31:02
1905	Silk	Europe	Manufacturing	water	Water	3.99500000000000000000	NULL	2025-06-24 04:31:02	2025-06-24 04:31:02
1906	Silk	Europe	Raw Material	carbon dioxide	Gas	13.95500000000000000000	NULL	2025-06-24 04:31:02	2025-06-24 04:31:02
1907	Silk	Europe	Raw Material	energy	Electricity	29.88000000000000000000	NULL	2025-06-24 04:31:02	2025-06-24 04:31:02
1908	Silk	Europe	Raw Material	water	Water	10174.71800000000000000000	NULL	2025-06-24 04:31:02	2025-06-24 04:31:02
1909	Silk	Europe	Sampling	carbon dioxide	Gas	0.07900000000000000000	NULL	2025-06-24 04:31:02	2025-06-24 04:31:02
1910	Silk	Europe	Sampling	energy	Electricity	1.71700000000000000000	NULL	2025-06-24 04:31:02	2025-06-24 04:31:02
1911	Silk	Europe	Sampling	water	Water	0.40200000000000000000	NULL	2025-06-24 04:31:02	2025-06-24 04:31:02
1912	Silk	Europe	Spinning	carbon dioxide	Gas	0.47700000000000000000	NULL	2025-06-24 04:31:02	2025-06-24 04:31:02
1913	Silk	Europe	Spinning	energy	Electricity	6.54100000000000000000	NULL	2025-06-24 04:31:02	2025-06-24 04:31:02
1914	Silk	Europe	Spinning	water	Water	1.38100000000000000000	NULL	2025-06-24 04:31:02	2025-06-24 04:31:02
1915	Silk	Europe	Trims	carbon dioxide	Gas	0.07200000000000000000	NULL	2025-06-24 04:31:02	2025-06-24 04:31:02
1916	Silk	Europe	Trims	energy	Electricity	1.63200000000000000000	NULL	2025-06-24 04:31:02	2025-06-24 04:31:02
1917	Silk	Europe	Trims	water	Water	0.37800000000000000000	NULL	2025-06-24 04:31:02	2025-06-24 04:31:02
1918	Silk	Europe	Weaving	carbon dioxide	Gas	0.62300000000000000000	NULL	2025-06-24 04:31:02	2025-06-24 04:31:02
1919	Silk	Europe	Weaving	energy	Electricity	8.48900000000000000000	NULL	2025-06-24 04:31:02	2025-06-24 04:31:02
1920	Silk	Europe	Weaving	water	Water	4.01100000000000000000	NULL	2025-06-24 04:31:02	2025-06-24 04:31:02
1921	Wool	Europe	Dyeing	carbon dioxide	Gas	2.58100000000000000000	NULL	2025-06-24 04:31:02	2025-06-24 04:31:02
1922	Wool	Europe	Dyeing	energy	Electricity	18.49000000000000000000	NULL	2025-06-24 04:31:02	2025-06-24 04:31:02
1923	Wool	Europe	Dyeing	water	Water	41.54500000000000000000	NULL	2025-06-24 04:31:02	2025-06-24 04:31:02
1924	Wool	Europe	Manufacturing	carbon dioxide	Gas	0.15700000000000000000	NULL	2025-06-24 04:31:02	2025-06-24 04:31:02
1925	Wool	Europe	Manufacturing	energy	Electricity	3.48500000000000000000	NULL	2025-06-24 04:31:02	2025-06-24 04:31:02
1926	Wool	Europe	Manufacturing	water	Water	2.87600000000000000000	NULL	2025-06-24 04:31:02	2025-06-24 04:31:02
1927	Wool	Europe	Raw Material	carbon dioxide	Gas	68.09400000000000000000	NULL	2025-06-24 04:31:02	2025-06-24 04:31:02
1928	Wool	Europe	Raw Material	energy	Electricity	21.22900000000000000000	NULL	2025-06-24 04:31:02	2025-06-24 04:31:02
1929	Wool	Europe	Raw Material	water	Water	860.57400000000000000000	NULL	2025-06-24 04:31:02	2025-06-24 04:31:02
1930	Wool	Europe	Sampling	carbon dioxide	Gas	0.07200000000000000000	NULL	2025-06-24 04:31:02	2025-06-24 04:31:02
1931	Wool	Europe	Sampling	energy	Electricity	1.36100000000000000000	NULL	2025-06-24 04:31:02	2025-06-24 04:31:02
1932	Wool	Europe	Sampling	water	Water	0.27000000000000000000	NULL	2025-06-24 04:31:02	2025-06-24 04:31:02
1933	Wool	Europe	Spinning	carbon dioxide	Gas	0.52300000000000000000	NULL	2025-06-24 04:31:02	2025-06-24 04:31:02
1934	Wool	Europe	Spinning	energy	Electricity	5.11400000000000000000	NULL	2025-06-24 04:31:02	2025-06-24 04:31:02
1935	Wool	Europe	Spinning	water	Water	0.98100000000000000000	NULL	2025-06-24 04:31:02	2025-06-24 04:31:02
1936	Wool	Europe	Trims	carbon dioxide	Gas	0.07500000000000000000	NULL	2025-06-24 04:31:02	2025-06-24 04:31:02
1937	Wool	Europe	Trims	energy	Electricity	1.43300000000000000000	NULL	2025-06-24 04:31:02	2025-06-24 04:31:02
1938	Wool	Europe	Trims	water	Water	0.30500000000000000000	NULL	2025-06-24 04:31:02	2025-06-24 04:31:02
1939	Wool	Europe	Weaving	carbon dioxide	Gas	0.68700000000000000000	NULL	2025-06-24 04:31:02	2025-06-24 04:31:02
1940	Wool	Europe	Weaving	energy	Electricity	6.40100000000000000000	NULL	2025-06-24 04:31:02	2025-06-24 04:31:02
1941	Wool	Europe	Weaving	water	Water	3.21600000000000000000	NULL	2025-06-24 04:31:02	2025-06-24 04:31:02
1942	Cotton	France	Dyeing	carbon dioxide	Gas	1.60300000000000000000	NULL	2025-06-24 04:31:02	2025-06-24 04:31:02
1943	Cotton	France	Dyeing	energy	Electricity	15.26600000000000000000	NULL	2025-06-24 04:31:02	2025-06-24 04:31:02
1944	Cotton	France	Dyeing	water	Water	50.53000000000000000000	NULL	2025-06-24 04:31:02	2025-06-24 04:31:02
1945	Cotton	France	Manufacturing	carbon dioxide	Gas	0.13300000000000000000	NULL	2025-06-24 04:31:02	2025-06-24 04:31:02
1946	Cotton	France	Manufacturing	energy	Electricity	3.61300000000000000000	NULL	2025-06-24 04:31:02	2025-06-24 04:31:02
1947	Cotton	France	Manufacturing	water	Water	5.12500000000000000000	NULL	2025-06-24 04:31:02	2025-06-24 04:31:02
1948	Cotton	France	Raw Material	carbon dioxide	Gas	1.16200000000000000000	NULL	2025-06-24 04:31:02	2025-06-24 04:31:02
1949	Cotton	France	Raw Material	energy	Electricity	10.95400000000000000000	NULL	2025-06-24 04:31:02	2025-06-24 04:31:02
1950	Cotton	France	Raw Material	water	Water	9850.87400000000000000000	NULL	2025-06-24 04:31:02	2025-06-24 04:31:02
1951	Cotton	France	Sampling	carbon dioxide	Gas	0.07200000000000000000	NULL	2025-06-24 04:31:02	2025-06-24 04:31:02
1952	Cotton	France	Sampling	energy	Electricity	1.89200000000000000000	NULL	2025-06-24 04:31:02	2025-06-24 04:31:02
1953	Cotton	France	Sampling	water	Water	0.45200000000000000000	NULL	2025-06-24 04:31:02	2025-06-24 04:31:02
1954	Cotton	France	Spinning	carbon dioxide	Gas	0.36700000000000000000	NULL	2025-06-24 04:31:02	2025-06-24 04:31:02
1955	Cotton	France	Spinning	energy	Electricity	6.08300000000000000000	NULL	2025-06-24 04:31:02	2025-06-24 04:31:02
1956	Cotton	France	Spinning	water	Water	1.60500000000000000000	NULL	2025-06-24 04:31:02	2025-06-24 04:31:02
1957	Cotton	France	Trims	carbon dioxide	Gas	0.07200000000000000000	NULL	2025-06-24 04:31:02	2025-06-24 04:31:02
1958	Cotton	France	Trims	energy	Electricity	1.73900000000000000000	NULL	2025-06-24 04:31:02	2025-06-24 04:31:02
1959	Cotton	France	Trims	water	Water	0.49100000000000000000	NULL	2025-06-24 04:31:02	2025-06-24 04:31:02
1960	Cotton	France	Weaving	carbon dioxide	Gas	0.56100000000000000000	NULL	2025-06-24 04:31:02	2025-06-24 04:31:02
1961	Cotton	France	Weaving	energy	Electricity	6.95500000000000000000	NULL	2025-06-24 04:31:02	2025-06-24 04:31:02
1962	Cotton	France	Weaving	water	Water	5.47000000000000000000	NULL	2025-06-24 04:31:02	2025-06-24 04:31:02
1963	Hemp	France	Dyeing	carbon dioxide	Gas	1.36100000000000000000	NULL	2025-06-24 04:31:02	2025-06-24 04:31:02
1964	Hemp	France	Dyeing	energy	Electricity	12.27900000000000000000	NULL	2025-06-24 04:31:02	2025-06-24 04:31:02
1965	Hemp	France	Dyeing	water	Water	28.03800000000000000000	NULL	2025-06-24 04:31:02	2025-06-24 04:31:02
1966	Hemp	France	Manufacturing	carbon dioxide	Gas	0.08200000000000000000	NULL	2025-06-24 04:31:02	2025-06-24 04:31:02
1967	Hemp	France	Manufacturing	energy	Electricity	2.29500000000000000000	NULL	2025-06-24 04:31:02	2025-06-24 04:31:02
1968	Hemp	France	Manufacturing	water	Water	2.40600000000000000000	NULL	2025-06-24 04:31:02	2025-06-24 04:31:02
1969	Hemp	France	Raw Material	carbon dioxide	Gas	0.13500000000000000000	NULL	2025-06-24 04:31:02	2025-06-24 04:31:02
1970	Hemp	France	Raw Material	energy	Electricity	4.73100000000000000000	NULL	2025-06-24 04:31:02	2025-06-24 04:31:02
1971	Hemp	France	Raw Material	water	Water	469.39600000000000000000	NULL	2025-06-24 04:31:02	2025-06-24 04:31:02
1972	Hemp	France	Sampling	carbon dioxide	Gas	0.05100000000000000000	NULL	2025-06-24 04:31:02	2025-06-24 04:31:02
1973	Hemp	France	Sampling	energy	Electricity	0.98300000000000000000	NULL	2025-06-24 04:31:02	2025-06-24 04:31:02
1974	Hemp	France	Sampling	water	Water	0.25700000000000000000	NULL	2025-06-24 04:31:02	2025-06-24 04:31:02
1975	Hemp	France	Spinning	carbon dioxide	Gas	0.29400000000000000000	NULL	2025-06-24 04:31:02	2025-06-24 04:31:02
1976	Hemp	France	Spinning	energy	Electricity	3.16400000000000000000	NULL	2025-06-24 04:31:02	2025-06-24 04:31:02
1977	Hemp	France	Spinning	water	Water	0.74200000000000000000	NULL	2025-06-24 04:31:02	2025-06-24 04:31:02
1978	Hemp	France	Trims	carbon dioxide	Gas	0.04900000000000000000	NULL	2025-06-24 04:31:02	2025-06-24 04:31:02
1979	Hemp	France	Trims	energy	Electricity	0.92700000000000000000	NULL	2025-06-24 04:31:02	2025-06-24 04:31:02
1980	Hemp	France	Trims	water	Water	0.27400000000000000000	NULL	2025-06-24 04:31:02	2025-06-24 04:31:02
1981	Hemp	France	Weaving	carbon dioxide	Gas	0.38800000000000000000	NULL	2025-06-24 04:31:02	2025-06-24 04:31:02
1982	Hemp	France	Weaving	energy	Electricity	4.11900000000000000000	NULL	2025-06-24 04:31:02	2025-06-24 04:31:02
1983	Hemp	France	Weaving	water	Water	2.72300000000000000000	NULL	2025-06-24 04:31:02	2025-06-24 04:31:02
1984	Linen	France	Dyeing	carbon dioxide	Gas	0.00000000000000000000	NULL	2025-06-24 04:31:02	2025-06-24 04:31:02
1985	Linen	France	Dyeing	energy	Electricity	0.00000000000000000000	NULL	2025-06-24 04:31:02	2025-06-24 04:31:02
1986	Linen	France	Dyeing	water	Water	0.00000000000000000000	NULL	2025-06-24 04:31:02	2025-06-24 04:31:02
1987	Linen	France	Manufacturing	carbon dioxide	Gas	0.00000000000000000000	NULL	2025-06-24 04:31:02	2025-06-24 04:31:02
1988	Linen	France	Manufacturing	energy	Electricity	0.00000000000000000000	NULL	2025-06-24 04:31:02	2025-06-24 04:31:02
1989	Linen	France	Manufacturing	water	Water	0.00000000000000000000	NULL	2025-06-24 04:31:02	2025-06-24 04:31:02
1990	Linen	France	Raw Material	carbon dioxide	Gas	0.00000000000000000000	NULL	2025-06-24 04:31:02	2025-06-24 04:31:02
1991	Linen	France	Raw Material	energy	Electricity	0.00000000000000000000	NULL	2025-06-24 04:31:02	2025-06-24 04:31:02
1992	Linen	France	Raw Material	water	Water	0.00000000000000000000	NULL	2025-06-24 04:31:02	2025-06-24 04:31:02
1993	Linen	France	Sampling	carbon dioxide	Gas	0.00000000000000000000	NULL	2025-06-24 04:31:02	2025-06-24 04:31:02
1994	Linen	France	Sampling	energy	Electricity	0.00000000000000000000	NULL	2025-06-24 04:31:02	2025-06-24 04:31:02
1995	Linen	France	Sampling	water	Water	0.00000000000000000000	NULL	2025-06-24 04:31:02	2025-06-24 04:31:02
1996	Linen	France	Spinning	carbon dioxide	Gas	0.00000000000000000000	NULL	2025-06-24 04:31:02	2025-06-24 04:31:02
1997	Linen	France	Spinning	energy	Electricity	0.00000000000000000000	NULL	2025-06-24 04:31:02	2025-06-24 04:31:02
1998	Linen	France	Spinning	water	Water	0.00000000000000000000	NULL	2025-06-24 04:31:02	2025-06-24 04:31:02
1999	Linen	France	Trims	carbon dioxide	Gas	0.00000000000000000000	NULL	2025-06-24 04:31:02	2025-06-24 04:31:02
2000	Linen	France	Trims	energy	Electricity	0.00000000000000000000	NULL	2025-06-24 04:31:02	2025-06-24 04:31:02
2001	Linen	France	Trims	water	Water	0.00000000000000000000	NULL	2025-06-24 04:31:02	2025-06-24 04:31:02
2002	Linen	France	Weaving	carbon dioxide	Gas	0.00000000000000000000	NULL	2025-06-24 04:31:02	2025-06-24 04:31:02
2003	Linen	France	Weaving	energy	Electricity	0.00000000000000000000	NULL	2025-06-24 04:31:02	2025-06-24 04:31:02
2004	Linen	France	Weaving	water	Water	0.00000000000000000000	NULL	2025-06-24 04:31:02	2025-06-24 04:31:02
2005	Polyester	France	Dyeing	carbon dioxide	Gas	2.22200000000000000000	NULL	2025-06-24 04:31:02	2025-06-24 04:31:02
2006	Polyester	France	Dyeing	energy	Electricity	21.68200000000000000000	NULL	2025-06-24 04:31:02	2025-06-24 04:31:02
2007	Polyester	France	Dyeing	water	Water	10.20400000000000000000	NULL	2025-06-24 04:31:02	2025-06-24 04:31:02
2008	Polyester	France	Manufacturing	carbon dioxide	Gas	0.11100000000000000000	NULL	2025-06-24 04:31:02	2025-06-24 04:31:02
2009	Polyester	France	Manufacturing	energy	Electricity	3.06600000000000000000	NULL	2025-06-24 04:31:02	2025-06-24 04:31:02
2010	Polyester	France	Manufacturing	water	Water	2.08500000000000000000	NULL	2025-06-24 04:31:02	2025-06-24 04:31:02
2011	Polyester	France	Raw Material	carbon dioxide	Gas	2.06900000000000000000	NULL	2025-06-24 04:31:02	2025-06-24 04:31:02
2012	Polyester	France	Raw Material	energy	Electricity	68.31500000000000000000	NULL	2025-06-24 04:31:02	2025-06-24 04:31:02
2013	Polyester	France	Raw Material	water	Water	20.75800000000000000000	NULL	2025-06-24 04:31:02	2025-06-24 04:31:02
2014	Polyester	France	Sampling	carbon dioxide	Gas	0.05100000000000000000	NULL	2025-06-24 04:31:02	2025-06-24 04:31:02
2015	Polyester	France	Sampling	energy	Electricity	1.01300000000000000000	NULL	2025-06-24 04:31:02	2025-06-24 04:31:02
2016	Polyester	France	Sampling	water	Water	0.18500000000000000000	NULL	2025-06-24 04:31:02	2025-06-24 04:31:02
2017	Polyester	France	Spinning	carbon dioxide	Gas	0.57700000000000000000	NULL	2025-06-24 04:31:02	2025-06-24 04:31:02
2018	Polyester	France	Spinning	energy	Electricity	3.53900000000000000000	NULL	2025-06-24 04:31:02	2025-06-24 04:31:02
2019	Polyester	France	Spinning	water	Water	0.46500000000000000000	NULL	2025-06-24 04:31:02	2025-06-24 04:31:02
2020	Polyester	France	Trims	carbon dioxide	Gas	0.05500000000000000000	NULL	2025-06-24 04:31:02	2025-06-24 04:31:02
2021	Polyester	France	Trims	energy	Electricity	1.01000000000000000000	NULL	2025-06-24 04:31:02	2025-06-24 04:31:02
2022	Polyester	France	Trims	water	Water	0.19400000000000000000	NULL	2025-06-24 04:31:02	2025-06-24 04:31:02
2023	Polyester	France	Weaving	carbon dioxide	Gas	0.71800000000000000000	NULL	2025-06-24 04:31:02	2025-06-24 04:31:02
2024	Polyester	France	Weaving	energy	Electricity	5.93000000000000000000	NULL	2025-06-24 04:31:02	2025-06-24 04:31:02
2025	Polyester	France	Weaving	water	Water	1.97700000000000000000	NULL	2025-06-24 04:31:02	2025-06-24 04:31:02
2026	Silk	France	Dyeing	carbon dioxide	Gas	2.05100000000000000000	NULL	2025-06-24 04:31:02	2025-06-24 04:31:02
2027	Silk	France	Dyeing	energy	Electricity	20.03900000000000000000	NULL	2025-06-24 04:31:02	2025-06-24 04:31:02
2028	Silk	France	Dyeing	water	Water	43.26500000000000000000	NULL	2025-06-24 04:31:02	2025-06-24 04:31:02
2029	Silk	France	Manufacturing	carbon dioxide	Gas	0.14300000000000000000	NULL	2025-06-24 04:31:02	2025-06-24 04:31:02
2030	Silk	France	Manufacturing	energy	Electricity	3.90100000000000000000	NULL	2025-06-24 04:31:02	2025-06-24 04:31:02
2031	Silk	France	Manufacturing	water	Water	4.01600000000000000000	NULL	2025-06-24 04:31:02	2025-06-24 04:31:02
2032	Silk	France	Raw Material	carbon dioxide	Gas	1.19500000000000000000	NULL	2025-06-24 04:31:02	2025-06-24 04:31:02
2033	Silk	France	Raw Material	energy	Electricity	28.97700000000000000000	NULL	2025-06-24 04:31:02	2025-06-24 04:31:02
2034	Silk	France	Raw Material	water	Water	10335.97100000000000000000	NULL	2025-06-24 04:31:02	2025-06-24 04:31:02
2035	Silk	France	Sampling	carbon dioxide	Gas	0.06900000000000000000	NULL	2025-06-24 04:31:02	2025-06-24 04:31:02
2036	Silk	France	Sampling	energy	Electricity	1.70700000000000000000	NULL	2025-06-24 04:31:02	2025-06-24 04:31:02
2037	Silk	France	Sampling	water	Water	0.39400000000000000000	NULL	2025-06-24 04:31:02	2025-06-24 04:31:02
2038	Silk	France	Spinning	carbon dioxide	Gas	0.45200000000000000000	NULL	2025-06-24 04:31:02	2025-06-24 04:31:02
2039	Silk	France	Spinning	energy	Electricity	7.79000000000000000000	NULL	2025-06-24 04:31:02	2025-06-24 04:31:02
2040	Silk	France	Spinning	water	Water	1.52600000000000000000	NULL	2025-06-24 04:31:02	2025-06-24 04:31:02
2041	Silk	France	Trims	carbon dioxide	Gas	0.06400000000000000000	NULL	2025-06-24 04:31:02	2025-06-24 04:31:02
2042	Silk	France	Trims	energy	Electricity	1.68600000000000000000	NULL	2025-06-24 04:31:02	2025-06-24 04:31:02
2043	Silk	France	Trims	water	Water	0.43700000000000000000	NULL	2025-06-24 04:31:02	2025-06-24 04:31:02
2044	Silk	France	Weaving	carbon dioxide	Gas	0.61200000000000000000	NULL	2025-06-24 04:31:02	2025-06-24 04:31:02
2045	Silk	France	Weaving	energy	Electricity	8.62200000000000000000	NULL	2025-06-24 04:31:02	2025-06-24 04:31:02
2046	Silk	France	Weaving	water	Water	3.63000000000000000000	NULL	2025-06-24 04:31:02	2025-06-24 04:31:02
2047	Wool	France	Dyeing	carbon dioxide	Gas	2.12100000000000000000	NULL	2025-06-24 04:31:02	2025-06-24 04:31:02
2048	Wool	France	Dyeing	energy	Electricity	18.86800000000000000000	NULL	2025-06-24 04:31:02	2025-06-24 04:31:02
2049	Wool	France	Dyeing	water	Water	40.81400000000000000000	NULL	2025-06-24 04:31:02	2025-06-24 04:31:02
2050	Wool	France	Manufacturing	carbon dioxide	Gas	0.13600000000000000000	NULL	2025-06-24 04:31:02	2025-06-24 04:31:02
2051	Wool	France	Manufacturing	energy	Electricity	3.38400000000000000000	NULL	2025-06-24 04:31:02	2025-06-24 04:31:02
2052	Wool	France	Manufacturing	water	Water	3.16700000000000000000	NULL	2025-06-24 04:31:02	2025-06-24 04:31:02
2053	Wool	France	Raw Material	carbon dioxide	Gas	6.05100000000000000000	NULL	2025-06-24 04:31:02	2025-06-24 04:31:02
2054	Wool	France	Raw Material	energy	Electricity	20.09500000000000000000	NULL	2025-06-24 04:31:02	2025-06-24 04:31:02
2055	Wool	France	Raw Material	water	Water	800.32700000000000000000	NULL	2025-06-24 04:31:02	2025-06-24 04:31:02
2056	Wool	France	Sampling	carbon dioxide	Gas	0.06300000000000000000	NULL	2025-06-24 04:31:02	2025-06-24 04:31:02
2057	Wool	France	Sampling	energy	Electricity	1.50900000000000000000	NULL	2025-06-24 04:31:02	2025-06-24 04:31:02
2058	Wool	France	Sampling	water	Water	0.27700000000000000000	NULL	2025-06-24 04:31:02	2025-06-24 04:31:02
2059	Wool	France	Spinning	carbon dioxide	Gas	0.48600000000000000000	NULL	2025-06-24 04:31:02	2025-06-24 04:31:02
2060	Wool	France	Spinning	energy	Electricity	5.51100000000000000000	NULL	2025-06-24 04:31:02	2025-06-24 04:31:02
2061	Wool	France	Spinning	water	Water	1.06600000000000000000	NULL	2025-06-24 04:31:02	2025-06-24 04:31:02
2062	Wool	France	Trims	carbon dioxide	Gas	0.06000000000000000000	NULL	2025-06-24 04:31:02	2025-06-24 04:31:02
2063	Wool	France	Trims	energy	Electricity	1.31800000000000000000	NULL	2025-06-24 04:31:02	2025-06-24 04:31:02
2064	Wool	France	Trims	water	Water	0.27600000000000000000	NULL	2025-06-24 04:31:02	2025-06-24 04:31:02
2065	Wool	France	Weaving	carbon dioxide	Gas	0.66800000000000000000	NULL	2025-06-24 04:31:02	2025-06-24 04:31:02
2066	Wool	France	Weaving	energy	Electricity	6.85700000000000000000	NULL	2025-06-24 04:31:02	2025-06-24 04:31:02
2067	Wool	France	Weaving	water	Water	2.87000000000000000000	NULL	2025-06-24 04:31:02	2025-06-24 04:31:02
2068	Cotton	Germany	Dyeing	carbon dioxide	Gas	2.04100000000000000000	NULL	2025-06-24 04:31:02	2025-06-24 04:31:02
2069	Cotton	Germany	Dyeing	energy	Electricity	15.36300000000000000000	NULL	2025-06-24 04:31:02	2025-06-24 04:31:02
2070	Cotton	Germany	Dyeing	water	Water	48.82600000000000000000	NULL	2025-06-24 04:31:02	2025-06-24 04:31:02
2071	Cotton	Germany	Manufacturing	carbon dioxide	Gas	0.17200000000000000000	NULL	2025-06-24 04:31:02	2025-06-24 04:31:02
2072	Cotton	Germany	Manufacturing	energy	Electricity	3.43800000000000000000	NULL	2025-06-24 04:31:02	2025-06-24 04:31:02
2073	Cotton	Germany	Manufacturing	water	Water	5.29500000000000000000	NULL	2025-06-24 04:31:02	2025-06-24 04:31:02
2074	Cotton	Germany	Raw Material	carbon dioxide	Gas	1.18300000000000000000	NULL	2025-06-24 04:31:02	2025-06-24 04:31:02
2075	Cotton	Germany	Raw Material	energy	Electricity	9.89700000000000000000	NULL	2025-06-24 04:31:02	2025-06-24 04:31:02
2076	Cotton	Germany	Raw Material	water	Water	9477.51100000000000000000	NULL	2025-06-24 04:31:02	2025-06-24 04:31:02
2077	Cotton	Germany	Sampling	carbon dioxide	Gas	0.08300000000000000000	NULL	2025-06-24 04:31:02	2025-06-24 04:31:02
2078	Cotton	Germany	Sampling	energy	Electricity	1.83000000000000000000	NULL	2025-06-24 04:31:02	2025-06-24 04:31:02
2079	Cotton	Germany	Sampling	water	Water	0.49500000000000000000	NULL	2025-06-24 04:31:02	2025-06-24 04:31:02
2080	Cotton	Germany	Spinning	carbon dioxide	Gas	0.42900000000000000000	NULL	2025-06-24 04:31:02	2025-06-24 04:31:02
2081	Cotton	Germany	Spinning	energy	Electricity	6.96400000000000000000	NULL	2025-06-24 04:31:02	2025-06-24 04:31:02
2082	Cotton	Germany	Spinning	water	Water	1.54600000000000000000	NULL	2025-06-24 04:31:02	2025-06-24 04:31:02
2083	Cotton	Germany	Trims	carbon dioxide	Gas	0.08300000000000000000	NULL	2025-06-24 04:31:02	2025-06-24 04:31:02
2084	Cotton	Germany	Trims	energy	Electricity	1.63300000000000000000	NULL	2025-06-24 04:31:02	2025-06-24 04:31:02
2085	Cotton	Germany	Trims	water	Water	0.50900000000000000000	NULL	2025-06-24 04:31:02	2025-06-24 04:31:02
2086	Cotton	Germany	Weaving	carbon dioxide	Gas	0.64100000000000000000	NULL	2025-06-24 04:31:02	2025-06-24 04:31:02
2087	Cotton	Germany	Weaving	energy	Electricity	7.57100000000000000000	NULL	2025-06-24 04:31:02	2025-06-24 04:31:02
2088	Cotton	Germany	Weaving	water	Water	4.91000000000000000000	NULL	2025-06-24 04:31:02	2025-06-24 04:31:02
2089	Hemp	Germany	Dyeing	carbon dioxide	Gas	1.53000000000000000000	NULL	2025-06-24 04:31:02	2025-06-24 04:31:02
2090	Hemp	Germany	Dyeing	energy	Electricity	11.77500000000000000000	NULL	2025-06-24 04:31:02	2025-06-24 04:31:02
2091	Hemp	Germany	Dyeing	water	Water	32.51700000000000000000	NULL	2025-06-24 04:31:02	2025-06-24 04:31:02
2092	Hemp	Germany	Manufacturing	carbon dioxide	Gas	0.09800000000000000000	NULL	2025-06-24 04:31:02	2025-06-24 04:31:02
2093	Hemp	Germany	Manufacturing	energy	Electricity	2.47500000000000000000	NULL	2025-06-24 04:31:02	2025-06-24 04:31:02
2094	Hemp	Germany	Manufacturing	water	Water	2.55200000000000000000	NULL	2025-06-24 04:31:02	2025-06-24 04:31:02
2095	Hemp	Germany	Raw Material	carbon dioxide	Gas	0.16500000000000000000	NULL	2025-06-24 04:31:02	2025-06-24 04:31:02
2096	Hemp	Germany	Raw Material	energy	Electricity	5.10300000000000000000	NULL	2025-06-24 04:31:02	2025-06-24 04:31:02
2097	Hemp	Germany	Raw Material	water	Water	534.54700000000000000000	NULL	2025-06-24 04:31:02	2025-06-24 04:31:02
2098	Hemp	Germany	Sampling	carbon dioxide	Gas	0.05100000000000000000	NULL	2025-06-24 04:31:02	2025-06-24 04:31:02
2099	Hemp	Germany	Sampling	energy	Electricity	0.95500000000000000000	NULL	2025-06-24 04:31:02	2025-06-24 04:31:02
2100	Hemp	Germany	Sampling	water	Water	0.24000000000000000000	NULL	2025-06-24 04:31:02	2025-06-24 04:31:02
2101	Hemp	Germany	Spinning	carbon dioxide	Gas	0.33500000000000000000	NULL	2025-06-24 04:31:02	2025-06-24 04:31:02
2102	Hemp	Germany	Spinning	energy	Electricity	2.86500000000000000000	NULL	2025-06-24 04:31:02	2025-06-24 04:31:02
2103	Hemp	Germany	Spinning	water	Water	0.73500000000000000000	NULL	2025-06-24 04:31:02	2025-06-24 04:31:02
2104	Hemp	Germany	Trims	carbon dioxide	Gas	0.05800000000000000000	NULL	2025-06-24 04:31:02	2025-06-24 04:31:02
2105	Hemp	Germany	Trims	energy	Electricity	0.91100000000000000000	NULL	2025-06-24 04:31:02	2025-06-24 04:31:02
2106	Hemp	Germany	Trims	water	Water	0.23700000000000000000	NULL	2025-06-24 04:31:02	2025-06-24 04:31:02
2107	Hemp	Germany	Weaving	carbon dioxide	Gas	0.52400000000000000000	NULL	2025-06-24 04:31:02	2025-06-24 04:31:02
2108	Hemp	Germany	Weaving	energy	Electricity	4.37400000000000000000	NULL	2025-06-24 04:31:02	2025-06-24 04:31:02
2109	Hemp	Germany	Weaving	water	Water	2.32300000000000000000	NULL	2025-06-24 04:31:02	2025-06-24 04:31:02
2110	Polyamide	Germany	Dyeing	carbon dioxide	Gas	0.00000000000000000000	NULL	2025-06-24 04:31:02	2025-06-24 04:31:02
2111	Polyamide	Germany	Dyeing	energy	Electricity	0.00000000000000000000	NULL	2025-06-24 04:31:02	2025-06-24 04:31:02
2112	Polyamide	Germany	Dyeing	water	Water	0.00000000000000000000	NULL	2025-06-24 04:31:02	2025-06-24 04:31:02
2113	Polyamide	Germany	Manufacturing	carbon dioxide	Gas	0.00000000000000000000	NULL	2025-06-24 04:31:02	2025-06-24 04:31:02
2114	Polyamide	Germany	Manufacturing	energy	Electricity	0.00000000000000000000	NULL	2025-06-24 04:31:02	2025-06-24 04:31:02
2115	Polyamide	Germany	Manufacturing	water	Water	0.00000000000000000000	NULL	2025-06-24 04:31:02	2025-06-24 04:31:02
2116	Polyamide	Germany	Raw Material	carbon dioxide	Gas	0.00000000000000000000	NULL	2025-06-24 04:31:02	2025-06-24 04:31:02
2117	Polyamide	Germany	Raw Material	energy	Electricity	0.00000000000000000000	NULL	2025-06-24 04:31:02	2025-06-24 04:31:02
2118	Polyamide	Germany	Raw Material	water	Water	0.00000000000000000000	NULL	2025-06-24 04:31:02	2025-06-24 04:31:02
2119	Polyamide	Germany	Sampling	carbon dioxide	Gas	0.00000000000000000000	NULL	2025-06-24 04:31:02	2025-06-24 04:31:02
2120	Polyamide	Germany	Sampling	energy	Electricity	0.00000000000000000000	NULL	2025-06-24 04:31:02	2025-06-24 04:31:02
2121	Polyamide	Germany	Sampling	water	Water	0.00000000000000000000	NULL	2025-06-24 04:31:02	2025-06-24 04:31:02
2122	Polyamide	Germany	Spinning	carbon dioxide	Gas	0.00000000000000000000	NULL	2025-06-24 04:31:02	2025-06-24 04:31:02
2123	Polyamide	Germany	Spinning	energy	Electricity	0.00000000000000000000	NULL	2025-06-24 04:31:02	2025-06-24 04:31:02
2124	Polyamide	Germany	Spinning	water	Water	0.00000000000000000000	NULL	2025-06-24 04:31:02	2025-06-24 04:31:02
2125	Polyamide	Germany	Trims	carbon dioxide	Gas	0.00000000000000000000	NULL	2025-06-24 04:31:02	2025-06-24 04:31:02
2126	Polyamide	Germany	Trims	energy	Electricity	0.00000000000000000000	NULL	2025-06-24 04:31:02	2025-06-24 04:31:02
2127	Polyamide	Germany	Trims	water	Water	0.00000000000000000000	NULL	2025-06-24 04:31:02	2025-06-24 04:31:02
2128	Polyamide	Germany	Weaving	carbon dioxide	Gas	0.00000000000000000000	NULL	2025-06-24 04:31:02	2025-06-24 04:31:02
2129	Polyamide	Germany	Weaving	energy	Electricity	0.00000000000000000000	NULL	2025-06-24 04:31:02	2025-06-24 04:31:02
2130	Polyamide	Germany	Weaving	water	Water	0.00000000000000000000	NULL	2025-06-24 04:31:02	2025-06-24 04:31:02
2131	Polyester	Germany	Dyeing	carbon dioxide	Gas	2.83400000000000000000	NULL	2025-06-24 04:31:02	2025-06-24 04:31:02
2132	Polyester	Germany	Dyeing	energy	Electricity	23.17800000000000000000	NULL	2025-06-24 04:31:02	2025-06-24 04:31:02
2133	Polyester	Germany	Dyeing	water	Water	9.78000000000000000000	NULL	2025-06-24 04:31:02	2025-06-24 04:31:02
2134	Polyester	Germany	Manufacturing	carbon dioxide	Gas	0.12600000000000000000	NULL	2025-06-24 04:31:02	2025-06-24 04:31:02
2135	Polyester	Germany	Manufacturing	energy	Electricity	2.99500000000000000000	NULL	2025-06-24 04:31:02	2025-06-24 04:31:02
2136	Polyester	Germany	Manufacturing	water	Water	2.19700000000000000000	NULL	2025-06-24 04:31:02	2025-06-24 04:31:02
2137	Polyester	Germany	Raw Material	carbon dioxide	Gas	2.20000000000000000000	NULL	2025-06-24 04:31:02	2025-06-24 04:31:02
2138	Polyester	Germany	Raw Material	energy	Electricity	63.78400000000000000000	NULL	2025-06-24 04:31:02	2025-06-24 04:31:02
2139	Polyester	Germany	Raw Material	water	Water	20.36100000000000000000	NULL	2025-06-24 04:31:02	2025-06-24 04:31:02
2140	Polyester	Germany	Sampling	carbon dioxide	Gas	0.06800000000000000000	NULL	2025-06-24 04:31:02	2025-06-24 04:31:02
2141	Polyester	Germany	Sampling	energy	Electricity	1.01600000000000000000	NULL	2025-06-24 04:31:02	2025-06-24 04:31:02
2142	Polyester	Germany	Sampling	water	Water	0.20800000000000000000	NULL	2025-06-24 04:31:02	2025-06-24 04:31:02
2143	Polyester	Germany	Spinning	carbon dioxide	Gas	0.63400000000000000000	NULL	2025-06-24 04:31:02	2025-06-24 04:31:02
2144	Polyester	Germany	Spinning	energy	Electricity	3.60700000000000000000	NULL	2025-06-24 04:31:02	2025-06-24 04:31:02
2145	Polyester	Germany	Spinning	water	Water	0.48500000000000000000	NULL	2025-06-24 04:31:02	2025-06-24 04:31:02
2146	Polyester	Germany	Trims	carbon dioxide	Gas	0.06500000000000000000	NULL	2025-06-24 04:31:02	2025-06-24 04:31:02
2147	Polyester	Germany	Trims	energy	Electricity	1.05700000000000000000	NULL	2025-06-24 04:31:02	2025-06-24 04:31:02
2148	Polyester	Germany	Trims	water	Water	0.19700000000000000000	NULL	2025-06-24 04:31:02	2025-06-24 04:31:02
2149	Polyester	Germany	Weaving	carbon dioxide	Gas	0.76300000000000000000	NULL	2025-06-24 04:31:02	2025-06-24 04:31:02
2150	Polyester	Germany	Weaving	energy	Electricity	5.49900000000000000000	NULL	2025-06-24 04:31:02	2025-06-24 04:31:02
2151	Polyester	Germany	Weaving	water	Water	2.17300000000000000000	NULL	2025-06-24 04:31:02	2025-06-24 04:31:02
2152	Silk	Germany	Dyeing	carbon dioxide	Gas	2.31300000000000000000	NULL	2025-06-24 04:31:02	2025-06-24 04:31:02
2153	Silk	Germany	Dyeing	energy	Electricity	19.51400000000000000000	NULL	2025-06-24 04:31:02	2025-06-24 04:31:02
2154	Silk	Germany	Dyeing	water	Water	46.35300000000000000000	NULL	2025-06-24 04:31:02	2025-06-24 04:31:02
2155	Silk	Germany	Manufacturing	carbon dioxide	Gas	0.19000000000000000000	NULL	2025-06-24 04:31:02	2025-06-24 04:31:02
2156	Silk	Germany	Manufacturing	energy	Electricity	3.71800000000000000000	NULL	2025-06-24 04:31:02	2025-06-24 04:31:02
2157	Silk	Germany	Manufacturing	water	Water	4.22400000000000000000	NULL	2025-06-24 04:31:02	2025-06-24 04:31:02
2158	Silk	Germany	Raw Material	carbon dioxide	Gas	1.36700000000000000000	NULL	2025-06-24 04:31:02	2025-06-24 04:31:02
2159	Silk	Germany	Raw Material	energy	Electricity	29.60100000000000000000	NULL	2025-06-24 04:31:02	2025-06-24 04:31:02
2160	Silk	Germany	Raw Material	water	Water	10009.19000000000000000000	NULL	2025-06-24 04:31:02	2025-06-24 04:31:02
2161	Silk	Germany	Sampling	carbon dioxide	Gas	0.07500000000000000000	NULL	2025-06-24 04:31:02	2025-06-24 04:31:02
2162	Silk	Germany	Sampling	energy	Electricity	1.66400000000000000000	NULL	2025-06-24 04:31:02	2025-06-24 04:31:02
2163	Silk	Germany	Sampling	water	Water	0.40200000000000000000	NULL	2025-06-24 04:31:02	2025-06-24 04:31:02
2164	Silk	Germany	Spinning	carbon dioxide	Gas	0.51600000000000000000	NULL	2025-06-24 04:31:02	2025-06-24 04:31:02
2165	Silk	Germany	Spinning	energy	Electricity	7.13200000000000000000	NULL	2025-06-24 04:31:02	2025-06-24 04:31:02
2166	Silk	Germany	Spinning	water	Water	1.53100000000000000000	NULL	2025-06-24 04:31:02	2025-06-24 04:31:02
2167	Silk	Germany	Trims	carbon dioxide	Gas	0.07500000000000000000	NULL	2025-06-24 04:31:02	2025-06-24 04:31:02
2168	Silk	Germany	Trims	energy	Electricity	1.62400000000000000000	NULL	2025-06-24 04:31:02	2025-06-24 04:31:02
2169	Silk	Germany	Trims	water	Water	0.37900000000000000000	NULL	2025-06-24 04:31:02	2025-06-24 04:31:02
2170	Silk	Germany	Weaving	carbon dioxide	Gas	0.70100000000000000000	NULL	2025-06-24 04:31:02	2025-06-24 04:31:02
2171	Silk	Germany	Weaving	energy	Electricity	8.22400000000000000000	NULL	2025-06-24 04:31:02	2025-06-24 04:31:02
2172	Silk	Germany	Weaving	water	Water	4.25000000000000000000	NULL	2025-06-24 04:31:02	2025-06-24 04:31:02
2173	Wool	Germany	Dyeing	carbon dioxide	Gas	2.19800000000000000000	NULL	2025-06-24 04:31:02	2025-06-24 04:31:02
2174	Wool	Germany	Dyeing	energy	Electricity	16.33800000000000000000	NULL	2025-06-24 04:31:02	2025-06-24 04:31:02
2175	Wool	Germany	Dyeing	water	Water	39.99200000000000000000	NULL	2025-06-24 04:31:02	2025-06-24 04:31:02
2176	Wool	Germany	Manufacturing	carbon dioxide	Gas	0.15800000000000000000	NULL	2025-06-24 04:31:02	2025-06-24 04:31:02
2177	Wool	Germany	Manufacturing	energy	Electricity	3.46700000000000000000	NULL	2025-06-24 04:31:02	2025-06-24 04:31:02
2178	Wool	Germany	Manufacturing	water	Water	2.73200000000000000000	NULL	2025-06-24 04:31:02	2025-06-24 04:31:02
2179	Wool	Germany	Raw Material	carbon dioxide	Gas	6.28500000000000000000	NULL	2025-06-24 04:31:02	2025-06-24 04:31:02
2180	Wool	Germany	Raw Material	energy	Electricity	19.33300000000000000000	NULL	2025-06-24 04:31:02	2025-06-24 04:31:02
2181	Wool	Germany	Raw Material	water	Water	828.11300000000000000000	NULL	2025-06-24 04:31:02	2025-06-24 04:31:02
2182	Wool	Germany	Sampling	carbon dioxide	Gas	0.07100000000000000000	NULL	2025-06-24 04:31:02	2025-06-24 04:31:02
2183	Wool	Germany	Sampling	energy	Electricity	1.51400000000000000000	NULL	2025-06-24 04:31:02	2025-06-24 04:31:02
2184	Wool	Germany	Sampling	water	Water	0.27700000000000000000	NULL	2025-06-24 04:31:02	2025-06-24 04:31:02
2185	Wool	Germany	Spinning	carbon dioxide	Gas	0.55000000000000000000	NULL	2025-06-24 04:31:02	2025-06-24 04:31:02
2186	Wool	Germany	Spinning	energy	Electricity	5.19200000000000000000	NULL	2025-06-24 04:31:02	2025-06-24 04:31:02
2187	Wool	Germany	Spinning	water	Water	1.08300000000000000000	NULL	2025-06-24 04:31:02	2025-06-24 04:31:02
2188	Wool	Germany	Trims	carbon dioxide	Gas	0.06600000000000000000	NULL	2025-06-24 04:31:02	2025-06-24 04:31:02
2189	Wool	Germany	Trims	energy	Electricity	1.37600000000000000000	NULL	2025-06-24 04:31:02	2025-06-24 04:31:02
2190	Wool	Germany	Trims	water	Water	0.32900000000000000000	NULL	2025-06-24 04:31:02	2025-06-24 04:31:02
2191	Wool	Germany	Weaving	carbon dioxide	Gas	0.74600000000000000000	NULL	2025-06-24 04:31:02	2025-06-24 04:31:02
2192	Wool	Germany	Weaving	energy	Electricity	6.49500000000000000000	NULL	2025-06-24 04:31:02	2025-06-24 04:31:02
2193	Wool	Germany	Weaving	water	Water	3.26600000000000000000	NULL	2025-06-24 04:31:02	2025-06-24 04:31:02
2194	Cotton	Greece	Dyeing	carbon dioxide	Gas	2.97200000000000000000	NULL	2025-06-24 04:31:02	2025-06-24 04:31:02
2195	Cotton	Greece	Dyeing	energy	Electricity	15.93900000000000000000	NULL	2025-06-24 04:31:02	2025-06-24 04:31:02
2196	Cotton	Greece	Dyeing	water	Water	47.66700000000000000000	NULL	2025-06-24 04:31:02	2025-06-24 04:31:02
2197	Cotton	Greece	Manufacturing	carbon dioxide	Gas	0.20300000000000000000	NULL	2025-06-24 04:31:02	2025-06-24 04:31:02
2198	Cotton	Greece	Manufacturing	energy	Electricity	3.30400000000000000000	NULL	2025-06-24 04:31:02	2025-06-24 04:31:02
2199	Cotton	Greece	Manufacturing	water	Water	4.69800000000000000000	NULL	2025-06-24 04:31:02	2025-06-24 04:31:02
2200	Cotton	Greece	Raw Material	carbon dioxide	Gas	1.94500000000000000000	NULL	2025-06-24 04:31:02	2025-06-24 04:31:02
2201	Cotton	Greece	Raw Material	energy	Electricity	9.89000000000000000000	NULL	2025-06-24 04:31:02	2025-06-24 04:31:02
2202	Cotton	Greece	Raw Material	water	Water	9459.42700000000000000000	NULL	2025-06-24 04:31:02	2025-06-24 04:31:02
2203	Cotton	Greece	Sampling	carbon dioxide	Gas	0.12100000000000000000	NULL	2025-06-24 04:31:02	2025-06-24 04:31:02
2204	Cotton	Greece	Sampling	energy	Electricity	1.97900000000000000000	NULL	2025-06-24 04:31:02	2025-06-24 04:31:02
2205	Cotton	Greece	Sampling	water	Water	0.52800000000000000000	NULL	2025-06-24 04:31:02	2025-06-24 04:31:02
2206	Cotton	Greece	Spinning	carbon dioxide	Gas	0.59000000000000000000	NULL	2025-06-24 04:31:02	2025-06-24 04:31:02
2207	Cotton	Greece	Spinning	energy	Electricity	6.51500000000000000000	NULL	2025-06-24 04:31:02	2025-06-24 04:31:02
2208	Cotton	Greece	Spinning	water	Water	1.62900000000000000000	NULL	2025-06-24 04:31:02	2025-06-24 04:31:02
2209	Cotton	Greece	Trims	carbon dioxide	Gas	0.11300000000000000000	NULL	2025-06-24 04:31:02	2025-06-24 04:31:02
2210	Cotton	Greece	Trims	energy	Electricity	1.64500000000000000000	NULL	2025-06-24 04:31:02	2025-06-24 04:31:02
2211	Cotton	Greece	Trims	water	Water	0.46000000000000000000	NULL	2025-06-24 04:31:02	2025-06-24 04:31:02
2212	Cotton	Greece	Weaving	carbon dioxide	Gas	0.87900000000000000000	NULL	2025-06-24 04:31:02	2025-06-24 04:31:02
2213	Cotton	Greece	Weaving	energy	Electricity	7.74900000000000000000	NULL	2025-06-24 04:31:02	2025-06-24 04:31:02
2214	Cotton	Greece	Weaving	water	Water	4.66500000000000000000	NULL	2025-06-24 04:31:02	2025-06-24 04:31:02
2215	Hemp	Greece	Dyeing	carbon dioxide	Gas	2.23300000000000000000	NULL	2025-06-24 04:31:02	2025-06-24 04:31:02
2216	Hemp	Greece	Dyeing	energy	Electricity	11.66800000000000000000	NULL	2025-06-24 04:31:02	2025-06-24 04:31:02
2217	Hemp	Greece	Dyeing	water	Water	27.72600000000000000000	NULL	2025-06-24 04:31:02	2025-06-24 04:31:02
2218	Hemp	Greece	Manufacturing	carbon dioxide	Gas	0.12000000000000000000	NULL	2025-06-24 04:31:02	2025-06-24 04:31:02
2219	Hemp	Greece	Manufacturing	energy	Electricity	2.37600000000000000000	NULL	2025-06-24 04:31:02	2025-06-24 04:31:02
2220	Hemp	Greece	Manufacturing	water	Water	2.70000000000000000000	NULL	2025-06-24 04:31:02	2025-06-24 04:31:02
2221	Hemp	Greece	Raw Material	carbon dioxide	Gas	0.22500000000000000000	NULL	2025-06-24 04:31:02	2025-06-24 04:31:02
2222	Hemp	Greece	Raw Material	energy	Electricity	5.04900000000000000000	NULL	2025-06-24 04:31:02	2025-06-24 04:31:02
2223	Hemp	Greece	Raw Material	water	Water	538.70000000000000000000	NULL	2025-06-24 04:31:02	2025-06-24 04:31:02
2224	Hemp	Greece	Sampling	carbon dioxide	Gas	0.08300000000000000000	NULL	2025-06-24 04:31:02	2025-06-24 04:31:02
2225	Hemp	Greece	Sampling	energy	Electricity	0.98100000000000000000	NULL	2025-06-24 04:31:02	2025-06-24 04:31:02
2226	Hemp	Greece	Sampling	water	Water	0.25000000000000000000	NULL	2025-06-24 04:31:02	2025-06-24 04:31:02
2227	Hemp	Greece	Spinning	carbon dioxide	Gas	0.42600000000000000000	NULL	2025-06-24 04:31:02	2025-06-24 04:31:02
2228	Hemp	Greece	Spinning	energy	Electricity	3.05900000000000000000	NULL	2025-06-24 04:31:02	2025-06-24 04:31:02
2229	Hemp	Greece	Spinning	water	Water	0.87300000000000000000	NULL	2025-06-24 04:31:02	2025-06-24 04:31:02
2230	Hemp	Greece	Trims	carbon dioxide	Gas	0.07000000000000000000	NULL	2025-06-24 04:31:02	2025-06-24 04:31:02
2231	Hemp	Greece	Trims	energy	Electricity	0.85800000000000000000	NULL	2025-06-24 04:31:02	2025-06-24 04:31:02
2232	Hemp	Greece	Trims	water	Water	0.25300000000000000000	NULL	2025-06-24 04:31:02	2025-06-24 04:31:02
2233	Hemp	Greece	Weaving	carbon dioxide	Gas	0.59900000000000000000	NULL	2025-06-24 04:31:02	2025-06-24 04:31:02
2234	Hemp	Greece	Weaving	energy	Electricity	4.30100000000000000000	NULL	2025-06-24 04:31:02	2025-06-24 04:31:02
2235	Hemp	Greece	Weaving	water	Water	2.39200000000000000000	NULL	2025-06-24 04:31:02	2025-06-24 04:31:02
2236	Nylon	Greece	Dyeing	carbon dioxide	Gas	3.30500000000000000000	NULL	2025-06-24 04:31:02	2025-06-24 04:31:02
2237	Nylon	Greece	Dyeing	energy	Electricity	19.84700000000000000000	NULL	2025-06-24 04:31:02	2025-06-24 04:31:02
2238	Nylon	Greece	Dyeing	water	Water	14.99300000000000000000	NULL	2025-06-24 04:31:02	2025-06-24 04:31:02
2239	Nylon	Greece	Manufacturing	carbon dioxide	Gas	0.19000000000000000000	NULL	2025-06-24 04:31:02	2025-06-24 04:31:02
2240	Nylon	Greece	Manufacturing	energy	Electricity	3.19900000000000000000	NULL	2025-06-24 04:31:02	2025-06-24 04:31:02
2241	Nylon	Greece	Manufacturing	water	Water	1.90200000000000000000	NULL	2025-06-24 04:31:02	2025-06-24 04:31:02
2242	Nylon	Greece	Raw Material	carbon dioxide	Gas	5.29800000000000000000	NULL	2025-06-24 04:31:02	2025-06-24 04:31:02
2243	Nylon	Greece	Raw Material	energy	Electricity	60.20500000000000000000	NULL	2025-06-24 04:31:02	2025-06-24 04:31:02
2244	Nylon	Greece	Raw Material	water	Water	20.36800000000000000000	NULL	2025-06-24 04:31:02	2025-06-24 04:31:02
2245	Nylon	Greece	Sampling	carbon dioxide	Gas	0.10100000000000000000	NULL	2025-06-24 04:31:02	2025-06-24 04:31:02
2246	Nylon	Greece	Sampling	energy	Electricity	1.05500000000000000000	NULL	2025-06-24 04:31:02	2025-06-24 04:31:02
2247	Nylon	Greece	Sampling	water	Water	0.20600000000000000000	NULL	2025-06-24 04:31:02	2025-06-24 04:31:02
2248	Nylon	Greece	Spinning	carbon dioxide	Gas	1.01700000000000000000	NULL	2025-06-24 04:31:02	2025-06-24 04:31:02
2249	Nylon	Greece	Spinning	energy	Electricity	4.33400000000000000000	NULL	2025-06-24 04:31:02	2025-06-24 04:31:02
2250	Nylon	Greece	Spinning	water	Water	0.51600000000000000000	NULL	2025-06-24 04:31:02	2025-06-24 04:31:02
2251	Nylon	Greece	Trims	carbon dioxide	Gas	0.09600000000000000000	NULL	2025-06-24 04:31:02	2025-06-24 04:31:02
2252	Nylon	Greece	Trims	energy	Electricity	1.06700000000000000000	NULL	2025-06-24 04:31:02	2025-06-24 04:31:02
2253	Nylon	Greece	Trims	water	Water	0.19300000000000000000	NULL	2025-06-24 04:31:02	2025-06-24 04:31:02
2254	Nylon	Greece	Weaving	carbon dioxide	Gas	1.25400000000000000000	NULL	2025-06-24 04:31:02	2025-06-24 04:31:02
2255	Nylon	Greece	Weaving	energy	Electricity	5.76200000000000000000	NULL	2025-06-24 04:31:02	2025-06-24 04:31:02
2256	Nylon	Greece	Weaving	water	Water	1.97700000000000000000	NULL	2025-06-24 04:31:02	2025-06-24 04:31:02
2257	Polyester	Greece	Dyeing	carbon dioxide	Gas	4.11600000000000000000	NULL	2025-06-24 04:31:02	2025-06-24 04:31:02
2258	Polyester	Greece	Dyeing	energy	Electricity	23.67100000000000000000	NULL	2025-06-24 04:31:02	2025-06-24 04:31:02
2259	Polyester	Greece	Dyeing	water	Water	10.64800000000000000000	NULL	2025-06-24 04:31:02	2025-06-24 04:31:02
2260	Polyester	Greece	Manufacturing	carbon dioxide	Gas	0.16700000000000000000	NULL	2025-06-24 04:31:02	2025-06-24 04:31:02
2261	Polyester	Greece	Manufacturing	energy	Electricity	2.78100000000000000000	NULL	2025-06-24 04:31:02	2025-06-24 04:31:02
2262	Polyester	Greece	Manufacturing	water	Water	2.16300000000000000000	NULL	2025-06-24 04:31:02	2025-06-24 04:31:02
2263	Polyester	Greece	Raw Material	carbon dioxide	Gas	3.10200000000000000000	NULL	2025-06-24 04:31:02	2025-06-24 04:31:02
2264	Polyester	Greece	Raw Material	energy	Electricity	71.45200000000000000000	NULL	2025-06-24 04:31:02	2025-06-24 04:31:02
2265	Polyester	Greece	Raw Material	water	Water	21.21100000000000000000	NULL	2025-06-24 04:31:02	2025-06-24 04:31:02
2266	Polyester	Greece	Sampling	carbon dioxide	Gas	0.08400000000000000000	NULL	2025-06-24 04:31:02	2025-06-24 04:31:02
2267	Polyester	Greece	Sampling	energy	Electricity	1.17400000000000000000	NULL	2025-06-24 04:31:02	2025-06-24 04:31:02
2268	Polyester	Greece	Sampling	water	Water	0.18600000000000000000	NULL	2025-06-24 04:31:02	2025-06-24 04:31:02
2269	Polyester	Greece	Spinning	carbon dioxide	Gas	0.96400000000000000000	NULL	2025-06-24 04:31:02	2025-06-24 04:31:02
2270	Polyester	Greece	Spinning	energy	Electricity	3.68500000000000000000	NULL	2025-06-24 04:31:02	2025-06-24 04:31:02
2271	Polyester	Greece	Spinning	water	Water	0.54200000000000000000	NULL	2025-06-24 04:31:02	2025-06-24 04:31:02
2272	Polyester	Greece	Trims	carbon dioxide	Gas	0.09100000000000000000	NULL	2025-06-24 04:31:02	2025-06-24 04:31:02
2273	Polyester	Greece	Trims	energy	Electricity	1.03500000000000000000	NULL	2025-06-24 04:31:02	2025-06-24 04:31:02
2274	Polyester	Greece	Trims	water	Water	0.21100000000000000000	NULL	2025-06-24 04:31:02	2025-06-24 04:31:02
2275	Polyester	Greece	Weaving	carbon dioxide	Gas	0.99300000000000000000	NULL	2025-06-24 04:31:02	2025-06-24 04:31:02
2276	Polyester	Greece	Weaving	energy	Electricity	5.68400000000000000000	NULL	2025-06-24 04:31:02	2025-06-24 04:31:02
2277	Polyester	Greece	Weaving	water	Water	1.92200000000000000000	NULL	2025-06-24 04:31:02	2025-06-24 04:31:02
2278	Silk	Greece	Dyeing	carbon dioxide	Gas	3.01100000000000000000	NULL	2025-06-24 04:31:02	2025-06-24 04:31:02
2279	Silk	Greece	Dyeing	energy	Electricity	18.46200000000000000000	NULL	2025-06-24 04:31:02	2025-06-24 04:31:02
2280	Silk	Greece	Dyeing	water	Water	41.51600000000000000000	NULL	2025-06-24 04:31:02	2025-06-24 04:31:02
2281	Silk	Greece	Manufacturing	carbon dioxide	Gas	0.22300000000000000000	NULL	2025-06-24 04:31:02	2025-06-24 04:31:02
2282	Silk	Greece	Manufacturing	energy	Electricity	3.62700000000000000000	NULL	2025-06-24 04:31:02	2025-06-24 04:31:02
2283	Silk	Greece	Manufacturing	water	Water	3.72900000000000000000	NULL	2025-06-24 04:31:02	2025-06-24 04:31:02
2284	Silk	Greece	Raw Material	carbon dioxide	Gas	1.96500000000000000000	NULL	2025-06-24 04:31:02	2025-06-24 04:31:02
2285	Silk	Greece	Raw Material	energy	Electricity	32.92200000000000000000	NULL	2025-06-24 04:31:02	2025-06-24 04:31:02
2286	Silk	Greece	Raw Material	water	Water	9388.65400000000000000000	NULL	2025-06-24 04:31:02	2025-06-24 04:31:02
2287	Silk	Greece	Sampling	carbon dioxide	Gas	0.11000000000000000000	NULL	2025-06-24 04:31:02	2025-06-24 04:31:02
2288	Silk	Greece	Sampling	energy	Electricity	1.64800000000000000000	NULL	2025-06-24 04:31:02	2025-06-24 04:31:02
2289	Silk	Greece	Sampling	water	Water	0.38800000000000000000	NULL	2025-06-24 04:31:02	2025-06-24 04:31:02
2290	Silk	Greece	Spinning	carbon dioxide	Gas	0.68400000000000000000	NULL	2025-06-24 04:31:02	2025-06-24 04:31:02
2291	Silk	Greece	Spinning	energy	Electricity	7.70200000000000000000	NULL	2025-06-24 04:31:02	2025-06-24 04:31:02
2292	Silk	Greece	Spinning	water	Water	1.49700000000000000000	NULL	2025-06-24 04:31:02	2025-06-24 04:31:02
2293	Silk	Greece	Trims	carbon dioxide	Gas	0.10900000000000000000	NULL	2025-06-24 04:31:02	2025-06-24 04:31:02
2294	Silk	Greece	Trims	energy	Electricity	1.48800000000000000000	NULL	2025-06-24 04:31:02	2025-06-24 04:31:02
2295	Silk	Greece	Trims	water	Water	0.41100000000000000000	NULL	2025-06-24 04:31:02	2025-06-24 04:31:02
2296	Silk	Greece	Weaving	carbon dioxide	Gas	0.85600000000000000000	NULL	2025-06-24 04:31:02	2025-06-24 04:31:02
2297	Silk	Greece	Weaving	energy	Electricity	7.49600000000000000000	NULL	2025-06-24 04:31:02	2025-06-24 04:31:02
2298	Silk	Greece	Weaving	water	Water	4.30000000000000000000	NULL	2025-06-24 04:31:02	2025-06-24 04:31:02
2299	Wool	Greece	Dyeing	carbon dioxide	Gas	3.53300000000000000000	NULL	2025-06-24 04:31:02	2025-06-24 04:31:02
2300	Wool	Greece	Dyeing	energy	Electricity	17.80500000000000000000	NULL	2025-06-24 04:31:02	2025-06-24 04:31:02
2301	Wool	Greece	Dyeing	water	Water	39.83500000000000000000	NULL	2025-06-24 04:31:02	2025-06-24 04:31:02
2302	Wool	Greece	Manufacturing	carbon dioxide	Gas	0.19500000000000000000	NULL	2025-06-24 04:31:02	2025-06-24 04:31:02
2303	Wool	Greece	Manufacturing	energy	Electricity	2.99600000000000000000	NULL	2025-06-24 04:31:02	2025-06-24 04:31:02
2304	Wool	Greece	Manufacturing	water	Water	2.76700000000000000000	NULL	2025-06-24 04:31:02	2025-06-24 04:31:02
2305	Wool	Greece	Raw Material	carbon dioxide	Gas	8.23400000000000000000	NULL	2025-06-24 04:31:02	2025-06-24 04:31:02
2306	Wool	Greece	Raw Material	energy	Electricity	19.08800000000000000000	NULL	2025-06-24 04:31:02	2025-06-24 04:31:02
2307	Wool	Greece	Raw Material	water	Water	831.89900000000000000000	NULL	2025-06-24 04:31:02	2025-06-24 04:31:02
2308	Wool	Greece	Sampling	carbon dioxide	Gas	0.09900000000000000000	NULL	2025-06-24 04:31:02	2025-06-24 04:31:02
2309	Wool	Greece	Sampling	energy	Electricity	1.31200000000000000000	NULL	2025-06-24 04:31:02	2025-06-24 04:31:02
2310	Wool	Greece	Sampling	water	Water	0.30400000000000000000	NULL	2025-06-24 04:31:02	2025-06-24 04:31:02
2311	Wool	Greece	Spinning	carbon dioxide	Gas	0.78200000000000000000	NULL	2025-06-24 04:31:02	2025-06-24 04:31:02
2312	Wool	Greece	Spinning	energy	Electricity	5.69200000000000000000	NULL	2025-06-24 04:31:02	2025-06-24 04:31:02
2313	Wool	Greece	Spinning	water	Water	0.94500000000000000000	NULL	2025-06-24 04:31:02	2025-06-24 04:31:02
2314	Wool	Greece	Trims	carbon dioxide	Gas	0.09900000000000000000	NULL	2025-06-24 04:31:02	2025-06-24 04:31:02
2315	Wool	Greece	Trims	energy	Electricity	1.45100000000000000000	NULL	2025-06-24 04:31:02	2025-06-24 04:31:02
2316	Wool	Greece	Trims	water	Water	0.27900000000000000000	NULL	2025-06-24 04:31:02	2025-06-24 04:31:02
2317	Wool	Greece	Weaving	carbon dioxide	Gas	1.05100000000000000000	NULL	2025-06-24 04:31:02	2025-06-24 04:31:02
2318	Wool	Greece	Weaving	energy	Electricity	6.25900000000000000000	NULL	2025-06-24 04:31:02	2025-06-24 04:31:02
2319	Wool	Greece	Weaving	water	Water	3.02900000000000000000	NULL	2025-06-24 04:31:02	2025-06-24 04:31:02
2320	Cotton	Guatemala	Dyeing	carbon dioxide	Gas	2.37100000000000000000	NULL	2025-06-24 04:31:02	2025-06-24 04:31:02
2321	Cotton	Guatemala	Dyeing	energy	Electricity	16.65800000000000000000	NULL	2025-06-24 04:31:02	2025-06-24 04:31:02
2322	Cotton	Guatemala	Dyeing	water	Water	51.66000000000000000000	NULL	2025-06-24 04:31:02	2025-06-24 04:31:02
2323	Cotton	Guatemala	Manufacturing	carbon dioxide	Gas	0.20200000000000000000	NULL	2025-06-24 04:31:02	2025-06-24 04:31:02
2324	Cotton	Guatemala	Manufacturing	energy	Electricity	3.34500000000000000000	NULL	2025-06-24 04:31:02	2025-06-24 04:31:02
2325	Cotton	Guatemala	Manufacturing	water	Water	4.68000000000000000000	NULL	2025-06-24 04:31:02	2025-06-24 04:31:02
2326	Cotton	Guatemala	Raw Material	carbon dioxide	Gas	1.58800000000000000000	NULL	2025-06-24 04:31:02	2025-06-24 04:31:02
2327	Cotton	Guatemala	Raw Material	energy	Electricity	9.06000000000000000000	NULL	2025-06-24 04:31:02	2025-06-24 04:31:02
2328	Cotton	Guatemala	Raw Material	water	Water	9157.89300000000000000000	NULL	2025-06-24 04:31:02	2025-06-24 04:31:02
2329	Cotton	Guatemala	Sampling	carbon dioxide	Gas	0.10700000000000000000	NULL	2025-06-24 04:31:02	2025-06-24 04:31:02
2330	Cotton	Guatemala	Sampling	energy	Electricity	1.89700000000000000000	NULL	2025-06-24 04:31:02	2025-06-24 04:31:02
2331	Cotton	Guatemala	Sampling	water	Water	0.47900000000000000000	NULL	2025-06-24 04:31:02	2025-06-24 04:31:02
2332	Cotton	Guatemala	Spinning	carbon dioxide	Gas	0.49500000000000000000	NULL	2025-06-24 04:31:02	2025-06-24 04:31:02
2333	Cotton	Guatemala	Spinning	energy	Electricity	7.01900000000000000000	NULL	2025-06-24 04:31:02	2025-06-24 04:31:02
2334	Cotton	Guatemala	Spinning	water	Water	1.85300000000000000000	NULL	2025-06-24 04:31:02	2025-06-24 04:31:02
2335	Cotton	Guatemala	Trims	carbon dioxide	Gas	0.09900000000000000000	NULL	2025-06-24 04:31:02	2025-06-24 04:31:02
2336	Cotton	Guatemala	Trims	energy	Electricity	1.79000000000000000000	NULL	2025-06-24 04:31:02	2025-06-24 04:31:02
2337	Cotton	Guatemala	Trims	water	Water	0.46900000000000000000	NULL	2025-06-24 04:31:02	2025-06-24 04:31:02
2338	Cotton	Guatemala	Weaving	carbon dioxide	Gas	0.72400000000000000000	NULL	2025-06-24 04:31:02	2025-06-24 04:31:02
2339	Cotton	Guatemala	Weaving	energy	Electricity	7.88800000000000000000	NULL	2025-06-24 04:31:02	2025-06-24 04:31:02
2340	Cotton	Guatemala	Weaving	water	Water	5.44100000000000000000	NULL	2025-06-24 04:31:02	2025-06-24 04:31:02
2341	Hemp	Guatemala	Dyeing	carbon dioxide	Gas	1.94400000000000000000	NULL	2025-06-24 04:31:02	2025-06-24 04:31:02
2342	Hemp	Guatemala	Dyeing	energy	Electricity	11.42900000000000000000	NULL	2025-06-24 04:31:02	2025-06-24 04:31:02
2343	Hemp	Guatemala	Dyeing	water	Water	27.13900000000000000000	NULL	2025-06-24 04:31:02	2025-06-24 04:31:02
2344	Hemp	Guatemala	Manufacturing	carbon dioxide	Gas	0.10800000000000000000	NULL	2025-06-24 04:31:02	2025-06-24 04:31:02
2345	Hemp	Guatemala	Manufacturing	energy	Electricity	2.66600000000000000000	NULL	2025-06-24 04:31:02	2025-06-24 04:31:02
2346	Hemp	Guatemala	Manufacturing	water	Water	2.45700000000000000000	NULL	2025-06-24 04:31:02	2025-06-24 04:31:02
2347	Hemp	Guatemala	Raw Material	carbon dioxide	Gas	0.20500000000000000000	NULL	2025-06-24 04:31:02	2025-06-24 04:31:02
2348	Hemp	Guatemala	Raw Material	energy	Electricity	5.00700000000000000000	NULL	2025-06-24 04:31:02	2025-06-24 04:31:02
2349	Hemp	Guatemala	Raw Material	water	Water	481.97000000000000000000	NULL	2025-06-24 04:31:02	2025-06-24 04:31:02
2350	Hemp	Guatemala	Sampling	carbon dioxide	Gas	0.06700000000000000000	NULL	2025-06-24 04:31:02	2025-06-24 04:31:02
2351	Hemp	Guatemala	Sampling	energy	Electricity	0.85400000000000000000	NULL	2025-06-24 04:31:02	2025-06-24 04:31:02
2352	Hemp	Guatemala	Sampling	water	Water	0.23100000000000000000	NULL	2025-06-24 04:31:02	2025-06-24 04:31:02
2353	Hemp	Guatemala	Spinning	carbon dioxide	Gas	0.41800000000000000000	NULL	2025-06-24 04:31:02	2025-06-24 04:31:02
2354	Hemp	Guatemala	Spinning	energy	Electricity	2.94700000000000000000	NULL	2025-06-24 04:31:02	2025-06-24 04:31:02
2355	Hemp	Guatemala	Spinning	water	Water	0.83100000000000000000	NULL	2025-06-24 04:31:02	2025-06-24 04:31:02
2356	Hemp	Guatemala	Trims	carbon dioxide	Gas	0.06400000000000000000	NULL	2025-06-24 04:31:02	2025-06-24 04:31:02
2357	Hemp	Guatemala	Trims	energy	Electricity	0.90700000000000000000	NULL	2025-06-24 04:31:02	2025-06-24 04:31:02
2358	Hemp	Guatemala	Trims	water	Water	0.26200000000000000000	NULL	2025-06-24 04:31:02	2025-06-24 04:31:02
2359	Hemp	Guatemala	Weaving	carbon dioxide	Gas	0.59900000000000000000	NULL	2025-06-24 04:31:02	2025-06-24 04:31:02
2360	Hemp	Guatemala	Weaving	energy	Electricity	4.02900000000000000000	NULL	2025-06-24 04:31:02	2025-06-24 04:31:02
2361	Hemp	Guatemala	Weaving	water	Water	2.27100000000000000000	NULL	2025-06-24 04:31:02	2025-06-24 04:31:02
2362	Nylon	Guatemala	Dyeing	carbon dioxide	Gas	2.92900000000000000000	NULL	2025-06-24 04:31:02	2025-06-24 04:31:02
2363	Nylon	Guatemala	Dyeing	energy	Electricity	19.79600000000000000000	NULL	2025-06-24 04:31:02	2025-06-24 04:31:02
2364	Nylon	Guatemala	Dyeing	water	Water	15.25700000000000000000	NULL	2025-06-24 04:31:02	2025-06-24 04:31:02
2365	Nylon	Guatemala	Manufacturing	carbon dioxide	Gas	0.18800000000000000000	NULL	2025-06-24 04:31:02	2025-06-24 04:31:02
2366	Nylon	Guatemala	Manufacturing	energy	Electricity	3.38900000000000000000	NULL	2025-06-24 04:31:02	2025-06-24 04:31:02
2367	Nylon	Guatemala	Manufacturing	water	Water	1.97100000000000000000	NULL	2025-06-24 04:31:02	2025-06-24 04:31:02
2368	Nylon	Guatemala	Raw Material	carbon dioxide	Gas	5.18900000000000000000	NULL	2025-06-24 04:31:02	2025-06-24 04:31:02
2369	Nylon	Guatemala	Raw Material	energy	Electricity	57.53800000000000000000	NULL	2025-06-24 04:31:02	2025-06-24 04:31:02
2370	Nylon	Guatemala	Raw Material	water	Water	20.22300000000000000000	NULL	2025-06-24 04:31:02	2025-06-24 04:31:02
2371	Nylon	Guatemala	Sampling	carbon dioxide	Gas	0.08600000000000000000	NULL	2025-06-24 04:31:02	2025-06-24 04:31:02
2372	Nylon	Guatemala	Sampling	energy	Electricity	1.05500000000000000000	NULL	2025-06-24 04:31:02	2025-06-24 04:31:02
2373	Nylon	Guatemala	Sampling	water	Water	0.20300000000000000000	NULL	2025-06-24 04:31:02	2025-06-24 04:31:02
2374	Nylon	Guatemala	Spinning	carbon dioxide	Gas	0.86100000000000000000	NULL	2025-06-24 04:31:02	2025-06-24 04:31:02
2375	Nylon	Guatemala	Spinning	energy	Electricity	4.22400000000000000000	NULL	2025-06-24 04:31:02	2025-06-24 04:31:02
2376	Nylon	Guatemala	Spinning	water	Water	0.48500000000000000000	NULL	2025-06-24 04:31:02	2025-06-24 04:31:02
2377	Nylon	Guatemala	Trims	carbon dioxide	Gas	0.09400000000000000000	NULL	2025-06-24 04:31:02	2025-06-24 04:31:02
2378	Nylon	Guatemala	Trims	energy	Electricity	1.10500000000000000000	NULL	2025-06-24 04:31:02	2025-06-24 04:31:02
2379	Nylon	Guatemala	Trims	water	Water	0.20600000000000000000	NULL	2025-06-24 04:31:02	2025-06-24 04:31:02
2380	Nylon	Guatemala	Weaving	carbon dioxide	Gas	1.05000000000000000000	NULL	2025-06-24 04:31:02	2025-06-24 04:31:02
2381	Nylon	Guatemala	Weaving	energy	Electricity	5.96200000000000000000	NULL	2025-06-24 04:31:02	2025-06-24 04:31:02
2382	Nylon	Guatemala	Weaving	water	Water	1.99100000000000000000	NULL	2025-06-24 04:31:02	2025-06-24 04:31:02
2383	Polyester	Guatemala	Dyeing	carbon dioxide	Gas	3.65000000000000000000	NULL	2025-06-24 04:31:02	2025-06-24 04:31:02
2384	Polyester	Guatemala	Dyeing	energy	Electricity	23.60000000000000000000	NULL	2025-06-24 04:31:02	2025-06-24 04:31:02
2385	Polyester	Guatemala	Dyeing	water	Water	10.91600000000000000000	NULL	2025-06-24 04:31:02	2025-06-24 04:31:02
2386	Polyester	Guatemala	Manufacturing	carbon dioxide	Gas	0.13800000000000000000	NULL	2025-06-24 04:31:02	2025-06-24 04:31:02
2387	Polyester	Guatemala	Manufacturing	energy	Electricity	2.84800000000000000000	NULL	2025-06-24 04:31:02	2025-06-24 04:31:02
2388	Polyester	Guatemala	Manufacturing	water	Water	2.11000000000000000000	NULL	2025-06-24 04:31:02	2025-06-24 04:31:02
2389	Polyester	Guatemala	Raw Material	carbon dioxide	Gas	3.10800000000000000000	NULL	2025-06-24 04:31:02	2025-06-24 04:31:02
2390	Polyester	Guatemala	Raw Material	energy	Electricity	76.65100000000000000000	NULL	2025-06-24 04:31:02	2025-06-24 04:31:02
2391	Polyester	Guatemala	Raw Material	water	Water	18.63300000000000000000	NULL	2025-06-24 04:31:02	2025-06-24 04:31:02
2392	Polyester	Guatemala	Sampling	carbon dioxide	Gas	0.08200000000000000000	NULL	2025-06-24 04:31:02	2025-06-24 04:31:02
2393	Polyester	Guatemala	Sampling	energy	Electricity	1.05600000000000000000	NULL	2025-06-24 04:31:02	2025-06-24 04:31:02
2394	Polyester	Guatemala	Sampling	water	Water	0.18100000000000000000	NULL	2025-06-24 04:31:02	2025-06-24 04:31:02
2395	Polyester	Guatemala	Spinning	carbon dioxide	Gas	0.74900000000000000000	NULL	2025-06-24 04:31:02	2025-06-24 04:31:02
2396	Polyester	Guatemala	Spinning	energy	Electricity	3.54800000000000000000	NULL	2025-06-24 04:31:02	2025-06-24 04:31:02
2397	Polyester	Guatemala	Spinning	water	Water	0.46300000000000000000	NULL	2025-06-24 04:31:02	2025-06-24 04:31:02
2398	Polyester	Guatemala	Trims	carbon dioxide	Gas	0.08200000000000000000	NULL	2025-06-24 04:31:02	2025-06-24 04:31:02
2399	Polyester	Guatemala	Trims	energy	Electricity	1.00400000000000000000	NULL	2025-06-24 04:31:02	2025-06-24 04:31:02
2400	Polyester	Guatemala	Trims	water	Water	0.21100000000000000000	NULL	2025-06-24 04:31:02	2025-06-24 04:31:02
2401	Polyester	Guatemala	Weaving	carbon dioxide	Gas	0.92200000000000000000	NULL	2025-06-24 04:31:02	2025-06-24 04:31:02
2402	Polyester	Guatemala	Weaving	energy	Electricity	5.24500000000000000000	NULL	2025-06-24 04:31:02	2025-06-24 04:31:02
2403	Polyester	Guatemala	Weaving	water	Water	2.17900000000000000000	NULL	2025-06-24 04:31:02	2025-06-24 04:31:02
2404	Wool	Guatemala	Dyeing	carbon dioxide	Gas	2.98100000000000000000	NULL	2025-06-24 04:31:02	2025-06-24 04:31:02
2405	Wool	Guatemala	Dyeing	energy	Electricity	18.27600000000000000000	NULL	2025-06-24 04:31:02	2025-06-24 04:31:02
2406	Wool	Guatemala	Dyeing	water	Water	40.83800000000000000000	NULL	2025-06-24 04:31:02	2025-06-24 04:31:02
2407	Wool	Guatemala	Manufacturing	carbon dioxide	Gas	0.19300000000000000000	NULL	2025-06-24 04:31:02	2025-06-24 04:31:02
2408	Wool	Guatemala	Manufacturing	energy	Electricity	2.99400000000000000000	NULL	2025-06-24 04:31:02	2025-06-24 04:31:02
2409	Wool	Guatemala	Manufacturing	water	Water	2.73100000000000000000	NULL	2025-06-24 04:31:02	2025-06-24 04:31:02
2410	Wool	Guatemala	Raw Material	carbon dioxide	Gas	7.55800000000000000000	NULL	2025-06-24 04:31:02	2025-06-24 04:31:02
2411	Wool	Guatemala	Raw Material	energy	Electricity	21.28500000000000000000	NULL	2025-06-24 04:31:02	2025-06-24 04:31:02
2412	Wool	Guatemala	Raw Material	water	Water	745.04000000000000000000	NULL	2025-06-24 04:31:02	2025-06-24 04:31:02
2413	Wool	Guatemala	Sampling	carbon dioxide	Gas	0.08400000000000000000	NULL	2025-06-24 04:31:02	2025-06-24 04:31:02
2414	Wool	Guatemala	Sampling	energy	Electricity	1.31600000000000000000	NULL	2025-06-24 04:31:02	2025-06-24 04:31:02
2415	Wool	Guatemala	Sampling	water	Water	0.30400000000000000000	NULL	2025-06-24 04:31:02	2025-06-24 04:31:02
2416	Wool	Guatemala	Spinning	carbon dioxide	Gas	0.66400000000000000000	NULL	2025-06-24 04:31:02	2025-06-24 04:31:02
2417	Wool	Guatemala	Spinning	energy	Electricity	5.11400000000000000000	NULL	2025-06-24 04:31:02	2025-06-24 04:31:02
2418	Wool	Guatemala	Spinning	water	Water	1.00000000000000000000	NULL	2025-06-24 04:31:02	2025-06-24 04:31:02
2419	Wool	Guatemala	Trims	carbon dioxide	Gas	0.08600000000000000000	NULL	2025-06-24 04:31:02	2025-06-24 04:31:02
2420	Wool	Guatemala	Trims	energy	Electricity	1.52900000000000000000	NULL	2025-06-24 04:31:02	2025-06-24 04:31:02
2421	Wool	Guatemala	Trims	water	Water	0.27300000000000000000	NULL	2025-06-24 04:31:02	2025-06-24 04:31:02
2422	Wool	Guatemala	Weaving	carbon dioxide	Gas	0.90200000000000000000	NULL	2025-06-24 04:31:02	2025-06-24 04:31:02
2423	Wool	Guatemala	Weaving	energy	Electricity	5.94000000000000000000	NULL	2025-06-24 04:31:02	2025-06-24 04:31:02
2424	Wool	Guatemala	Weaving	water	Water	3.00200000000000000000	NULL	2025-06-24 04:31:02	2025-06-24 04:31:02
2425	Cotton	Honduras	Dyeing	carbon dioxide	Gas	2.35200000000000000000	NULL	2025-06-24 04:31:02	2025-06-24 04:31:02
2426	Cotton	Honduras	Dyeing	energy	Electricity	15.07700000000000000000	NULL	2025-06-24 04:31:02	2025-06-24 04:31:02
2427	Cotton	Honduras	Dyeing	water	Water	53.32400000000000000000	NULL	2025-06-24 04:31:02	2025-06-24 04:31:02
2428	Cotton	Honduras	Manufacturing	carbon dioxide	Gas	0.18500000000000000000	NULL	2025-06-24 04:31:02	2025-06-24 04:31:02
2429	Cotton	Honduras	Manufacturing	energy	Electricity	3.55100000000000000000	NULL	2025-06-24 04:31:02	2025-06-24 04:31:02
2430	Cotton	Honduras	Manufacturing	water	Water	4.61800000000000000000	NULL	2025-06-24 04:31:02	2025-06-24 04:31:02
2431	Cotton	Honduras	Raw Material	carbon dioxide	Gas	1.60400000000000000000	NULL	2025-06-24 04:31:02	2025-06-24 04:31:02
2432	Cotton	Honduras	Raw Material	energy	Electricity	9.44700000000000000000	NULL	2025-06-24 04:31:02	2025-06-24 04:31:02
2433	Cotton	Honduras	Raw Material	water	Water	10478.32500000000000000000	NULL	2025-06-24 04:31:02	2025-06-24 04:31:02
2434	Cotton	Honduras	Sampling	carbon dioxide	Gas	0.10000000000000000000	NULL	2025-06-24 04:31:02	2025-06-24 04:31:02
2435	Cotton	Honduras	Sampling	energy	Electricity	1.67600000000000000000	NULL	2025-06-24 04:31:02	2025-06-24 04:31:02
2436	Cotton	Honduras	Sampling	water	Water	0.52700000000000000000	NULL	2025-06-24 04:31:02	2025-06-24 04:31:02
2437	Cotton	Honduras	Spinning	carbon dioxide	Gas	0.53200000000000000000	NULL	2025-06-24 04:31:02	2025-06-24 04:31:02
2438	Cotton	Honduras	Spinning	energy	Electricity	6.23300000000000000000	NULL	2025-06-24 04:31:02	2025-06-24 04:31:02
2439	Cotton	Honduras	Spinning	water	Water	1.58000000000000000000	NULL	2025-06-24 04:31:02	2025-06-24 04:31:02
2440	Cotton	Honduras	Trims	carbon dioxide	Gas	0.10400000000000000000	NULL	2025-06-24 04:31:02	2025-06-24 04:31:02
2441	Cotton	Honduras	Trims	energy	Electricity	1.95200000000000000000	NULL	2025-06-24 04:31:02	2025-06-24 04:31:02
2442	Cotton	Honduras	Trims	water	Water	0.52500000000000000000	NULL	2025-06-24 04:31:02	2025-06-24 04:31:02
2443	Cotton	Honduras	Weaving	carbon dioxide	Gas	0.81300000000000000000	NULL	2025-06-24 04:31:02	2025-06-24 04:31:02
2444	Cotton	Honduras	Weaving	energy	Electricity	6.48900000000000000000	NULL	2025-06-24 04:31:02	2025-06-24 04:31:02
2445	Cotton	Honduras	Weaving	water	Water	5.11000000000000000000	NULL	2025-06-24 04:31:02	2025-06-24 04:31:02
2446	Hemp	Honduras	Dyeing	carbon dioxide	Gas	1.87900000000000000000	NULL	2025-06-24 04:31:02	2025-06-24 04:31:02
2447	Hemp	Honduras	Dyeing	energy	Electricity	12.39800000000000000000	NULL	2025-06-24 04:31:02	2025-06-24 04:31:02
2448	Hemp	Honduras	Dyeing	water	Water	31.11500000000000000000	NULL	2025-06-24 04:31:02	2025-06-24 04:31:02
2449	Hemp	Honduras	Manufacturing	carbon dioxide	Gas	0.12900000000000000000	NULL	2025-06-24 04:31:02	2025-06-24 04:31:02
2450	Hemp	Honduras	Manufacturing	energy	Electricity	2.67700000000000000000	NULL	2025-06-24 04:31:02	2025-06-24 04:31:02
2451	Hemp	Honduras	Manufacturing	water	Water	2.60800000000000000000	NULL	2025-06-24 04:31:02	2025-06-24 04:31:02
2452	Hemp	Honduras	Raw Material	carbon dioxide	Gas	0.21400000000000000000	NULL	2025-06-24 04:31:02	2025-06-24 04:31:02
2453	Hemp	Honduras	Raw Material	energy	Electricity	4.67200000000000000000	NULL	2025-06-24 04:31:02	2025-06-24 04:31:02
2454	Hemp	Honduras	Raw Material	water	Water	494.32900000000000000000	NULL	2025-06-24 04:31:02	2025-06-24 04:31:02
2455	Hemp	Honduras	Sampling	carbon dioxide	Gas	0.07200000000000000000	NULL	2025-06-24 04:31:02	2025-06-24 04:31:02
2456	Hemp	Honduras	Sampling	energy	Electricity	0.83500000000000000000	NULL	2025-06-24 04:31:02	2025-06-24 04:31:02
2457	Hemp	Honduras	Sampling	water	Water	0.27100000000000000000	NULL	2025-06-24 04:31:02	2025-06-24 04:31:02
2458	Hemp	Honduras	Spinning	carbon dioxide	Gas	0.42700000000000000000	NULL	2025-06-24 04:31:02	2025-06-24 04:31:02
2459	Hemp	Honduras	Spinning	energy	Electricity	2.92000000000000000000	NULL	2025-06-24 04:31:02	2025-06-24 04:31:02
2460	Hemp	Honduras	Spinning	water	Water	0.74300000000000000000	NULL	2025-06-24 04:31:02	2025-06-24 04:31:02
2461	Hemp	Honduras	Trims	carbon dioxide	Gas	0.07400000000000000000	NULL	2025-06-24 04:31:02	2025-06-24 04:31:02
2462	Hemp	Honduras	Trims	energy	Electricity	0.93500000000000000000	NULL	2025-06-24 04:31:02	2025-06-24 04:31:02
2463	Hemp	Honduras	Trims	water	Water	0.25400000000000000000	NULL	2025-06-24 04:31:02	2025-06-24 04:31:02
2464	Hemp	Honduras	Weaving	carbon dioxide	Gas	0.64100000000000000000	NULL	2025-06-24 04:31:02	2025-06-24 04:31:02
2465	Hemp	Honduras	Weaving	energy	Electricity	4.74100000000000000000	NULL	2025-06-24 04:31:02	2025-06-24 04:31:02
2466	Hemp	Honduras	Weaving	water	Water	2.73400000000000000000	NULL	2025-06-24 04:31:02	2025-06-24 04:31:02
2467	Nylon	Honduras	Dyeing	carbon dioxide	Gas	2.97500000000000000000	NULL	2025-06-24 04:31:02	2025-06-24 04:31:02
2468	Nylon	Honduras	Dyeing	energy	Electricity	19.28600000000000000000	NULL	2025-06-24 04:31:02	2025-06-24 04:31:02
2469	Nylon	Honduras	Dyeing	water	Water	15.52000000000000000000	NULL	2025-06-24 04:31:02	2025-06-24 04:31:02
2470	Nylon	Honduras	Manufacturing	carbon dioxide	Gas	0.17400000000000000000	NULL	2025-06-24 04:31:02	2025-06-24 04:31:02
2471	Nylon	Honduras	Manufacturing	energy	Electricity	3.19100000000000000000	NULL	2025-06-24 04:31:02	2025-06-24 04:31:02
2472	Nylon	Honduras	Manufacturing	water	Water	1.90600000000000000000	NULL	2025-06-24 04:31:02	2025-06-24 04:31:02
2473	Nylon	Honduras	Raw Material	carbon dioxide	Gas	4.92500000000000000000	NULL	2025-06-24 04:31:02	2025-06-24 04:31:02
2474	Nylon	Honduras	Raw Material	energy	Electricity	59.74000000000000000000	NULL	2025-06-24 04:31:02	2025-06-24 04:31:02
2475	Nylon	Honduras	Raw Material	water	Water	20.64200000000000000000	NULL	2025-06-24 04:31:02	2025-06-24 04:31:02
2476	Nylon	Honduras	Sampling	carbon dioxide	Gas	0.08600000000000000000	NULL	2025-06-24 04:31:02	2025-06-24 04:31:02
2477	Nylon	Honduras	Sampling	energy	Electricity	1.12200000000000000000	NULL	2025-06-24 04:31:02	2025-06-24 04:31:02
2478	Nylon	Honduras	Sampling	water	Water	0.20500000000000000000	NULL	2025-06-24 04:31:02	2025-06-24 04:31:02
2479	Nylon	Honduras	Spinning	carbon dioxide	Gas	0.88800000000000000000	NULL	2025-06-24 04:31:02	2025-06-24 04:31:02
2480	Nylon	Honduras	Spinning	energy	Electricity	4.40100000000000000000	NULL	2025-06-24 04:31:02	2025-06-24 04:31:02
2481	Nylon	Honduras	Spinning	water	Water	0.48300000000000000000	NULL	2025-06-24 04:31:02	2025-06-24 04:31:02
2482	Nylon	Honduras	Trims	carbon dioxide	Gas	0.09300000000000000000	NULL	2025-06-24 04:31:02	2025-06-24 04:31:02
2483	Nylon	Honduras	Trims	energy	Electricity	1.07500000000000000000	NULL	2025-06-24 04:31:02	2025-06-24 04:31:02
2484	Nylon	Honduras	Trims	water	Water	0.19000000000000000000	NULL	2025-06-24 04:31:02	2025-06-24 04:31:02
2485	Nylon	Honduras	Weaving	carbon dioxide	Gas	1.12200000000000000000	NULL	2025-06-24 04:31:02	2025-06-24 04:31:02
2486	Nylon	Honduras	Weaving	energy	Electricity	5.96600000000000000000	NULL	2025-06-24 04:31:02	2025-06-24 04:31:02
2487	Nylon	Honduras	Weaving	water	Water	1.90300000000000000000	NULL	2025-06-24 04:31:02	2025-06-24 04:31:02
2488	Polyester	Honduras	Dyeing	carbon dioxide	Gas	3.54700000000000000000	NULL	2025-06-24 04:31:02	2025-06-24 04:31:02
2489	Polyester	Honduras	Dyeing	energy	Electricity	21.40400000000000000000	NULL	2025-06-24 04:31:02	2025-06-24 04:31:02
2490	Polyester	Honduras	Dyeing	water	Water	9.43900000000000000000	NULL	2025-06-24 04:31:02	2025-06-24 04:31:02
2491	Polyester	Honduras	Manufacturing	carbon dioxide	Gas	0.14300000000000000000	NULL	2025-06-24 04:31:02	2025-06-24 04:31:02
2492	Polyester	Honduras	Manufacturing	energy	Electricity	2.68300000000000000000	NULL	2025-06-24 04:31:02	2025-06-24 04:31:02
2493	Polyester	Honduras	Manufacturing	water	Water	2.01400000000000000000	NULL	2025-06-24 04:31:02	2025-06-24 04:31:02
2494	Polyester	Honduras	Raw Material	carbon dioxide	Gas	3.20900000000000000000	NULL	2025-06-24 04:31:02	2025-06-24 04:31:02
2495	Polyester	Honduras	Raw Material	energy	Electricity	63.06100000000000000000	NULL	2025-06-24 04:31:02	2025-06-24 04:31:02
2496	Polyester	Honduras	Raw Material	water	Water	21.66700000000000000000	NULL	2025-06-24 04:31:02	2025-06-24 04:31:02
2497	Polyester	Honduras	Sampling	carbon dioxide	Gas	0.07700000000000000000	NULL	2025-06-24 04:31:02	2025-06-24 04:31:02
2498	Polyester	Honduras	Sampling	energy	Electricity	1.03900000000000000000	NULL	2025-06-24 04:31:02	2025-06-24 04:31:02
2499	Polyester	Honduras	Sampling	water	Water	0.20200000000000000000	NULL	2025-06-24 04:31:02	2025-06-24 04:31:02
2500	Polyester	Honduras	Spinning	carbon dioxide	Gas	0.75300000000000000000	NULL	2025-06-24 04:31:02	2025-06-24 04:31:02
2501	Polyester	Honduras	Spinning	energy	Electricity	3.25300000000000000000	NULL	2025-06-24 04:31:02	2025-06-24 04:31:02
2502	Polyester	Honduras	Spinning	water	Water	0.50300000000000000000	NULL	2025-06-24 04:31:02	2025-06-24 04:31:02
2503	Polyester	Honduras	Trims	carbon dioxide	Gas	0.07500000000000000000	NULL	2025-06-24 04:31:02	2025-06-24 04:31:02
2504	Polyester	Honduras	Trims	energy	Electricity	1.13800000000000000000	NULL	2025-06-24 04:31:02	2025-06-24 04:31:02
2505	Polyester	Honduras	Trims	water	Water	0.21000000000000000000	NULL	2025-06-24 04:31:02	2025-06-24 04:31:02
2506	Polyester	Honduras	Weaving	carbon dioxide	Gas	1.00500000000000000000	NULL	2025-06-24 04:31:02	2025-06-24 04:31:02
2507	Polyester	Honduras	Weaving	energy	Electricity	5.03300000000000000000	NULL	2025-06-24 04:31:02	2025-06-24 04:31:02
2508	Polyester	Honduras	Weaving	water	Water	2.11300000000000000000	NULL	2025-06-24 04:31:02	2025-06-24 04:31:02
2509	Wool	Honduras	Dyeing	carbon dioxide	Gas	2.71800000000000000000	NULL	2025-06-24 04:31:02	2025-06-24 04:31:02
2510	Wool	Honduras	Dyeing	energy	Electricity	18.05800000000000000000	NULL	2025-06-24 04:31:02	2025-06-24 04:31:02
2511	Wool	Honduras	Dyeing	water	Water	37.93500000000000000000	NULL	2025-06-24 04:31:02	2025-06-24 04:31:02
2512	Wool	Honduras	Manufacturing	carbon dioxide	Gas	0.19300000000000000000	NULL	2025-06-24 04:31:02	2025-06-24 04:31:02
2513	Wool	Honduras	Manufacturing	energy	Electricity	2.95400000000000000000	NULL	2025-06-24 04:31:02	2025-06-24 04:31:02
2514	Wool	Honduras	Manufacturing	water	Water	3.00200000000000000000	NULL	2025-06-24 04:31:02	2025-06-24 04:31:02
2515	Wool	Honduras	Raw Material	carbon dioxide	Gas	8.53300000000000000000	NULL	2025-06-24 04:31:02	2025-06-24 04:31:02
2516	Wool	Honduras	Raw Material	energy	Electricity	21.97900000000000000000	NULL	2025-06-24 04:31:02	2025-06-24 04:31:02
2517	Wool	Honduras	Raw Material	water	Water	743.09400000000000000000	NULL	2025-06-24 04:31:02	2025-06-24 04:31:02
2518	Wool	Honduras	Sampling	carbon dioxide	Gas	0.08800000000000000000	NULL	2025-06-24 04:31:02	2025-06-24 04:31:02
2519	Wool	Honduras	Sampling	energy	Electricity	1.55600000000000000000	NULL	2025-06-24 04:31:02	2025-06-24 04:31:02
2520	Wool	Honduras	Sampling	water	Water	0.32600000000000000000	NULL	2025-06-24 04:31:02	2025-06-24 04:31:02
2521	Wool	Honduras	Spinning	carbon dioxide	Gas	0.76800000000000000000	NULL	2025-06-24 04:31:02	2025-06-24 04:31:02
2522	Wool	Honduras	Spinning	energy	Electricity	5.21000000000000000000	NULL	2025-06-24 04:31:02	2025-06-24 04:31:02
2523	Wool	Honduras	Spinning	water	Water	1.04100000000000000000	NULL	2025-06-24 04:31:02	2025-06-24 04:31:02
2524	Wool	Honduras	Trims	carbon dioxide	Gas	0.08600000000000000000	NULL	2025-06-24 04:31:02	2025-06-24 04:31:02
2525	Wool	Honduras	Trims	energy	Electricity	1.40600000000000000000	NULL	2025-06-24 04:31:02	2025-06-24 04:31:02
2526	Wool	Honduras	Trims	water	Water	0.27200000000000000000	NULL	2025-06-24 04:31:02	2025-06-24 04:31:02
2527	Wool	Honduras	Weaving	carbon dioxide	Gas	0.89300000000000000000	NULL	2025-06-24 04:31:02	2025-06-24 04:31:02
2528	Wool	Honduras	Weaving	energy	Electricity	6.84700000000000000000	NULL	2025-06-24 04:31:02	2025-06-24 04:31:02
2529	Wool	Honduras	Weaving	water	Water	2.71300000000000000000	NULL	2025-06-24 04:31:02	2025-06-24 04:31:02
2530	Cotton	Hungary	Dyeing	carbon dioxide	Gas	2.35300000000000000000	NULL	2025-06-24 04:31:02	2025-06-24 04:31:02
2531	Cotton	Hungary	Dyeing	energy	Electricity	15.98100000000000000000	NULL	2025-06-24 04:31:02	2025-06-24 04:31:02
2532	Cotton	Hungary	Dyeing	water	Water	46.69400000000000000000	NULL	2025-06-24 04:31:02	2025-06-24 04:31:02
2533	Cotton	Hungary	Manufacturing	carbon dioxide	Gas	0.19200000000000000000	NULL	2025-06-24 04:31:02	2025-06-24 04:31:02
2534	Cotton	Hungary	Manufacturing	energy	Electricity	3.80900000000000000000	NULL	2025-06-24 04:31:02	2025-06-24 04:31:02
2535	Cotton	Hungary	Manufacturing	water	Water	4.53900000000000000000	NULL	2025-06-24 04:31:02	2025-06-24 04:31:02
2536	Cotton	Hungary	Raw Material	carbon dioxide	Gas	1.77100000000000000000	NULL	2025-06-24 04:31:02	2025-06-24 04:31:02
2537	Cotton	Hungary	Raw Material	energy	Electricity	10.27400000000000000000	NULL	2025-06-24 04:31:02	2025-06-24 04:31:02
2538	Cotton	Hungary	Raw Material	water	Water	9105.22400000000000000000	NULL	2025-06-24 04:31:02	2025-06-24 04:31:02
2539	Cotton	Hungary	Sampling	carbon dioxide	Gas	0.10300000000000000000	NULL	2025-06-24 04:31:02	2025-06-24 04:31:02
2540	Cotton	Hungary	Sampling	energy	Electricity	1.70400000000000000000	NULL	2025-06-24 04:31:02	2025-06-24 04:31:02
2541	Cotton	Hungary	Sampling	water	Water	0.50100000000000000000	NULL	2025-06-24 04:31:02	2025-06-24 04:31:02
2542	Cotton	Hungary	Spinning	carbon dioxide	Gas	0.51000000000000000000	NULL	2025-06-24 04:31:02	2025-06-24 04:31:02
2543	Cotton	Hungary	Spinning	energy	Electricity	6.09000000000000000000	NULL	2025-06-24 04:31:02	2025-06-24 04:31:02
2544	Cotton	Hungary	Spinning	water	Water	1.55500000000000000000	NULL	2025-06-24 04:31:02	2025-06-24 04:31:02
2545	Cotton	Hungary	Trims	carbon dioxide	Gas	0.09700000000000000000	NULL	2025-06-24 04:31:02	2025-06-24 04:31:02
2546	Cotton	Hungary	Trims	energy	Electricity	1.74400000000000000000	NULL	2025-06-24 04:31:02	2025-06-24 04:31:02
2547	Cotton	Hungary	Trims	water	Water	0.54700000000000000000	NULL	2025-06-24 04:31:02	2025-06-24 04:31:02
2548	Cotton	Hungary	Weaving	carbon dioxide	Gas	0.74300000000000000000	NULL	2025-06-24 04:31:02	2025-06-24 04:31:02
2549	Cotton	Hungary	Weaving	energy	Electricity	6.61600000000000000000	NULL	2025-06-24 04:31:02	2025-06-24 04:31:02
2550	Cotton	Hungary	Weaving	water	Water	5.28900000000000000000	NULL	2025-06-24 04:31:02	2025-06-24 04:31:02
2551	Hemp	Hungary	Dyeing	carbon dioxide	Gas	1.88900000000000000000	NULL	2025-06-24 04:31:02	2025-06-24 04:31:02
2552	Hemp	Hungary	Dyeing	energy	Electricity	12.34400000000000000000	NULL	2025-06-24 04:31:02	2025-06-24 04:31:02
2553	Hemp	Hungary	Dyeing	water	Water	27.43300000000000000000	NULL	2025-06-24 04:31:02	2025-06-24 04:31:02
2554	Hemp	Hungary	Manufacturing	carbon dioxide	Gas	0.11100000000000000000	NULL	2025-06-24 04:31:02	2025-06-24 04:31:02
2555	Hemp	Hungary	Manufacturing	energy	Electricity	2.41700000000000000000	NULL	2025-06-24 04:31:02	2025-06-24 04:31:02
2556	Hemp	Hungary	Manufacturing	water	Water	2.53800000000000000000	NULL	2025-06-24 04:31:02	2025-06-24 04:31:02
2557	Hemp	Hungary	Raw Material	carbon dioxide	Gas	0.18500000000000000000	NULL	2025-06-24 04:31:02	2025-06-24 04:31:02
2558	Hemp	Hungary	Raw Material	energy	Electricity	5.41800000000000000000	NULL	2025-06-24 04:31:02	2025-06-24 04:31:02
2559	Hemp	Hungary	Raw Material	water	Water	455.97100000000000000000	NULL	2025-06-24 04:31:02	2025-06-24 04:31:02
2560	Hemp	Hungary	Sampling	carbon dioxide	Gas	0.06700000000000000000	NULL	2025-06-24 04:31:02	2025-06-24 04:31:02
2561	Hemp	Hungary	Sampling	energy	Electricity	0.94900000000000000000	NULL	2025-06-24 04:31:02	2025-06-24 04:31:02
2562	Hemp	Hungary	Sampling	water	Water	0.24100000000000000000	NULL	2025-06-24 04:31:02	2025-06-24 04:31:02
2563	Hemp	Hungary	Spinning	carbon dioxide	Gas	0.38000000000000000000	NULL	2025-06-24 04:31:02	2025-06-24 04:31:02
2564	Hemp	Hungary	Spinning	energy	Electricity	2.99000000000000000000	NULL	2025-06-24 04:31:02	2025-06-24 04:31:02
2565	Hemp	Hungary	Spinning	water	Water	0.86900000000000000000	NULL	2025-06-24 04:31:02	2025-06-24 04:31:02
2566	Hemp	Hungary	Trims	carbon dioxide	Gas	0.06500000000000000000	NULL	2025-06-24 04:31:02	2025-06-24 04:31:02
2567	Hemp	Hungary	Trims	energy	Electricity	0.84900000000000000000	NULL	2025-06-24 04:31:02	2025-06-24 04:31:02
2568	Hemp	Hungary	Trims	water	Water	0.25400000000000000000	NULL	2025-06-24 04:31:02	2025-06-24 04:31:02
2569	Hemp	Hungary	Weaving	carbon dioxide	Gas	0.60400000000000000000	NULL	2025-06-24 04:31:02	2025-06-24 04:31:02
2570	Hemp	Hungary	Weaving	energy	Electricity	3.89100000000000000000	NULL	2025-06-24 04:31:02	2025-06-24 04:31:02
2571	Hemp	Hungary	Weaving	water	Water	2.50500000000000000000	NULL	2025-06-24 04:31:02	2025-06-24 04:31:02
2572	Nylon	Hungary	Dyeing	carbon dioxide	Gas	2.97900000000000000000	NULL	2025-06-24 04:31:02	2025-06-24 04:31:02
2573	Nylon	Hungary	Dyeing	energy	Electricity	20.31100000000000000000	NULL	2025-06-24 04:31:02	2025-06-24 04:31:02
2574	Nylon	Hungary	Dyeing	water	Water	14.95700000000000000000	NULL	2025-06-24 04:31:02	2025-06-24 04:31:02
2575	Nylon	Hungary	Manufacturing	carbon dioxide	Gas	0.18400000000000000000	NULL	2025-06-24 04:31:02	2025-06-24 04:31:02
2576	Nylon	Hungary	Manufacturing	energy	Electricity	3.19000000000000000000	NULL	2025-06-24 04:31:02	2025-06-24 04:31:02
2577	Nylon	Hungary	Manufacturing	water	Water	1.93700000000000000000	NULL	2025-06-24 04:31:02	2025-06-24 04:31:02
2578	Nylon	Hungary	Raw Material	carbon dioxide	Gas	4.99600000000000000000	NULL	2025-06-24 04:31:02	2025-06-24 04:31:02
2579	Nylon	Hungary	Raw Material	energy	Electricity	57.04900000000000000000	NULL	2025-06-24 04:31:02	2025-06-24 04:31:02
2580	Nylon	Hungary	Raw Material	water	Water	19.73200000000000000000	NULL	2025-06-24 04:31:02	2025-06-24 04:31:02
2581	Nylon	Hungary	Sampling	carbon dioxide	Gas	0.08900000000000000000	NULL	2025-06-24 04:31:02	2025-06-24 04:31:02
2582	Nylon	Hungary	Sampling	energy	Electricity	1.09500000000000000000	NULL	2025-06-24 04:31:02	2025-06-24 04:31:02
2583	Nylon	Hungary	Sampling	water	Water	0.19700000000000000000	NULL	2025-06-24 04:31:02	2025-06-24 04:31:02
2584	Nylon	Hungary	Spinning	carbon dioxide	Gas	0.89200000000000000000	NULL	2025-06-24 04:31:02	2025-06-24 04:31:02
2585	Nylon	Hungary	Spinning	energy	Electricity	4.13300000000000000000	NULL	2025-06-24 04:31:02	2025-06-24 04:31:02
2586	Nylon	Hungary	Spinning	water	Water	0.51600000000000000000	NULL	2025-06-24 04:31:02	2025-06-24 04:31:02
2587	Nylon	Hungary	Trims	carbon dioxide	Gas	0.09300000000000000000	NULL	2025-06-24 04:31:02	2025-06-24 04:31:02
2588	Nylon	Hungary	Trims	energy	Electricity	1.04000000000000000000	NULL	2025-06-24 04:31:02	2025-06-24 04:31:02
2589	Nylon	Hungary	Trims	water	Water	0.19700000000000000000	NULL	2025-06-24 04:31:02	2025-06-24 04:31:02
2590	Nylon	Hungary	Weaving	carbon dioxide	Gas	1.11500000000000000000	NULL	2025-06-24 04:31:02	2025-06-24 04:31:02
2591	Nylon	Hungary	Weaving	energy	Electricity	5.93100000000000000000	NULL	2025-06-24 04:31:02	2025-06-24 04:31:02
2592	Nylon	Hungary	Weaving	water	Water	1.95700000000000000000	NULL	2025-06-24 04:31:02	2025-06-24 04:31:02
2593	Polyester	Hungary	Dyeing	carbon dioxide	Gas	3.73700000000000000000	NULL	2025-06-24 04:31:02	2025-06-24 04:31:02
2594	Polyester	Hungary	Dyeing	energy	Electricity	22.63700000000000000000	NULL	2025-06-24 04:31:02	2025-06-24 04:31:02
2595	Polyester	Hungary	Dyeing	water	Water	9.52800000000000000000	NULL	2025-06-24 04:31:02	2025-06-24 04:31:02
2596	Polyester	Hungary	Manufacturing	carbon dioxide	Gas	0.14200000000000000000	NULL	2025-06-24 04:31:02	2025-06-24 04:31:02
2597	Polyester	Hungary	Manufacturing	energy	Electricity	3.01800000000000000000	NULL	2025-06-24 04:31:02	2025-06-24 04:31:02
2598	Polyester	Hungary	Manufacturing	water	Water	2.15900000000000000000	NULL	2025-06-24 04:31:02	2025-06-24 04:31:02
2599	Polyester	Hungary	Raw Material	carbon dioxide	Gas	2.80800000000000000000	NULL	2025-06-24 04:31:02	2025-06-24 04:31:02
2600	Polyester	Hungary	Raw Material	energy	Electricity	73.35000000000000000000	NULL	2025-06-24 04:31:02	2025-06-24 04:31:02
2601	Polyester	Hungary	Raw Material	water	Water	19.51900000000000000000	NULL	2025-06-24 04:31:02	2025-06-24 04:31:02
2602	Polyester	Hungary	Sampling	carbon dioxide	Gas	0.08800000000000000000	NULL	2025-06-24 04:31:02	2025-06-24 04:31:02
2603	Polyester	Hungary	Sampling	energy	Electricity	1.18300000000000000000	NULL	2025-06-24 04:31:02	2025-06-24 04:31:02
2604	Polyester	Hungary	Sampling	water	Water	0.21800000000000000000	NULL	2025-06-24 04:31:02	2025-06-24 04:31:02
2605	Polyester	Hungary	Spinning	carbon dioxide	Gas	0.86200000000000000000	NULL	2025-06-24 04:31:02	2025-06-24 04:31:02
2606	Polyester	Hungary	Spinning	energy	Electricity	3.59900000000000000000	NULL	2025-06-24 04:31:02	2025-06-24 04:31:02
2607	Polyester	Hungary	Spinning	water	Water	0.49000000000000000000	NULL	2025-06-24 04:31:02	2025-06-24 04:31:02
2608	Polyester	Hungary	Trims	carbon dioxide	Gas	0.07900000000000000000	NULL	2025-06-24 04:31:02	2025-06-24 04:31:02
2609	Polyester	Hungary	Trims	energy	Electricity	1.04200000000000000000	NULL	2025-06-24 04:31:02	2025-06-24 04:31:02
2610	Polyester	Hungary	Trims	water	Water	0.19100000000000000000	NULL	2025-06-24 04:31:02	2025-06-24 04:31:02
2611	Polyester	Hungary	Weaving	carbon dioxide	Gas	0.96500000000000000000	NULL	2025-06-24 04:31:02	2025-06-24 04:31:02
2612	Polyester	Hungary	Weaving	energy	Electricity	4.87800000000000000000	NULL	2025-06-24 04:31:02	2025-06-24 04:31:02
2613	Polyester	Hungary	Weaving	water	Water	2.00600000000000000000	NULL	2025-06-24 04:31:02	2025-06-24 04:31:02
2614	Silk	Hungary	Dyeing	carbon dioxide	Gas	2.63000000000000000000	NULL	2025-06-24 04:31:02	2025-06-24 04:31:02
2615	Silk	Hungary	Dyeing	energy	Electricity	20.35800000000000000000	NULL	2025-06-24 04:31:02	2025-06-24 04:31:02
2616	Silk	Hungary	Dyeing	water	Water	44.61400000000000000000	NULL	2025-06-24 04:31:02	2025-06-24 04:31:02
2617	Silk	Hungary	Manufacturing	carbon dioxide	Gas	0.23800000000000000000	NULL	2025-06-24 04:31:02	2025-06-24 04:31:02
2618	Silk	Hungary	Manufacturing	energy	Electricity	4.12400000000000000000	NULL	2025-06-24 04:31:02	2025-06-24 04:31:02
2619	Silk	Hungary	Manufacturing	water	Water	3.76300000000000000000	NULL	2025-06-24 04:31:02	2025-06-24 04:31:02
2620	Silk	Hungary	Raw Material	carbon dioxide	Gas	1.92400000000000000000	NULL	2025-06-24 04:31:02	2025-06-24 04:31:02
2621	Silk	Hungary	Raw Material	energy	Electricity	28.06900000000000000000	NULL	2025-06-24 04:31:02	2025-06-24 04:31:02
2622	Silk	Hungary	Raw Material	water	Water	10436.33900000000000000000	NULL	2025-06-24 04:31:02	2025-06-24 04:31:02
2623	Silk	Hungary	Sampling	carbon dioxide	Gas	0.10600000000000000000	NULL	2025-06-24 04:31:02	2025-06-24 04:31:02
2624	Silk	Hungary	Sampling	energy	Electricity	1.54800000000000000000	NULL	2025-06-24 04:31:02	2025-06-24 04:31:02
2625	Silk	Hungary	Sampling	water	Water	0.39700000000000000000	NULL	2025-06-24 04:31:02	2025-06-24 04:31:02
2626	Silk	Hungary	Spinning	carbon dioxide	Gas	0.54400000000000000000	NULL	2025-06-24 04:31:02	2025-06-24 04:31:02
2627	Silk	Hungary	Spinning	energy	Electricity	7.22200000000000000000	NULL	2025-06-24 04:31:02	2025-06-24 04:31:02
2628	Silk	Hungary	Spinning	water	Water	1.39500000000000000000	NULL	2025-06-24 04:31:02	2025-06-24 04:31:02
2629	Silk	Hungary	Trims	carbon dioxide	Gas	0.10200000000000000000	NULL	2025-06-24 04:31:02	2025-06-24 04:31:02
2630	Silk	Hungary	Trims	energy	Electricity	1.47600000000000000000	NULL	2025-06-24 04:31:02	2025-06-24 04:31:02
2631	Silk	Hungary	Trims	water	Water	0.43200000000000000000	NULL	2025-06-24 04:31:02	2025-06-24 04:31:02
2632	Silk	Hungary	Weaving	carbon dioxide	Gas	0.76700000000000000000	NULL	2025-06-24 04:31:02	2025-06-24 04:31:02
2633	Silk	Hungary	Weaving	energy	Electricity	7.27200000000000000000	NULL	2025-06-24 04:31:02	2025-06-24 04:31:02
2634	Silk	Hungary	Weaving	water	Water	3.93500000000000000000	NULL	2025-06-24 04:31:02	2025-06-24 04:31:02
2635	Wool	Hungary	Dyeing	carbon dioxide	Gas	3.10700000000000000000	NULL	2025-06-24 04:31:02	2025-06-24 04:31:02
2636	Wool	Hungary	Dyeing	energy	Electricity	19.64700000000000000000	NULL	2025-06-24 04:31:02	2025-06-24 04:31:02
2637	Wool	Hungary	Dyeing	water	Water	36.88300000000000000000	NULL	2025-06-24 04:31:02	2025-06-24 04:31:02
2638	Wool	Hungary	Manufacturing	carbon dioxide	Gas	0.18100000000000000000	NULL	2025-06-24 04:31:02	2025-06-24 04:31:02
2639	Wool	Hungary	Manufacturing	energy	Electricity	3.22600000000000000000	NULL	2025-06-24 04:31:02	2025-06-24 04:31:02
2640	Wool	Hungary	Manufacturing	water	Water	3.16100000000000000000	NULL	2025-06-24 04:31:02	2025-06-24 04:31:02
2641	Wool	Hungary	Raw Material	carbon dioxide	Gas	7.24100000000000000000	NULL	2025-06-24 04:31:02	2025-06-24 04:31:02
2642	Wool	Hungary	Raw Material	energy	Electricity	18.11000000000000000000	NULL	2025-06-24 04:31:02	2025-06-24 04:31:02
2643	Wool	Hungary	Raw Material	water	Water	856.48400000000000000000	NULL	2025-06-24 04:31:02	2025-06-24 04:31:02
2644	Wool	Hungary	Sampling	carbon dioxide	Gas	0.08200000000000000000	NULL	2025-06-24 04:31:02	2025-06-24 04:31:02
2645	Wool	Hungary	Sampling	energy	Electricity	1.41600000000000000000	NULL	2025-06-24 04:31:02	2025-06-24 04:31:02
2646	Wool	Hungary	Sampling	water	Water	0.29000000000000000000	NULL	2025-06-24 04:31:02	2025-06-24 04:31:02
2647	Wool	Hungary	Spinning	carbon dioxide	Gas	0.68900000000000000000	NULL	2025-06-24 04:31:02	2025-06-24 04:31:02
2648	Wool	Hungary	Spinning	energy	Electricity	5.81600000000000000000	NULL	2025-06-24 04:31:02	2025-06-24 04:31:02
2649	Wool	Hungary	Spinning	water	Water	0.91100000000000000000	NULL	2025-06-24 04:31:02	2025-06-24 04:31:02
2650	Wool	Hungary	Trims	carbon dioxide	Gas	0.08600000000000000000	NULL	2025-06-24 04:31:02	2025-06-24 04:31:02
2651	Wool	Hungary	Trims	energy	Electricity	1.38400000000000000000	NULL	2025-06-24 04:31:02	2025-06-24 04:31:02
2652	Wool	Hungary	Trims	water	Water	0.28400000000000000000	NULL	2025-06-24 04:31:02	2025-06-24 04:31:02
2653	Wool	Hungary	Weaving	carbon dioxide	Gas	0.86900000000000000000	NULL	2025-06-24 04:31:02	2025-06-24 04:31:02
2654	Wool	Hungary	Weaving	energy	Electricity	7.02700000000000000000	NULL	2025-06-24 04:31:02	2025-06-24 04:31:02
2655	Wool	Hungary	Weaving	water	Water	3.27400000000000000000	NULL	2025-06-24 04:31:02	2025-06-24 04:31:02
2656	Cotton	India	Dyeing	carbon dioxide	Gas	3.01300000000000000000	NULL	2025-06-24 04:31:02	2025-06-24 04:31:02
2657	Cotton	India	Dyeing	energy	Electricity	15.35000000000000000000	NULL	2025-06-24 04:31:02	2025-06-24 04:31:02
2658	Cotton	India	Dyeing	water	Water	45.95800000000000000000	NULL	2025-06-24 04:31:02	2025-06-24 04:31:02
2659	Cotton	India	Manufacturing	carbon dioxide	Gas	0.24600000000000000000	NULL	2025-06-24 04:31:02	2025-06-24 04:31:02
2660	Cotton	India	Manufacturing	energy	Electricity	3.83600000000000000000	NULL	2025-06-24 04:31:02	2025-06-24 04:31:02
2661	Cotton	India	Manufacturing	water	Water	5.41700000000000000000	NULL	2025-06-24 04:31:02	2025-06-24 04:31:02
2662	Cotton	India	Raw Material	carbon dioxide	Gas	20.02500000000000000000	NULL	2025-06-24 04:31:02	2025-06-24 04:31:02
2663	Cotton	India	Raw Material	energy	Electricity	9.54300000000000000000	NULL	2025-06-24 04:31:02	2025-06-24 04:31:02
2664	Cotton	India	Raw Material	water	Water	10313.54000000000000000000	NULL	2025-06-24 04:31:02	2025-06-24 04:31:02
2665	Cotton	India	Sampling	carbon dioxide	Gas	0.12200000000000000000	NULL	2025-06-24 04:31:02	2025-06-24 04:31:02
2666	Cotton	India	Sampling	energy	Electricity	1.63900000000000000000	NULL	2025-06-24 04:31:02	2025-06-24 04:31:02
2667	Cotton	India	Sampling	water	Water	0.46000000000000000000	NULL	2025-06-24 04:31:02	2025-06-24 04:31:02
2668	Cotton	India	Spinning	carbon dioxide	Gas	0.56900000000000000000	NULL	2025-06-24 04:31:02	2025-06-24 04:31:02
2669	Cotton	India	Spinning	energy	Electricity	6.77000000000000000000	NULL	2025-06-24 04:31:02	2025-06-24 04:31:02
2670	Cotton	India	Spinning	water	Water	1.69900000000000000000	NULL	2025-06-24 04:31:02	2025-06-24 04:31:02
2671	Cotton	India	Trims	carbon dioxide	Gas	0.11000000000000000000	NULL	2025-06-24 04:31:02	2025-06-24 04:31:02
2672	Cotton	India	Trims	energy	Electricity	1.62700000000000000000	NULL	2025-06-24 04:31:02	2025-06-24 04:31:02
2673	Cotton	India	Trims	water	Water	0.54400000000000000000	NULL	2025-06-24 04:31:02	2025-06-24 04:31:02
2674	Cotton	India	Weaving	carbon dioxide	Gas	0.91700000000000000000	NULL	2025-06-24 04:31:02	2025-06-24 04:31:02
2675	Cotton	India	Weaving	energy	Electricity	6.78400000000000000000	NULL	2025-06-24 04:31:02	2025-06-24 04:31:02
2676	Cotton	India	Weaving	water	Water	4.69500000000000000000	NULL	2025-06-24 04:31:02	2025-06-24 04:31:02
2677	Hemp	India	Dyeing	carbon dioxide	Gas	2.25900000000000000000	NULL	2025-06-24 04:31:02	2025-06-24 04:31:02
2678	Hemp	India	Dyeing	energy	Electricity	11.53900000000000000000	NULL	2025-06-24 04:31:02	2025-06-24 04:31:02
2679	Hemp	India	Dyeing	water	Water	28.70300000000000000000	NULL	2025-06-24 04:31:02	2025-06-24 04:31:02
2680	Hemp	India	Manufacturing	carbon dioxide	Gas	0.15500000000000000000	NULL	2025-06-24 04:31:02	2025-06-24 04:31:02
2681	Hemp	India	Manufacturing	energy	Electricity	2.27100000000000000000	NULL	2025-06-24 04:31:02	2025-06-24 04:31:02
2682	Hemp	India	Manufacturing	water	Water	2.39200000000000000000	NULL	2025-06-24 04:31:02	2025-06-24 04:31:02
2683	Hemp	India	Raw Material	carbon dioxide	Gas	2.49800000000000000000	NULL	2025-06-24 04:31:02	2025-06-24 04:31:02
2684	Hemp	India	Raw Material	energy	Electricity	4.77400000000000000000	NULL	2025-06-24 04:31:02	2025-06-24 04:31:02
2685	Hemp	India	Raw Material	water	Water	501.00500000000000000000	NULL	2025-06-24 04:31:02	2025-06-24 04:31:02
2686	Hemp	India	Sampling	carbon dioxide	Gas	0.08500000000000000000	NULL	2025-06-24 04:31:02	2025-06-24 04:31:02
2687	Hemp	India	Sampling	energy	Electricity	0.96200000000000000000	NULL	2025-06-24 04:31:02	2025-06-24 04:31:02
2688	Hemp	India	Sampling	water	Water	0.26500000000000000000	NULL	2025-06-24 04:31:02	2025-06-24 04:31:02
2689	Hemp	India	Spinning	carbon dioxide	Gas	0.47400000000000000000	NULL	2025-06-24 04:31:02	2025-06-24 04:31:02
2690	Hemp	India	Spinning	energy	Electricity	2.92600000000000000000	NULL	2025-06-24 04:31:02	2025-06-24 04:31:02
2691	Hemp	India	Spinning	water	Water	0.74300000000000000000	NULL	2025-06-24 04:31:02	2025-06-24 04:31:02
2692	Hemp	India	Trims	carbon dioxide	Gas	0.08600000000000000000	NULL	2025-06-24 04:31:02	2025-06-24 04:31:02
2693	Hemp	India	Trims	energy	Electricity	0.89900000000000000000	NULL	2025-06-24 04:31:02	2025-06-24 04:31:02
2694	Hemp	India	Trims	water	Water	0.23400000000000000000	NULL	2025-06-24 04:31:02	2025-06-24 04:31:02
2695	Hemp	India	Weaving	carbon dioxide	Gas	0.71900000000000000000	NULL	2025-06-24 04:31:02	2025-06-24 04:31:02
2696	Hemp	India	Weaving	energy	Electricity	4.65300000000000000000	NULL	2025-06-24 04:31:02	2025-06-24 04:31:02
2697	Hemp	India	Weaving	water	Water	2.62400000000000000000	NULL	2025-06-24 04:31:02	2025-06-24 04:31:02
2698	Polyester	India	Dyeing	carbon dioxide	Gas	4.14200000000000000000	NULL	2025-06-24 04:31:02	2025-06-24 04:31:02
2699	Polyester	India	Dyeing	energy	Electricity	22.71500000000000000000	NULL	2025-06-24 04:31:02	2025-06-24 04:31:02
2700	Polyester	India	Dyeing	water	Water	10.99400000000000000000	NULL	2025-06-24 04:31:02	2025-06-24 04:31:02
2701	Polyester	India	Manufacturing	carbon dioxide	Gas	0.19000000000000000000	NULL	2025-06-24 04:31:02	2025-06-24 04:31:02
2702	Polyester	India	Manufacturing	energy	Electricity	2.80900000000000000000	NULL	2025-06-24 04:31:02	2025-06-24 04:31:02
2703	Polyester	India	Manufacturing	water	Water	2.15300000000000000000	NULL	2025-06-24 04:31:02	2025-06-24 04:31:02
2704	Polyester	India	Raw Material	carbon dioxide	Gas	3.48700000000000000000	NULL	2025-06-24 04:31:02	2025-06-24 04:31:02
2705	Polyester	India	Raw Material	energy	Electricity	76.44500000000000000000	NULL	2025-06-24 04:31:02	2025-06-24 04:31:02
2706	Polyester	India	Raw Material	water	Water	19.46000000000000000000	NULL	2025-06-24 04:31:02	2025-06-24 04:31:02
2707	Polyester	India	Sampling	carbon dioxide	Gas	0.08800000000000000000	NULL	2025-06-24 04:31:02	2025-06-24 04:31:02
2708	Polyester	India	Sampling	energy	Electricity	1.12600000000000000000	NULL	2025-06-24 04:31:02	2025-06-24 04:31:02
2709	Polyester	India	Sampling	water	Water	0.21700000000000000000	NULL	2025-06-24 04:31:02	2025-06-24 04:31:02
2710	Polyester	India	Spinning	carbon dioxide	Gas	1.04700000000000000000	NULL	2025-06-24 04:31:02	2025-06-24 04:31:02
2711	Polyester	India	Spinning	energy	Electricity	3.81100000000000000000	NULL	2025-06-24 04:31:02	2025-06-24 04:31:02
2712	Polyester	India	Spinning	water	Water	0.45200000000000000000	NULL	2025-06-24 04:31:02	2025-06-24 04:31:02
2713	Polyester	India	Trims	carbon dioxide	Gas	0.08800000000000000000	NULL	2025-06-24 04:31:02	2025-06-24 04:31:02
2714	Polyester	India	Trims	energy	Electricity	0.97500000000000000000	NULL	2025-06-24 04:31:02	2025-06-24 04:31:02
2715	Polyester	India	Trims	water	Water	0.21700000000000000000	NULL	2025-06-24 04:31:02	2025-06-24 04:31:02
2716	Polyester	India	Weaving	carbon dioxide	Gas	1.26100000000000000000	NULL	2025-06-24 04:31:02	2025-06-24 04:31:02
2717	Polyester	India	Weaving	energy	Electricity	4.92200000000000000000	NULL	2025-06-24 04:31:02	2025-06-24 04:31:02
2718	Polyester	India	Weaving	water	Water	1.95800000000000000000	NULL	2025-06-24 04:31:02	2025-06-24 04:31:02
2719	Silk	India	Dyeing	carbon dioxide	Gas	3.22200000000000000000	NULL	2025-06-24 04:31:02	2025-06-24 04:31:02
2720	Silk	India	Dyeing	energy	Electricity	18.82100000000000000000	NULL	2025-06-24 04:31:02	2025-06-24 04:31:02
2721	Silk	India	Dyeing	water	Water	48.55600000000000000000	NULL	2025-06-24 04:31:02	2025-06-24 04:31:02
2722	Silk	India	Manufacturing	carbon dioxide	Gas	0.26100000000000000000	NULL	2025-06-24 04:31:02	2025-06-24 04:31:02
2723	Silk	India	Manufacturing	energy	Electricity	3.94100000000000000000	NULL	2025-06-24 04:31:02	2025-06-24 04:31:02
2724	Silk	India	Manufacturing	water	Water	3.76500000000000000000	NULL	2025-06-24 04:31:02	2025-06-24 04:31:02
2725	Silk	India	Raw Material	carbon dioxide	Gas	21.68400000000000000000	NULL	2025-06-24 04:31:02	2025-06-24 04:31:02
2726	Silk	India	Raw Material	energy	Electricity	7.87127071700000000000	NULL	2025-06-24 04:31:02	2025-06-24 04:31:02
2727	Silk	India	Raw Material	water	Water	4.76545635400000000000	NULL	2025-06-24 04:31:02	2025-06-24 04:31:02
2728	Silk	India	Sampling	carbon dioxide	Gas	0.11300000000000000000	NULL	2025-06-24 04:31:02	2025-06-24 04:31:02
2729	Silk	India	Sampling	energy	Electricity	1.63300000000000000000	NULL	2025-06-24 04:31:02	2025-06-24 04:31:02
2730	Silk	India	Sampling	water	Water	0.44000000000000000000	NULL	2025-06-24 04:31:02	2025-06-24 04:31:02
2731	Silk	India	Spinning	carbon dioxide	Gas	0.77300000000000000000	NULL	2025-06-24 04:31:02	2025-06-24 04:31:02
2732	Silk	India	Spinning	energy	Electricity	7.87900000000000000000	NULL	2025-06-24 04:31:02	2025-06-24 04:31:02
2733	Silk	India	Spinning	water	Water	1.52900000000000000000	NULL	2025-06-24 04:31:02	2025-06-24 04:31:02
2734	Silk	India	Trims	carbon dioxide	Gas	0.12200000000000000000	NULL	2025-06-24 04:31:02	2025-06-24 04:31:02
2735	Silk	India	Trims	energy	Electricity	1.50600000000000000000	NULL	2025-06-24 04:31:02	2025-06-24 04:31:02
2736	Silk	India	Trims	water	Water	0.43300000000000000000	NULL	2025-06-24 04:31:02	2025-06-24 04:31:02
2737	Silk	India	Weaving	carbon dioxide	Gas	1.07100000000000000000	NULL	2025-06-24 04:31:02	2025-06-24 04:31:02
2738	Silk	India	Weaving	energy	Electricity	7.95800000000000000000	NULL	2025-06-24 04:31:02	2025-06-24 04:31:02
2739	Silk	India	Weaving	water	Water	4.18900000000000000000	NULL	2025-06-24 04:31:02	2025-06-24 04:31:02
2740	Viscose	India	Dyeing	carbon dioxide	Gas	2.76300000000000000000	NULL	2025-06-24 04:31:02	2025-06-24 04:31:02
2741	Viscose	India	Dyeing	energy	Electricity	14.78000000000000000000	NULL	2025-06-24 04:31:02	2025-06-24 04:31:02
2742	Viscose	India	Dyeing	water	Water	35.56200000000000000000	NULL	2025-06-24 04:31:02	2025-06-24 04:31:02
2743	Viscose	India	Manufacturing	carbon dioxide	Gas	0.18900000000000000000	NULL	2025-06-24 04:31:02	2025-06-24 04:31:02
2744	Viscose	India	Manufacturing	energy	Electricity	3.27800000000000000000	NULL	2025-06-24 04:31:02	2025-06-24 04:31:02
2745	Viscose	India	Manufacturing	water	Water	3.25700000000000000000	NULL	2025-06-24 04:31:02	2025-06-24 04:31:02
2746	Viscose	India	Raw Material	carbon dioxide	Gas	2.32500000000000000000	NULL	2025-06-24 04:31:02	2025-06-24 04:31:02
2747	Viscose	India	Raw Material	energy	Electricity	41.58000000000000000000	NULL	2025-06-24 04:31:02	2025-06-24 04:31:02
2748	Viscose	India	Raw Material	water	Water	93.70900000000000000000	NULL	2025-06-24 04:31:02	2025-06-24 04:31:02
2749	Viscose	India	Sampling	carbon dioxide	Gas	0.09600000000000000000	NULL	2025-06-24 04:31:02	2025-06-24 04:31:02
2750	Viscose	India	Sampling	energy	Electricity	1.29600000000000000000	NULL	2025-06-24 04:31:02	2025-06-24 04:31:02
2751	Viscose	India	Sampling	water	Water	0.30900000000000000000	NULL	2025-06-24 04:31:02	2025-06-24 04:31:02
2752	Viscose	India	Spinning	carbon dioxide	Gas	0.78900000000000000000	NULL	2025-06-24 04:31:02	2025-06-24 04:31:02
2753	Viscose	India	Spinning	energy	Electricity	3.30300000000000000000	NULL	2025-06-24 04:31:02	2025-06-24 04:31:02
2754	Viscose	India	Spinning	water	Water	1.00500000000000000000	NULL	2025-06-24 04:31:02	2025-06-24 04:31:02
2755	Viscose	India	Trims	carbon dioxide	Gas	0.08900000000000000000	NULL	2025-06-24 04:31:02	2025-06-24 04:31:02
2756	Viscose	India	Trims	energy	Electricity	1.16400000000000000000	NULL	2025-06-24 04:31:02	2025-06-24 04:31:02
2757	Viscose	India	Trims	water	Water	0.30500000000000000000	NULL	2025-06-24 04:31:02	2025-06-24 04:31:02
2758	Viscose	India	Weaving	carbon dioxide	Gas	1.06700000000000000000	NULL	2025-06-24 04:31:02	2025-06-24 04:31:02
2759	Viscose	India	Weaving	energy	Electricity	5.14300000000000000000	NULL	2025-06-24 04:31:02	2025-06-24 04:31:02
2760	Viscose	India	Weaving	water	Water	2.91900000000000000000	NULL	2025-06-24 04:31:02	2025-06-24 04:31:02
2761	Wool	India	Dyeing	carbon dioxide	Gas	3.29400000000000000000	NULL	2025-06-24 04:31:02	2025-06-24 04:31:02
2762	Wool	India	Dyeing	energy	Electricity	19.16900000000000000000	NULL	2025-06-24 04:31:02	2025-06-24 04:31:02
2763	Wool	India	Dyeing	water	Water	37.60200000000000000000	NULL	2025-06-24 04:31:02	2025-06-24 04:31:02
2764	Wool	India	Manufacturing	carbon dioxide	Gas	0.20700000000000000000	NULL	2025-06-24 04:31:02	2025-06-24 04:31:02
2765	Wool	India	Manufacturing	energy	Electricity	3.34500000000000000000	NULL	2025-06-24 04:31:02	2025-06-24 04:31:02
2766	Wool	India	Manufacturing	water	Water	2.99600000000000000000	NULL	2025-06-24 04:31:02	2025-06-24 04:31:02
2767	Wool	India	Raw Material	carbon dioxide	Gas	87.07800000000000000000	NULL	2025-06-24 04:31:02	2025-06-24 04:31:02
2768	Wool	India	Raw Material	energy	Electricity	18.00500000000000000000	NULL	2025-06-24 04:31:02	2025-06-24 04:31:02
2769	Wool	India	Raw Material	water	Water	813.96900000000000000000	NULL	2025-06-24 04:31:02	2025-06-24 04:31:02
2770	Wool	India	Sampling	carbon dioxide	Gas	0.10300000000000000000	NULL	2025-06-24 04:31:02	2025-06-24 04:31:02
2771	Wool	India	Sampling	energy	Electricity	1.53900000000000000000	NULL	2025-06-24 04:31:02	2025-06-24 04:31:02
2772	Wool	India	Sampling	water	Water	0.30800000000000000000	NULL	2025-06-24 04:31:02	2025-06-24 04:31:02
2773	Wool	India	Spinning	carbon dioxide	Gas	0.78200000000000000000	NULL	2025-06-24 04:31:02	2025-06-24 04:31:02
2774	Wool	India	Spinning	energy	Electricity	4.91000000000000000000	NULL	2025-06-24 04:31:02	2025-06-24 04:31:02
2775	Wool	India	Spinning	water	Water	0.96700000000000000000	NULL	2025-06-24 04:31:02	2025-06-24 04:31:02
2776	Wool	India	Trims	carbon dioxide	Gas	0.10200000000000000000	NULL	2025-06-24 04:31:02	2025-06-24 04:31:02
2777	Wool	India	Trims	energy	Electricity	1.38200000000000000000	NULL	2025-06-24 04:31:02	2025-06-24 04:31:02
2778	Wool	India	Trims	water	Water	0.28300000000000000000	NULL	2025-06-24 04:31:02	2025-06-24 04:31:02
2779	Wool	India	Weaving	carbon dioxide	Gas	1.00600000000000000000	NULL	2025-06-24 04:31:02	2025-06-24 04:31:02
2780	Wool	India	Weaving	energy	Electricity	6.24100000000000000000	NULL	2025-06-24 04:31:02	2025-06-24 04:31:02
2781	Wool	India	Weaving	water	Water	3.16100000000000000000	NULL	2025-06-24 04:31:02	2025-06-24 04:31:02
2782	Cotton	Indonesia	Dyeing	carbon dioxide	Gas	2.58700000000000000000	NULL	2025-06-24 04:31:02	2025-06-24 04:31:02
2783	Cotton	Indonesia	Dyeing	energy	Electricity	16.18600000000000000000	NULL	2025-06-24 04:31:02	2025-06-24 04:31:02
2784	Cotton	Indonesia	Dyeing	water	Water	46.17600000000000000000	NULL	2025-06-24 04:31:02	2025-06-24 04:31:02
2785	Cotton	Indonesia	Manufacturing	carbon dioxide	Gas	0.20700000000000000000	NULL	2025-06-24 04:31:02	2025-06-24 04:31:02
2786	Cotton	Indonesia	Manufacturing	energy	Electricity	3.32800000000000000000	NULL	2025-06-24 04:31:02	2025-06-24 04:31:02
2787	Cotton	Indonesia	Manufacturing	water	Water	4.91700000000000000000	NULL	2025-06-24 04:31:02	2025-06-24 04:31:02
2788	Cotton	Indonesia	Raw Material	carbon dioxide	Gas	1.89800000000000000000	NULL	2025-06-24 04:31:02	2025-06-24 04:31:02
2789	Cotton	Indonesia	Raw Material	energy	Electricity	10.18200000000000000000	NULL	2025-06-24 04:31:02	2025-06-24 04:31:02
2790	Cotton	Indonesia	Raw Material	water	Water	10012.76100000000000000000	NULL	2025-06-24 04:31:02	2025-06-24 04:31:02
2791	Cotton	Indonesia	Sampling	carbon dioxide	Gas	0.11200000000000000000	NULL	2025-06-24 04:31:02	2025-06-24 04:31:02
2792	Cotton	Indonesia	Sampling	energy	Electricity	1.82700000000000000000	NULL	2025-06-24 04:31:02	2025-06-24 04:31:02
2793	Cotton	Indonesia	Sampling	water	Water	0.54800000000000000000	NULL	2025-06-24 04:31:02	2025-06-24 04:31:02
2794	Cotton	Indonesia	Spinning	carbon dioxide	Gas	0.57900000000000000000	NULL	2025-06-24 04:31:02	2025-06-24 04:31:02
2795	Cotton	Indonesia	Spinning	energy	Electricity	5.88500000000000000000	NULL	2025-06-24 04:31:02	2025-06-24 04:31:02
2796	Cotton	Indonesia	Spinning	water	Water	1.55700000000000000000	NULL	2025-06-24 04:31:02	2025-06-24 04:31:02
2797	Cotton	Indonesia	Trims	carbon dioxide	Gas	0.10100000000000000000	NULL	2025-06-24 04:31:02	2025-06-24 04:31:02
2798	Cotton	Indonesia	Trims	energy	Electricity	1.64800000000000000000	NULL	2025-06-24 04:31:02	2025-06-24 04:31:02
2799	Cotton	Indonesia	Trims	water	Water	0.51000000000000000000	NULL	2025-06-24 04:31:02	2025-06-24 04:31:02
2800	Cotton	Indonesia	Weaving	carbon dioxide	Gas	0.84800000000000000000	NULL	2025-06-24 04:31:02	2025-06-24 04:31:02
2801	Cotton	Indonesia	Weaving	energy	Electricity	7.79000000000000000000	NULL	2025-06-24 04:31:02	2025-06-24 04:31:02
2802	Cotton	Indonesia	Weaving	water	Water	5.22600000000000000000	NULL	2025-06-24 04:31:02	2025-06-24 04:31:02
2803	Hemp	Indonesia	Dyeing	carbon dioxide	Gas	1.99900000000000000000	NULL	2025-06-24 04:31:02	2025-06-24 04:31:02
2804	Hemp	Indonesia	Dyeing	energy	Electricity	12.21900000000000000000	NULL	2025-06-24 04:31:02	2025-06-24 04:31:02
2805	Hemp	Indonesia	Dyeing	water	Water	28.79900000000000000000	NULL	2025-06-24 04:31:02	2025-06-24 04:31:02
2806	Hemp	Indonesia	Manufacturing	carbon dioxide	Gas	0.13500000000000000000	NULL	2025-06-24 04:31:02	2025-06-24 04:31:02
2807	Hemp	Indonesia	Manufacturing	energy	Electricity	2.44500000000000000000	NULL	2025-06-24 04:31:02	2025-06-24 04:31:02
2808	Hemp	Indonesia	Manufacturing	water	Water	2.74000000000000000000	NULL	2025-06-24 04:31:02	2025-06-24 04:31:02
2809	Hemp	Indonesia	Raw Material	carbon dioxide	Gas	0.23300000000000000000	NULL	2025-06-24 04:31:02	2025-06-24 04:31:02
2810	Hemp	Indonesia	Raw Material	energy	Electricity	5.41800000000000000000	NULL	2025-06-24 04:31:02	2025-06-24 04:31:02
2811	Hemp	Indonesia	Raw Material	water	Water	542.48800000000000000000	NULL	2025-06-24 04:31:02	2025-06-24 04:31:02
2812	Hemp	Indonesia	Sampling	carbon dioxide	Gas	0.07900000000000000000	NULL	2025-06-24 04:31:02	2025-06-24 04:31:02
2813	Hemp	Indonesia	Sampling	energy	Electricity	0.85100000000000000000	NULL	2025-06-24 04:31:02	2025-06-24 04:31:02
2814	Hemp	Indonesia	Sampling	water	Water	0.27300000000000000000	NULL	2025-06-24 04:31:02	2025-06-24 04:31:02
2815	Hemp	Indonesia	Spinning	carbon dioxide	Gas	0.40000000000000000000	NULL	2025-06-24 04:31:02	2025-06-24 04:31:02
2816	Hemp	Indonesia	Spinning	energy	Electricity	3.07500000000000000000	NULL	2025-06-24 04:31:02	2025-06-24 04:31:02
2817	Hemp	Indonesia	Spinning	water	Water	0.77000000000000000000	NULL	2025-06-24 04:31:02	2025-06-24 04:31:02
2818	Hemp	Indonesia	Trims	carbon dioxide	Gas	0.08100000000000000000	NULL	2025-06-24 04:31:02	2025-06-24 04:31:02
2819	Hemp	Indonesia	Trims	energy	Electricity	0.82300000000000000000	NULL	2025-06-24 04:31:02	2025-06-24 04:31:02
2820	Hemp	Indonesia	Trims	water	Water	0.27100000000000000000	NULL	2025-06-24 04:31:02	2025-06-24 04:31:02
2821	Hemp	Indonesia	Weaving	carbon dioxide	Gas	0.66100000000000000000	NULL	2025-06-24 04:31:02	2025-06-24 04:31:02
2822	Hemp	Indonesia	Weaving	energy	Electricity	4.11800000000000000000	NULL	2025-06-24 04:31:02	2025-06-24 04:31:02
2823	Hemp	Indonesia	Weaving	water	Water	2.55700000000000000000	NULL	2025-06-24 04:31:02	2025-06-24 04:31:02
2824	Polyester	Indonesia	Dyeing	carbon dioxide	Gas	4.01500000000000000000	NULL	2025-06-24 04:31:02	2025-06-24 04:31:02
2825	Polyester	Indonesia	Dyeing	energy	Electricity	21.79500000000000000000	NULL	2025-06-24 04:31:02	2025-06-24 04:31:02
2826	Polyester	Indonesia	Dyeing	water	Water	9.48200000000000000000	NULL	2025-06-24 04:31:02	2025-06-24 04:31:02
2827	Polyester	Indonesia	Manufacturing	carbon dioxide	Gas	0.15500000000000000000	NULL	2025-06-24 04:31:02	2025-06-24 04:31:02
2828	Polyester	Indonesia	Manufacturing	energy	Electricity	2.78500000000000000000	NULL	2025-06-24 04:31:02	2025-06-24 04:31:02
2829	Polyester	Indonesia	Manufacturing	water	Water	1.85400000000000000000	NULL	2025-06-24 04:31:02	2025-06-24 04:31:02
2830	Polyester	Indonesia	Raw Material	carbon dioxide	Gas	3.60600000000000000000	NULL	2025-06-24 04:31:02	2025-06-24 04:31:02
2831	Polyester	Indonesia	Raw Material	energy	Electricity	71.27800000000000000000	NULL	2025-06-24 04:31:02	2025-06-24 04:31:02
2832	Polyester	Indonesia	Raw Material	water	Water	21.17500000000000000000	NULL	2025-06-24 04:31:02	2025-06-24 04:31:02
2833	Polyester	Indonesia	Sampling	carbon dioxide	Gas	0.08000000000000000000	NULL	2025-06-24 04:31:02	2025-06-24 04:31:02
2834	Polyester	Indonesia	Sampling	energy	Electricity	0.99200000000000000000	NULL	2025-06-24 04:31:02	2025-06-24 04:31:02
2835	Polyester	Indonesia	Sampling	water	Water	0.19900000000000000000	NULL	2025-06-24 04:31:02	2025-06-24 04:31:02
2836	Polyester	Indonesia	Spinning	carbon dioxide	Gas	0.93100000000000000000	NULL	2025-06-24 04:31:02	2025-06-24 04:31:02
2837	Polyester	Indonesia	Spinning	energy	Electricity	3.67100000000000000000	NULL	2025-06-24 04:31:02	2025-06-24 04:31:02
2838	Polyester	Indonesia	Spinning	water	Water	0.45400000000000000000	NULL	2025-06-24 04:31:02	2025-06-24 04:31:02
2839	Polyester	Indonesia	Trims	carbon dioxide	Gas	0.09400000000000000000	NULL	2025-06-24 04:31:02	2025-06-24 04:31:02
2840	Polyester	Indonesia	Trims	energy	Electricity	1.08600000000000000000	NULL	2025-06-24 04:31:02	2025-06-24 04:31:02
2841	Polyester	Indonesia	Trims	water	Water	0.21700000000000000000	NULL	2025-06-24 04:31:02	2025-06-24 04:31:02
2842	Polyester	Indonesia	Weaving	carbon dioxide	Gas	1.07700000000000000000	NULL	2025-06-24 04:31:02	2025-06-24 04:31:02
2843	Polyester	Indonesia	Weaving	energy	Electricity	5.84100000000000000000	NULL	2025-06-24 04:31:02	2025-06-24 04:31:02
2844	Polyester	Indonesia	Weaving	water	Water	1.82900000000000000000	NULL	2025-06-24 04:31:02	2025-06-24 04:31:02
2845	Rayon	Indonesia	Dyeing	carbon dioxide	Gas	2.96600000000000000000	NULL	2025-06-24 04:31:02	2025-06-24 04:31:02
2846	Rayon	Indonesia	Dyeing	energy	Electricity	13.06900000000000000000	NULL	2025-06-24 04:31:02	2025-06-24 04:31:02
2847	Rayon	Indonesia	Dyeing	water	Water	33.39100000000000000000	NULL	2025-06-24 04:31:02	2025-06-24 04:31:02
2848	Rayon	Indonesia	Manufacturing	carbon dioxide	Gas	0.17900000000000000000	NULL	2025-06-24 04:31:02	2025-06-24 04:31:02
2849	Rayon	Indonesia	Manufacturing	energy	Electricity	2.75400000000000000000	NULL	2025-06-24 04:31:02	2025-06-24 04:31:02
2850	Rayon	Indonesia	Manufacturing	water	Water	3.12600000000000000000	NULL	2025-06-24 04:31:02	2025-06-24 04:31:02
2851	Rayon	Indonesia	Raw Material	carbon dioxide	Gas	2.31100000000000000000	NULL	2025-06-24 04:31:02	2025-06-24 04:31:02
2852	Rayon	Indonesia	Raw Material	energy	Electricity	36.62400000000000000000	NULL	2025-06-24 04:31:02	2025-06-24 04:31:02
2853	Rayon	Indonesia	Raw Material	water	Water	100.18700000000000000000	NULL	2025-06-24 04:31:02	2025-06-24 04:31:02
2854	Rayon	Indonesia	Sampling	carbon dioxide	Gas	0.08300000000000000000	NULL	2025-06-24 04:31:02	2025-06-24 04:31:02
2855	Rayon	Indonesia	Sampling	energy	Electricity	1.15900000000000000000	NULL	2025-06-24 04:31:02	2025-06-24 04:31:02
2856	Rayon	Indonesia	Sampling	water	Water	0.29100000000000000000	NULL	2025-06-24 04:31:02	2025-06-24 04:31:02
2857	Rayon	Indonesia	Spinning	carbon dioxide	Gas	0.80400000000000000000	NULL	2025-06-24 04:31:02	2025-06-24 04:31:02
2858	Rayon	Indonesia	Spinning	energy	Electricity	3.82500000000000000000	NULL	2025-06-24 04:31:02	2025-06-24 04:31:02
2859	Rayon	Indonesia	Spinning	water	Water	0.90400000000000000000	NULL	2025-06-24 04:31:02	2025-06-24 04:31:02
2860	Rayon	Indonesia	Trims	carbon dioxide	Gas	0.09400000000000000000	NULL	2025-06-24 04:31:02	2025-06-24 04:31:02
2861	Rayon	Indonesia	Trims	energy	Electricity	1.25500000000000000000	NULL	2025-06-24 04:31:02	2025-06-24 04:31:02
2862	Rayon	Indonesia	Trims	water	Water	0.32200000000000000000	NULL	2025-06-24 04:31:02	2025-06-24 04:31:02
2863	Rayon	Indonesia	Weaving	carbon dioxide	Gas	0.99300000000000000000	NULL	2025-06-24 04:31:02	2025-06-24 04:31:02
2864	Rayon	Indonesia	Weaving	energy	Electricity	5.26300000000000000000	NULL	2025-06-24 04:31:02	2025-06-24 04:31:02
2865	Rayon	Indonesia	Weaving	water	Water	3.10500000000000000000	NULL	2025-06-24 04:31:02	2025-06-24 04:31:02
2866	Silk	Indonesia	Dyeing	carbon dioxide	Gas	2.91800000000000000000	NULL	2025-06-24 04:31:02	2025-06-24 04:31:02
2867	Silk	Indonesia	Dyeing	energy	Electricity	19.79200000000000000000	NULL	2025-06-24 04:31:02	2025-06-24 04:31:02
2868	Silk	Indonesia	Dyeing	water	Water	47.69900000000000000000	NULL	2025-06-24 04:31:02	2025-06-24 04:31:02
2869	Silk	Indonesia	Manufacturing	carbon dioxide	Gas	0.23000000000000000000	NULL	2025-06-24 04:31:02	2025-06-24 04:31:02
2870	Silk	Indonesia	Manufacturing	energy	Electricity	3.62800000000000000000	NULL	2025-06-24 04:31:02	2025-06-24 04:31:02
2871	Silk	Indonesia	Manufacturing	water	Water	3.98700000000000000000	NULL	2025-06-24 04:31:02	2025-06-24 04:31:02
2872	Silk	Indonesia	Raw Material	carbon dioxide	Gas	2.16700000000000000000	NULL	2025-06-24 04:31:02	2025-06-24 04:31:02
2873	Silk	Indonesia	Raw Material	energy	Electricity	28.86300000000000000000	NULL	2025-06-24 04:31:02	2025-06-24 04:31:02
2874	Silk	Indonesia	Raw Material	water	Water	9856.59800000000000000000	NULL	2025-06-24 04:31:02	2025-06-24 04:31:02
2875	Silk	Indonesia	Sampling	carbon dioxide	Gas	0.10200000000000000000	NULL	2025-06-24 04:31:02	2025-06-24 04:31:02
2876	Silk	Indonesia	Sampling	energy	Electricity	1.52000000000000000000	NULL	2025-06-24 04:31:02	2025-06-24 04:31:02
2877	Silk	Indonesia	Sampling	water	Water	0.42600000000000000000	NULL	2025-06-24 04:31:02	2025-06-24 04:31:02
2878	Silk	Indonesia	Spinning	carbon dioxide	Gas	0.60600000000000000000	NULL	2025-06-24 04:31:02	2025-06-24 04:31:02
2879	Silk	Indonesia	Spinning	energy	Electricity	6.76400000000000000000	NULL	2025-06-24 04:31:02	2025-06-24 04:31:02
2880	Silk	Indonesia	Spinning	water	Water	1.63500000000000000000	NULL	2025-06-24 04:31:02	2025-06-24 04:31:02
2881	Silk	Indonesia	Trims	carbon dioxide	Gas	0.11500000000000000000	NULL	2025-06-24 04:31:02	2025-06-24 04:31:02
2882	Silk	Indonesia	Trims	energy	Electricity	1.63100000000000000000	NULL	2025-06-24 04:31:02	2025-06-24 04:31:02
2883	Silk	Indonesia	Trims	water	Water	0.40600000000000000000	NULL	2025-06-24 04:31:02	2025-06-24 04:31:02
2884	Silk	Indonesia	Weaving	carbon dioxide	Gas	1.00800000000000000000	NULL	2025-06-24 04:31:02	2025-06-24 04:31:02
2885	Silk	Indonesia	Weaving	energy	Electricity	8.50300000000000000000	NULL	2025-06-24 04:31:02	2025-06-24 04:31:02
2886	Silk	Indonesia	Weaving	water	Water	4.04800000000000000000	NULL	2025-06-24 04:31:02	2025-06-24 04:31:02
2887	Cotton	Italy	Dyeing	carbon dioxide	Gas	2.31800000000000000000	NULL	2025-06-24 04:31:02	2025-06-24 04:31:02
2888	Cotton	Italy	Dyeing	energy	Electricity	14.85300000000000000000	NULL	2025-06-24 04:31:02	2025-06-24 04:31:02
2889	Cotton	Italy	Dyeing	water	Water	46.74700000000000000000	NULL	2025-06-24 04:31:02	2025-06-24 04:31:02
2890	Cotton	Italy	Manufacturing	carbon dioxide	Gas	0.16600000000000000000	NULL	2025-06-24 04:31:02	2025-06-24 04:31:02
2891	Cotton	Italy	Manufacturing	energy	Electricity	3.67000000000000000000	NULL	2025-06-24 04:31:02	2025-06-24 04:31:02
2892	Cotton	Italy	Manufacturing	water	Water	5.04100000000000000000	NULL	2025-06-24 04:31:02	2025-06-24 04:31:02
2893	Cotton	Italy	Raw Material	carbon dioxide	Gas	13.37300000000000000000	NULL	2025-06-24 04:31:02	2025-06-24 04:31:02
2894	Cotton	Italy	Raw Material	energy	Electricity	9.85400000000000000000	NULL	2025-06-24 04:31:02	2025-06-24 04:31:02
2895	Cotton	Italy	Raw Material	water	Water	10915.29700000000000000000	NULL	2025-06-24 04:31:02	2025-06-24 04:31:02
2896	Cotton	Italy	Sampling	carbon dioxide	Gas	0.08900000000000000000	NULL	2025-06-24 04:31:02	2025-06-24 04:31:02
2897	Cotton	Italy	Sampling	energy	Electricity	1.92300000000000000000	NULL	2025-06-24 04:31:02	2025-06-24 04:31:02
2898	Cotton	Italy	Sampling	water	Water	0.49500000000000000000	NULL	2025-06-24 04:31:02	2025-06-24 04:31:02
2899	Cotton	Italy	Spinning	carbon dioxide	Gas	0.46700000000000000000	NULL	2025-06-24 04:31:02	2025-06-24 04:31:02
2900	Cotton	Italy	Spinning	energy	Electricity	6.05200000000000000000	NULL	2025-06-24 04:31:02	2025-06-24 04:31:02
2901	Cotton	Italy	Spinning	water	Water	1.76600000000000000000	NULL	2025-06-24 04:31:02	2025-06-24 04:31:02
2902	Cotton	Italy	Trims	carbon dioxide	Gas	0.09100000000000000000	NULL	2025-06-24 04:31:02	2025-06-24 04:31:02
2903	Cotton	Italy	Trims	energy	Electricity	1.62600000000000000000	NULL	2025-06-24 04:31:02	2025-06-24 04:31:02
2904	Cotton	Italy	Trims	water	Water	0.51500000000000000000	NULL	2025-06-24 04:31:02	2025-06-24 04:31:02
2905	Cotton	Italy	Weaving	carbon dioxide	Gas	0.66800000000000000000	NULL	2025-06-24 04:31:02	2025-06-24 04:31:02
2906	Cotton	Italy	Weaving	energy	Electricity	7.36700000000000000000	NULL	2025-06-24 04:31:02	2025-06-24 04:31:02
2907	Cotton	Italy	Weaving	water	Water	5.30900000000000000000	NULL	2025-06-24 04:31:02	2025-06-24 04:31:02
2908	Hemp	Italy	Dyeing	carbon dioxide	Gas	1.81000000000000000000	NULL	2025-06-24 04:31:02	2025-06-24 04:31:02
2909	Hemp	Italy	Dyeing	energy	Electricity	12.20700000000000000000	NULL	2025-06-24 04:31:02	2025-06-24 04:31:02
2910	Hemp	Italy	Dyeing	water	Water	31.56500000000000000000	NULL	2025-06-24 04:31:02	2025-06-24 04:31:02
2911	Hemp	Italy	Manufacturing	carbon dioxide	Gas	0.11000000000000000000	NULL	2025-06-24 04:31:02	2025-06-24 04:31:02
2912	Hemp	Italy	Manufacturing	energy	Electricity	2.64600000000000000000	NULL	2025-06-24 04:31:02	2025-06-24 04:31:02
2913	Hemp	Italy	Manufacturing	water	Water	2.26200000000000000000	NULL	2025-06-24 04:31:02	2025-06-24 04:31:02
2914	Hemp	Italy	Raw Material	carbon dioxide	Gas	1.65400000000000000000	NULL	2025-06-24 04:31:02	2025-06-24 04:31:02
2915	Hemp	Italy	Raw Material	energy	Electricity	4.58800000000000000000	NULL	2025-06-24 04:31:02	2025-06-24 04:31:02
2916	Hemp	Italy	Raw Material	water	Water	534.72700000000000000000	NULL	2025-06-24 04:31:02	2025-06-24 04:31:02
2917	Hemp	Italy	Sampling	carbon dioxide	Gas	0.06100000000000000000	NULL	2025-06-24 04:31:02	2025-06-24 04:31:02
2918	Hemp	Italy	Sampling	energy	Electricity	0.92500000000000000000	NULL	2025-06-24 04:31:02	2025-06-24 04:31:02
2919	Hemp	Italy	Sampling	water	Water	0.26400000000000000000	NULL	2025-06-24 04:31:02	2025-06-24 04:31:02
2920	Hemp	Italy	Spinning	carbon dioxide	Gas	0.37100000000000000000	NULL	2025-06-24 04:31:02	2025-06-24 04:31:02
2921	Hemp	Italy	Spinning	energy	Electricity	2.94300000000000000000	NULL	2025-06-24 04:31:02	2025-06-24 04:31:02
2922	Hemp	Italy	Spinning	water	Water	0.78700000000000000000	NULL	2025-06-24 04:31:02	2025-06-24 04:31:02
2923	Hemp	Italy	Trims	carbon dioxide	Gas	0.06300000000000000000	NULL	2025-06-24 04:31:02	2025-06-24 04:31:02
2924	Hemp	Italy	Trims	energy	Electricity	0.96000000000000000000	NULL	2025-06-24 04:31:02	2025-06-24 04:31:02
2925	Hemp	Italy	Trims	water	Water	0.27500000000000000000	NULL	2025-06-24 04:31:02	2025-06-24 04:31:02
2926	Hemp	Italy	Weaving	carbon dioxide	Gas	0.47200000000000000000	NULL	2025-06-24 04:31:02	2025-06-24 04:31:02
2927	Hemp	Italy	Weaving	energy	Electricity	4.21600000000000000000	NULL	2025-06-24 04:31:02	2025-06-24 04:31:02
2928	Hemp	Italy	Weaving	water	Water	2.68700000000000000000	NULL	2025-06-24 04:31:02	2025-06-24 04:31:02
2929	Linen	Italy	Dyeing	carbon dioxide	Gas	0.00000000000000000000	NULL	2025-06-24 04:31:02	2025-06-24 04:31:02
2930	Linen	Italy	Dyeing	energy	Electricity	0.00000000000000000000	NULL	2025-06-24 04:31:02	2025-06-24 04:31:02
2931	Linen	Italy	Dyeing	water	Water	0.00000000000000000000	NULL	2025-06-24 04:31:02	2025-06-24 04:31:02
2932	Linen	Italy	Manufacturing	carbon dioxide	Gas	0.00000000000000000000	NULL	2025-06-24 04:31:02	2025-06-24 04:31:02
2933	Linen	Italy	Manufacturing	energy	Electricity	0.00000000000000000000	NULL	2025-06-24 04:31:02	2025-06-24 04:31:02
2934	Linen	Italy	Manufacturing	water	Water	0.00000000000000000000	NULL	2025-06-24 04:31:02	2025-06-24 04:31:02
2935	Linen	Italy	Raw Material	carbon dioxide	Gas	0.00000000000000000000	NULL	2025-06-24 04:31:02	2025-06-24 04:31:02
2936	Linen	Italy	Raw Material	energy	Electricity	0.00000000000000000000	NULL	2025-06-24 04:31:02	2025-06-24 04:31:02
2937	Linen	Italy	Raw Material	water	Water	0.00000000000000000000	NULL	2025-06-24 04:31:02	2025-06-24 04:31:02
2938	Linen	Italy	Sampling	carbon dioxide	Gas	0.00000000000000000000	NULL	2025-06-24 04:31:02	2025-06-24 04:31:02
2939	Linen	Italy	Sampling	energy	Electricity	0.00000000000000000000	NULL	2025-06-24 04:31:02	2025-06-24 04:31:02
2940	Linen	Italy	Sampling	water	Water	0.00000000000000000000	NULL	2025-06-24 04:31:02	2025-06-24 04:31:02
2941	Linen	Italy	Spinning	carbon dioxide	Gas	0.00000000000000000000	NULL	2025-06-24 04:31:02	2025-06-24 04:31:02
2942	Linen	Italy	Spinning	energy	Electricity	0.00000000000000000000	NULL	2025-06-24 04:31:02	2025-06-24 04:31:02
2943	Linen	Italy	Spinning	water	Water	0.00000000000000000000	NULL	2025-06-24 04:31:02	2025-06-24 04:31:02
2944	Linen	Italy	Trims	carbon dioxide	Gas	0.00000000000000000000	NULL	2025-06-24 04:31:02	2025-06-24 04:31:02
2945	Linen	Italy	Trims	energy	Electricity	0.00000000000000000000	NULL	2025-06-24 04:31:02	2025-06-24 04:31:02
2946	Linen	Italy	Trims	water	Water	0.00000000000000000000	NULL	2025-06-24 04:31:02	2025-06-24 04:31:02
2947	Linen	Italy	Weaving	carbon dioxide	Gas	0.00000000000000000000	NULL	2025-06-24 04:31:02	2025-06-24 04:31:02
2948	Linen	Italy	Weaving	energy	Electricity	0.00000000000000000000	NULL	2025-06-24 04:31:02	2025-06-24 04:31:02
2949	Linen	Italy	Weaving	water	Water	0.00000000000000000000	NULL	2025-06-24 04:31:02	2025-06-24 04:31:02
2950	Polyester	Italy	Dyeing	carbon dioxide	Gas	2.97700000000000000000	NULL	2025-06-24 04:31:02	2025-06-24 04:31:02
2951	Polyester	Italy	Dyeing	energy	Electricity	22.33100000000000000000	NULL	2025-06-24 04:31:02	2025-06-24 04:31:02
2952	Polyester	Italy	Dyeing	water	Water	9.96800000000000000000	NULL	2025-06-24 04:31:02	2025-06-24 04:31:02
2953	Polyester	Italy	Manufacturing	carbon dioxide	Gas	0.14000000000000000000	NULL	2025-06-24 04:31:02	2025-06-24 04:31:02
2954	Polyester	Italy	Manufacturing	energy	Electricity	2.78900000000000000000	NULL	2025-06-24 04:31:02	2025-06-24 04:31:02
2955	Polyester	Italy	Manufacturing	water	Water	2.08200000000000000000	NULL	2025-06-24 04:31:02	2025-06-24 04:31:02
2956	Polyester	Italy	Raw Material	carbon dioxide	Gas	2.80300000000000000000	NULL	2025-06-24 04:31:02	2025-06-24 04:31:02
2957	Polyester	Italy	Raw Material	energy	Electricity	74.02100000000000000000	NULL	2025-06-24 04:31:02	2025-06-24 04:31:02
2958	Polyester	Italy	Raw Material	water	Water	20.19600000000000000000	NULL	2025-06-24 04:31:02	2025-06-24 04:31:02
2959	Polyester	Italy	Sampling	carbon dioxide	Gas	0.06600000000000000000	NULL	2025-06-24 04:31:02	2025-06-24 04:31:02
2960	Polyester	Italy	Sampling	energy	Electricity	1.14200000000000000000	NULL	2025-06-24 04:31:02	2025-06-24 04:31:02
2961	Polyester	Italy	Sampling	water	Water	0.21800000000000000000	NULL	2025-06-24 04:31:02	2025-06-24 04:31:02
2962	Polyester	Italy	Spinning	carbon dioxide	Gas	0.64300000000000000000	NULL	2025-06-24 04:31:02	2025-06-24 04:31:02
2963	Polyester	Italy	Spinning	energy	Electricity	3.26000000000000000000	NULL	2025-06-24 04:31:02	2025-06-24 04:31:02
2964	Polyester	Italy	Spinning	water	Water	0.52800000000000000000	NULL	2025-06-24 04:31:02	2025-06-24 04:31:02
2965	Polyester	Italy	Trims	carbon dioxide	Gas	0.06200000000000000000	NULL	2025-06-24 04:31:02	2025-06-24 04:31:02
2966	Polyester	Italy	Trims	energy	Electricity	1.04900000000000000000	NULL	2025-06-24 04:31:02	2025-06-24 04:31:02
2967	Polyester	Italy	Trims	water	Water	0.18800000000000000000	NULL	2025-06-24 04:31:02	2025-06-24 04:31:02
2968	Polyester	Italy	Weaving	carbon dioxide	Gas	0.87800000000000000000	NULL	2025-06-24 04:31:02	2025-06-24 04:31:02
2969	Polyester	Italy	Weaving	energy	Electricity	5.79900000000000000000	NULL	2025-06-24 04:31:02	2025-06-24 04:31:02
2970	Polyester	Italy	Weaving	water	Water	2.14000000000000000000	NULL	2025-06-24 04:31:02	2025-06-24 04:31:02
2971	Silk	Italy	Dyeing	carbon dioxide	Gas	2.52000000000000000000	NULL	2025-06-24 04:31:02	2025-06-24 04:31:02
2972	Silk	Italy	Dyeing	energy	Electricity	20.16500000000000000000	NULL	2025-06-24 04:31:02	2025-06-24 04:31:02
2973	Silk	Italy	Dyeing	water	Water	41.39100000000000000000	NULL	2025-06-24 04:31:02	2025-06-24 04:31:02
2974	Silk	Italy	Manufacturing	carbon dioxide	Gas	0.17700000000000000000	NULL	2025-06-24 04:31:02	2025-06-24 04:31:02
2975	Silk	Italy	Manufacturing	energy	Electricity	4.26700000000000000000	NULL	2025-06-24 04:31:02	2025-06-24 04:31:02
2976	Silk	Italy	Manufacturing	water	Water	3.93700000000000000000	NULL	2025-06-24 04:31:02	2025-06-24 04:31:02
2977	Silk	Italy	Raw Material	carbon dioxide	Gas	14.31700000000000000000	NULL	2025-06-24 04:31:02	2025-06-24 04:31:02
2978	Silk	Italy	Raw Material	energy	Electricity	29.03200000000000000000	NULL	2025-06-24 04:31:02	2025-06-24 04:31:02
2979	Silk	Italy	Raw Material	water	Water	9237.26900000000000000000	NULL	2025-06-24 04:31:02	2025-06-24 04:31:02
2980	Silk	Italy	Sampling	carbon dioxide	Gas	0.08400000000000000000	NULL	2025-06-24 04:31:02	2025-06-24 04:31:02
2981	Silk	Italy	Sampling	energy	Electricity	1.62500000000000000000	NULL	2025-06-24 04:31:02	2025-06-24 04:31:02
2982	Silk	Italy	Sampling	water	Water	0.36200000000000000000	NULL	2025-06-24 04:31:02	2025-06-24 04:31:02
2983	Silk	Italy	Spinning	carbon dioxide	Gas	0.53500000000000000000	NULL	2025-06-24 04:31:02	2025-06-24 04:31:02
2984	Silk	Italy	Spinning	energy	Electricity	7.44400000000000000000	NULL	2025-06-24 04:31:02	2025-06-24 04:31:02
2985	Silk	Italy	Spinning	water	Water	1.47200000000000000000	NULL	2025-06-24 04:31:02	2025-06-24 04:31:02
2986	Silk	Italy	Trims	carbon dioxide	Gas	0.08600000000000000000	NULL	2025-06-24 04:31:02	2025-06-24 04:31:02
2987	Silk	Italy	Trims	energy	Electricity	1.69400000000000000000	NULL	2025-06-24 04:31:02	2025-06-24 04:31:02
2988	Silk	Italy	Trims	water	Water	0.37100000000000000000	NULL	2025-06-24 04:31:02	2025-06-24 04:31:02
2989	Silk	Italy	Weaving	carbon dioxide	Gas	0.73700000000000000000	NULL	2025-06-24 04:31:02	2025-06-24 04:31:02
2990	Silk	Italy	Weaving	energy	Electricity	7.18700000000000000000	NULL	2025-06-24 04:31:02	2025-06-24 04:31:02
2991	Silk	Italy	Weaving	water	Water	4.15600000000000000000	NULL	2025-06-24 04:31:02	2025-06-24 04:31:02
2992	Wool	Italy	Dyeing	carbon dioxide	Gas	2.66300000000000000000	NULL	2025-06-24 04:31:02	2025-06-24 04:31:02
2993	Wool	Italy	Dyeing	energy	Electricity	19.23200000000000000000	NULL	2025-06-24 04:31:02	2025-06-24 04:31:02
2994	Wool	Italy	Dyeing	water	Water	38.41700000000000000000	NULL	2025-06-24 04:31:02	2025-06-24 04:31:02
2995	Wool	Italy	Manufacturing	carbon dioxide	Gas	0.14900000000000000000	NULL	2025-06-24 04:31:02	2025-06-24 04:31:02
2996	Wool	Italy	Manufacturing	energy	Electricity	3.16900000000000000000	NULL	2025-06-24 04:31:02	2025-06-24 04:31:02
2997	Wool	Italy	Manufacturing	water	Water	2.92500000000000000000	NULL	2025-06-24 04:31:02	2025-06-24 04:31:02
2998	Wool	Italy	Raw Material	carbon dioxide	Gas	66.53300000000000000000	NULL	2025-06-24 04:31:02	2025-06-24 04:31:02
2999	Wool	Italy	Raw Material	energy	Electricity	19.69600000000000000000	NULL	2025-06-24 04:31:02	2025-06-24 04:31:02
3000	Wool	Italy	Raw Material	water	Water	800.85700000000000000000	NULL	2025-06-24 04:31:02	2025-06-24 04:31:02
3001	Wool	Italy	Sampling	carbon dioxide	Gas	0.07000000000000000000	NULL	2025-06-24 04:31:02	2025-06-24 04:31:02
3002	Wool	Italy	Sampling	energy	Electricity	1.55200000000000000000	NULL	2025-06-24 04:31:02	2025-06-24 04:31:02
3003	Wool	Italy	Sampling	water	Water	0.30800000000000000000	NULL	2025-06-24 04:31:02	2025-06-24 04:31:02
3004	Wool	Italy	Spinning	carbon dioxide	Gas	0.60000000000000000000	NULL	2025-06-24 04:31:02	2025-06-24 04:31:02
3005	Wool	Italy	Spinning	energy	Diesel	0.20277324000000000000	NULL	2025-06-24 04:31:02	2025-06-24 04:31:02
3006	Wool	Italy	Spinning	energy	Electricity	0.05923184700000000000	NULL	2025-06-24 04:31:02	2025-06-24 04:31:02
3007	Wool	Italy	Spinning	energy	Natural Gas	0.49276206000000000000	NULL	2025-06-24 04:31:02	2025-06-24 04:31:02
3008	Wool	Italy	Spinning	water	Water	0.00061387100000000000	NULL	2025-06-24 04:31:02	2025-06-24 04:31:02
3009	Wool	Italy	Trims	carbon dioxide	Gas	0.07200000000000000000	NULL	2025-06-24 04:31:02	2025-06-24 04:31:02
3010	Wool	Italy	Trims	energy	Electricity	1.48400000000000000000	NULL	2025-06-24 04:31:02	2025-06-24 04:31:02
3011	Wool	Italy	Trims	water	Water	0.28100000000000000000	NULL	2025-06-24 04:31:02	2025-06-24 04:31:02
3012	Wool	Italy	Weaving	carbon dioxide	Gas	0.75500000000000000000	NULL	2025-06-24 04:31:02	2025-06-24 04:31:02
3013	Wool	Italy	Weaving	energy	Electricity	6.73000000000000000000	NULL	2025-06-24 04:31:02	2025-06-24 04:31:02
3014	Wool	Italy	Weaving	water	Water	2.96500000000000000000	NULL	2025-06-24 04:31:02	2025-06-24 04:31:02
3015	Cotton	Japan	Dyeing	carbon dioxide	Gas	2.43300000000000000000	NULL	2025-06-24 04:31:02	2025-06-24 04:31:02
3016	Cotton	Japan	Dyeing	energy	Electricity	15.15700000000000000000	NULL	2025-06-24 04:31:02	2025-06-24 04:31:02
3017	Cotton	Japan	Dyeing	water	Water	48.46900000000000000000	NULL	2025-06-24 04:31:02	2025-06-24 04:31:02
3018	Cotton	Japan	Manufacturing	carbon dioxide	Gas	0.17400000000000000000	NULL	2025-06-24 04:31:02	2025-06-24 04:31:02
3019	Cotton	Japan	Manufacturing	energy	Electricity	3.65300000000000000000	NULL	2025-06-24 04:31:02	2025-06-24 04:31:02
3020	Cotton	Japan	Manufacturing	water	Water	4.83500000000000000000	NULL	2025-06-24 04:31:02	2025-06-24 04:31:02
3021	Cotton	Japan	Raw Material	carbon dioxide	Gas	1.42300000000000000000	NULL	2025-06-24 04:31:02	2025-06-24 04:31:02
3022	Cotton	Japan	Raw Material	energy	Electricity	10.53300000000000000000	NULL	2025-06-24 04:31:02	2025-06-24 04:31:02
3023	Cotton	Japan	Raw Material	water	Water	9525.55800000000000000000	NULL	2025-06-24 04:31:02	2025-06-24 04:31:02
3024	Cotton	Japan	Sampling	carbon dioxide	Gas	0.09600000000000000000	NULL	2025-06-24 04:31:02	2025-06-24 04:31:02
3025	Cotton	Japan	Sampling	energy	Electricity	1.74400000000000000000	NULL	2025-06-24 04:31:02	2025-06-24 04:31:02
3026	Cotton	Japan	Sampling	water	Water	0.51600000000000000000	NULL	2025-06-24 04:31:02	2025-06-24 04:31:02
3027	Cotton	Japan	Spinning	carbon dioxide	Gas	0.45900000000000000000	NULL	2025-06-24 04:31:02	2025-06-24 04:31:02
3028	Cotton	Japan	Spinning	energy	Electricity	6.62200000000000000000	NULL	2025-06-24 04:31:02	2025-06-24 04:31:02
3029	Cotton	Japan	Spinning	water	Water	1.84200000000000000000	NULL	2025-06-24 04:31:02	2025-06-24 04:31:02
3030	Cotton	Japan	Trims	carbon dioxide	Gas	0.08500000000000000000	NULL	2025-06-24 04:31:02	2025-06-24 04:31:02
3031	Cotton	Japan	Trims	energy	Electricity	1.66900000000000000000	NULL	2025-06-24 04:31:02	2025-06-24 04:31:02
3032	Cotton	Japan	Trims	water	Water	0.52300000000000000000	NULL	2025-06-24 04:31:02	2025-06-24 04:31:02
3033	Cotton	Japan	Weaving	carbon dioxide	Gas	0.70900000000000000000	NULL	2025-06-24 04:31:02	2025-06-24 04:31:02
3034	Cotton	Japan	Weaving	energy	Electricity	7.73000000000000000000	NULL	2025-06-24 04:31:02	2025-06-24 04:31:02
3035	Cotton	Japan	Weaving	water	Water	5.02100000000000000000	NULL	2025-06-24 04:31:02	2025-06-24 04:31:02
3036	Hemp	Japan	Dyeing	carbon dioxide	Gas	1.64700000000000000000	NULL	2025-06-24 04:31:02	2025-06-24 04:31:02
3037	Hemp	Japan	Dyeing	energy	Electricity	12.00300000000000000000	NULL	2025-06-24 04:31:02	2025-06-24 04:31:02
3038	Hemp	Japan	Dyeing	water	Water	31.10100000000000000000	NULL	2025-06-24 04:31:02	2025-06-24 04:31:02
3039	Hemp	Japan	Manufacturing	carbon dioxide	Gas	0.09800000000000000000	NULL	2025-06-24 04:31:02	2025-06-24 04:31:02
3040	Hemp	Japan	Manufacturing	energy	Electricity	2.31400000000000000000	NULL	2025-06-24 04:31:02	2025-06-24 04:31:02
3041	Hemp	Japan	Manufacturing	water	Water	2.30100000000000000000	NULL	2025-06-24 04:31:02	2025-06-24 04:31:02
3042	Hemp	Japan	Raw Material	carbon dioxide	Gas	0.18000000000000000000	NULL	2025-06-24 04:31:02	2025-06-24 04:31:02
3043	Hemp	Japan	Raw Material	energy	Electricity	5.08600000000000000000	NULL	2025-06-24 04:31:02	2025-06-24 04:31:02
3044	Hemp	Japan	Raw Material	water	Water	489.00300000000000000000	NULL	2025-06-24 04:31:02	2025-06-24 04:31:02
3045	Hemp	Japan	Sampling	carbon dioxide	Gas	0.06100000000000000000	NULL	2025-06-24 04:31:02	2025-06-24 04:31:02
3046	Hemp	Japan	Sampling	energy	Electricity	0.86700000000000000000	NULL	2025-06-24 04:31:02	2025-06-24 04:31:02
3047	Hemp	Japan	Sampling	water	Water	0.22700000000000000000	NULL	2025-06-24 04:31:02	2025-06-24 04:31:02
3048	Hemp	Japan	Spinning	carbon dioxide	Gas	0.33400000000000000000	NULL	2025-06-24 04:31:02	2025-06-24 04:31:02
3049	Hemp	Japan	Spinning	energy	Electricity	3.07900000000000000000	NULL	2025-06-24 04:31:02	2025-06-24 04:31:02
3050	Hemp	Japan	Spinning	water	Water	0.79400000000000000000	NULL	2025-06-24 04:31:02	2025-06-24 04:31:02
3051	Hemp	Japan	Trims	carbon dioxide	Gas	0.06400000000000000000	NULL	2025-06-24 04:31:02	2025-06-24 04:31:02
3052	Hemp	Japan	Trims	energy	Electricity	0.96600000000000000000	NULL	2025-06-24 04:31:02	2025-06-24 04:31:02
3053	Hemp	Japan	Trims	water	Water	0.26500000000000000000	NULL	2025-06-24 04:31:02	2025-06-24 04:31:02
3054	Hemp	Japan	Weaving	carbon dioxide	Gas	0.49900000000000000000	NULL	2025-06-24 04:31:02	2025-06-24 04:31:02
3055	Hemp	Japan	Weaving	energy	Electricity	4.19400000000000000000	NULL	2025-06-24 04:31:02	2025-06-24 04:31:02
3056	Hemp	Japan	Weaving	water	Water	2.47200000000000000000	NULL	2025-06-24 04:31:02	2025-06-24 04:31:02
3057	Nylon	Japan	Dyeing	carbon dioxide	Gas	2.91800000000000000000	NULL	2025-06-24 04:31:02	2025-06-24 04:31:02
3058	Nylon	Japan	Dyeing	energy	Electricity	18.89000000000000000000	NULL	2025-06-24 04:31:02	2025-06-24 04:31:02
3059	Nylon	Japan	Dyeing	water	Water	16.07400000000000000000	NULL	2025-06-24 04:31:02	2025-06-24 04:31:02
3060	Nylon	Japan	Manufacturing	carbon dioxide	Gas	0.15600000000000000000	NULL	2025-06-24 04:31:02	2025-06-24 04:31:02
3061	Nylon	Japan	Manufacturing	energy	Electricity	3.43100000000000000000	NULL	2025-06-24 04:31:02	2025-06-24 04:31:02
3062	Nylon	Japan	Manufacturing	water	Water	1.81600000000000000000	NULL	2025-06-24 04:31:02	2025-06-24 04:31:02
3063	Nylon	Japan	Raw Material	carbon dioxide	Gas	4.75600000000000000000	NULL	2025-06-24 04:31:02	2025-06-24 04:31:02
3064	Nylon	Japan	Raw Material	energy	Electricity	54.80700000000000000000	NULL	2025-06-24 04:31:02	2025-06-24 04:31:02
3065	Nylon	Japan	Raw Material	water	Water	20.06100000000000000000	NULL	2025-06-24 04:31:02	2025-06-24 04:31:02
3066	Nylon	Japan	Sampling	carbon dioxide	Gas	0.08800000000000000000	NULL	2025-06-24 04:31:02	2025-06-24 04:31:02
3067	Nylon	Japan	Sampling	energy	Electricity	1.15900000000000000000	NULL	2025-06-24 04:31:02	2025-06-24 04:31:02
3068	Nylon	Japan	Sampling	water	Water	0.18100000000000000000	NULL	2025-06-24 04:31:02	2025-06-24 04:31:02
3069	Nylon	Japan	Spinning	carbon dioxide	Gas	0.85200000000000000000	NULL	2025-06-24 04:31:02	2025-06-24 04:31:02
3070	Nylon	Japan	Spinning	energy	Electricity	4.49900000000000000000	NULL	2025-06-24 04:31:02	2025-06-24 04:31:02
3071	Nylon	Japan	Spinning	water	Water	0.47500000000000000000	NULL	2025-06-24 04:31:02	2025-06-24 04:31:02
3072	Nylon	Japan	Trims	carbon dioxide	Gas	0.07900000000000000000	NULL	2025-06-24 04:31:02	2025-06-24 04:31:02
3073	Nylon	Japan	Trims	energy	Electricity	1.16600000000000000000	NULL	2025-06-24 04:31:02	2025-06-24 04:31:02
3074	Nylon	Japan	Trims	water	Water	0.21100000000000000000	NULL	2025-06-24 04:31:02	2025-06-24 04:31:02
3075	Nylon	Japan	Weaving	carbon dioxide	Gas	1.05300000000000000000	NULL	2025-06-24 04:31:02	2025-06-24 04:31:02
3076	Nylon	Japan	Weaving	energy	Electricity	6.02200000000000000000	NULL	2025-06-24 04:31:02	2025-06-24 04:31:02
3077	Nylon	Japan	Weaving	water	Water	1.95700000000000000000	NULL	2025-06-24 04:31:02	2025-06-24 04:31:02
3078	Polyester	Japan	Dyeing	carbon dioxide	Gas	3.33000000000000000000	NULL	2025-06-24 04:31:02	2025-06-24 04:31:02
3079	Polyester	Japan	Dyeing	energy	Electricity	21.03200000000000000000	NULL	2025-06-24 04:31:02	2025-06-24 04:31:02
3080	Polyester	Japan	Dyeing	water	Water	9.97700000000000000000	NULL	2025-06-24 04:31:02	2025-06-24 04:31:02
3081	Polyester	Japan	Manufacturing	carbon dioxide	Gas	0.12300000000000000000	NULL	2025-06-24 04:31:02	2025-06-24 04:31:02
3082	Polyester	Japan	Manufacturing	energy	Electricity	2.74500000000000000000	NULL	2025-06-24 04:31:02	2025-06-24 04:31:02
3083	Polyester	Japan	Manufacturing	water	Water	2.15100000000000000000	NULL	2025-06-24 04:31:02	2025-06-24 04:31:02
3084	Polyester	Japan	Raw Material	carbon dioxide	Gas	2.80000000000000000000	NULL	2025-06-24 04:31:02	2025-06-24 04:31:02
3085	Polyester	Japan	Raw Material	energy	Electricity	73.75500000000000000000	NULL	2025-06-24 04:31:02	2025-06-24 04:31:02
3086	Polyester	Japan	Raw Material	water	Water	20.65200000000000000000	NULL	2025-06-24 04:31:02	2025-06-24 04:31:02
3087	Polyester	Japan	Sampling	carbon dioxide	Gas	0.06900000000000000000	NULL	2025-06-24 04:31:02	2025-06-24 04:31:02
3088	Polyester	Japan	Sampling	energy	Electricity	1.06700000000000000000	NULL	2025-06-24 04:31:02	2025-06-24 04:31:02
3089	Polyester	Japan	Sampling	water	Water	0.21700000000000000000	NULL	2025-06-24 04:31:02	2025-06-24 04:31:02
3090	Polyester	Japan	Spinning	carbon dioxide	Gas	0.72400000000000000000	NULL	2025-06-24 04:31:02	2025-06-24 04:31:02
3091	Polyester	Japan	Spinning	energy	Electricity	3.64500000000000000000	NULL	2025-06-24 04:31:02	2025-06-24 04:31:02
3092	Polyester	Japan	Spinning	water	Water	0.49300000000000000000	NULL	2025-06-24 04:31:02	2025-06-24 04:31:02
3093	Polyester	Japan	Trims	carbon dioxide	Gas	0.07800000000000000000	NULL	2025-06-24 04:31:02	2025-06-24 04:31:02
3094	Polyester	Japan	Trims	energy	Electricity	1.18800000000000000000	NULL	2025-06-24 04:31:02	2025-06-24 04:31:02
3095	Polyester	Japan	Trims	water	Water	0.19600000000000000000	NULL	2025-06-24 04:31:02	2025-06-24 04:31:02
3096	Polyester	Japan	Weaving	carbon dioxide	Gas	0.90100000000000000000	NULL	2025-06-24 04:31:02	2025-06-24 04:31:02
3097	Polyester	Japan	Weaving	energy	Electricity	5.37300000000000000000	NULL	2025-06-24 04:31:02	2025-06-24 04:31:02
3098	Polyester	Japan	Weaving	water	Water	2.19400000000000000000	NULL	2025-06-24 04:31:02	2025-06-24 04:31:02
3099	Silk	Japan	Dyeing	carbon dioxide	Gas	2.44600000000000000000	NULL	2025-06-24 04:31:02	2025-06-24 04:31:02
3100	Silk	Japan	Dyeing	energy	Electricity	21.71500000000000000000	NULL	2025-06-24 04:31:02	2025-06-24 04:31:02
3101	Silk	Japan	Dyeing	water	Water	43.26000000000000000000	NULL	2025-06-24 04:31:02	2025-06-24 04:31:02
3102	Silk	Japan	Manufacturing	carbon dioxide	Gas	0.21200000000000000000	NULL	2025-06-24 04:31:02	2025-06-24 04:31:02
3103	Silk	Japan	Manufacturing	energy	Electricity	3.86600000000000000000	NULL	2025-06-24 04:31:02	2025-06-24 04:31:02
3104	Silk	Japan	Manufacturing	water	Water	3.78700000000000000000	NULL	2025-06-24 04:31:02	2025-06-24 04:31:02
3105	Silk	Japan	Raw Material	carbon dioxide	Gas	1.66900000000000000000	NULL	2025-06-24 04:31:02	2025-06-24 04:31:02
3106	Silk	Japan	Raw Material	energy	Electricity	31.64400000000000000000	NULL	2025-06-24 04:31:02	2025-06-24 04:31:02
3107	Silk	Japan	Raw Material	water	Water	10568.24800000000000000000	NULL	2025-06-24 04:31:02	2025-06-24 04:31:02
3108	Silk	Japan	Sampling	carbon dioxide	Gas	0.08300000000000000000	NULL	2025-06-24 04:31:02	2025-06-24 04:31:02
3109	Silk	Japan	Sampling	energy	Electricity	1.67800000000000000000	NULL	2025-06-24 04:31:02	2025-06-24 04:31:02
3110	Silk	Japan	Sampling	water	Water	0.36700000000000000000	NULL	2025-06-24 04:31:02	2025-06-24 04:31:02
3111	Silk	Japan	Spinning	carbon dioxide	Gas	0.50600000000000000000	NULL	2025-06-24 04:31:02	2025-06-24 04:31:02
3112	Silk	Japan	Spinning	energy	Electricity	7.36100000000000000000	NULL	2025-06-24 04:31:02	2025-06-24 04:31:02
3113	Silk	Japan	Spinning	water	Water	1.37900000000000000000	NULL	2025-06-24 04:31:02	2025-06-24 04:31:02
3114	Silk	Japan	Trims	carbon dioxide	Gas	0.08900000000000000000	NULL	2025-06-24 04:31:02	2025-06-24 04:31:02
3115	Silk	Japan	Trims	energy	Electricity	1.66300000000000000000	NULL	2025-06-24 04:31:02	2025-06-24 04:31:02
3116	Silk	Japan	Trims	water	Water	0.38300000000000000000	NULL	2025-06-24 04:31:02	2025-06-24 04:31:02
3117	Silk	Japan	Weaving	carbon dioxide	Gas	0.69900000000000000000	NULL	2025-06-24 04:31:02	2025-06-24 04:31:02
3118	Silk	Japan	Weaving	energy	Electricity	7.76500000000000000000	NULL	2025-06-24 04:31:02	2025-06-24 04:31:02
3119	Silk	Japan	Weaving	water	Water	3.73000000000000000000	NULL	2025-06-24 04:31:02	2025-06-24 04:31:02
3120	Cotton	Kenya	Dyeing	carbon dioxide	Gas	2.26600000000000000000	NULL	2025-06-24 04:31:02	2025-06-24 04:31:02
3121	Cotton	Kenya	Dyeing	energy	Electricity	16.42300000000000000000	NULL	2025-06-24 04:31:02	2025-06-24 04:31:02
3122	Cotton	Kenya	Dyeing	water	Water	45.00100000000000000000	NULL	2025-06-24 04:31:02	2025-06-24 04:31:02
3123	Cotton	Kenya	Manufacturing	carbon dioxide	Gas	0.21400000000000000000	NULL	2025-06-24 04:31:02	2025-06-24 04:31:02
3124	Cotton	Kenya	Manufacturing	energy	Electricity	3.30900000000000000000	NULL	2025-06-24 04:31:02	2025-06-24 04:31:02
3125	Cotton	Kenya	Manufacturing	water	Water	5.03400000000000000000	NULL	2025-06-24 04:31:02	2025-06-24 04:31:02
3126	Cotton	Kenya	Raw Material	carbon dioxide	Gas	1.64400000000000000000	NULL	2025-06-24 04:31:02	2025-06-24 04:31:02
3127	Cotton	Kenya	Raw Material	energy	Electricity	9.98000000000000000000	NULL	2025-06-24 04:31:02	2025-06-24 04:31:02
3128	Cotton	Kenya	Raw Material	water	Water	10045.11300000000000000000	NULL	2025-06-24 04:31:02	2025-06-24 04:31:02
3129	Cotton	Kenya	Sampling	carbon dioxide	Gas	0.10500000000000000000	NULL	2025-06-24 04:31:02	2025-06-24 04:31:02
3130	Cotton	Kenya	Sampling	energy	Electricity	1.85500000000000000000	NULL	2025-06-24 04:31:02	2025-06-24 04:31:02
3131	Cotton	Kenya	Sampling	water	Water	0.53900000000000000000	NULL	2025-06-24 04:31:02	2025-06-24 04:31:02
3132	Cotton	Kenya	Spinning	carbon dioxide	Gas	0.47600000000000000000	NULL	2025-06-24 04:31:02	2025-06-24 04:31:02
3133	Cotton	Kenya	Spinning	energy	Electricity	6.79700000000000000000	NULL	2025-06-24 04:31:02	2025-06-24 04:31:02
3134	Cotton	Kenya	Spinning	water	Water	1.67700000000000000000	NULL	2025-06-24 04:31:02	2025-06-24 04:31:02
3135	Cotton	Kenya	Trims	carbon dioxide	Gas	0.09400000000000000000	NULL	2025-06-24 04:31:02	2025-06-24 04:31:02
3136	Cotton	Kenya	Trims	energy	Electricity	1.79000000000000000000	NULL	2025-06-24 04:31:02	2025-06-24 04:31:02
3137	Cotton	Kenya	Trims	water	Water	0.53700000000000000000	NULL	2025-06-24 04:31:02	2025-06-24 04:31:02
3138	Cotton	Kenya	Weaving	carbon dioxide	Gas	0.80100000000000000000	NULL	2025-06-24 04:31:02	2025-06-24 04:31:02
3139	Cotton	Kenya	Weaving	energy	Electricity	6.90200000000000000000	NULL	2025-06-24 04:31:02	2025-06-24 04:31:02
3140	Cotton	Kenya	Weaving	water	Water	4.91200000000000000000	NULL	2025-06-24 04:31:02	2025-06-24 04:31:02
3141	Hemp	Kenya	Dyeing	carbon dioxide	Gas	2.07700000000000000000	NULL	2025-06-24 04:31:02	2025-06-24 04:31:02
3142	Hemp	Kenya	Dyeing	energy	Electricity	12.22500000000000000000	NULL	2025-06-24 04:31:02	2025-06-24 04:31:02
3143	Hemp	Kenya	Dyeing	water	Water	30.32700000000000000000	NULL	2025-06-24 04:31:02	2025-06-24 04:31:02
3144	Hemp	Kenya	Manufacturing	carbon dioxide	Gas	0.12700000000000000000	NULL	2025-06-24 04:31:02	2025-06-24 04:31:02
3145	Hemp	Kenya	Manufacturing	energy	Electricity	2.49300000000000000000	NULL	2025-06-24 04:31:02	2025-06-24 04:31:02
3146	Hemp	Kenya	Manufacturing	water	Water	2.62700000000000000000	NULL	2025-06-24 04:31:02	2025-06-24 04:31:02
3147	Hemp	Kenya	Raw Material	carbon dioxide	Gas	0.18900000000000000000	NULL	2025-06-24 04:31:02	2025-06-24 04:31:02
3148	Hemp	Kenya	Raw Material	energy	Electricity	4.99600000000000000000	NULL	2025-06-24 04:31:02	2025-06-24 04:31:02
3149	Hemp	Kenya	Raw Material	water	Water	508.79600000000000000000	NULL	2025-06-24 04:31:02	2025-06-24 04:31:02
3150	Hemp	Kenya	Sampling	carbon dioxide	Gas	0.06900000000000000000	NULL	2025-06-24 04:31:02	2025-06-24 04:31:02
3151	Hemp	Kenya	Sampling	energy	Electricity	0.83000000000000000000	NULL	2025-06-24 04:31:02	2025-06-24 04:31:02
3152	Hemp	Kenya	Sampling	water	Water	0.24500000000000000000	NULL	2025-06-24 04:31:02	2025-06-24 04:31:02
3153	Hemp	Kenya	Spinning	carbon dioxide	Gas	0.36900000000000000000	NULL	2025-06-24 04:31:02	2025-06-24 04:31:02
3154	Hemp	Kenya	Spinning	energy	Electricity	3.01200000000000000000	NULL	2025-06-24 04:31:02	2025-06-24 04:31:02
3155	Hemp	Kenya	Spinning	water	Water	0.80700000000000000000	NULL	2025-06-24 04:31:02	2025-06-24 04:31:02
3156	Hemp	Kenya	Trims	carbon dioxide	Gas	0.06900000000000000000	NULL	2025-06-24 04:31:02	2025-06-24 04:31:02
3157	Hemp	Kenya	Trims	energy	Electricity	0.90100000000000000000	NULL	2025-06-24 04:31:02	2025-06-24 04:31:02
3158	Hemp	Kenya	Trims	water	Water	0.23200000000000000000	NULL	2025-06-24 04:31:02	2025-06-24 04:31:02
3159	Hemp	Kenya	Weaving	carbon dioxide	Gas	0.55500000000000000000	NULL	2025-06-24 04:31:02	2025-06-24 04:31:02
3160	Hemp	Kenya	Weaving	energy	Electricity	4.12200000000000000000	NULL	2025-06-24 04:31:02	2025-06-24 04:31:02
3161	Hemp	Kenya	Weaving	water	Water	2.46500000000000000000	NULL	2025-06-24 04:31:02	2025-06-24 04:31:02
3162	Nylon	Kenya	Dyeing	carbon dioxide	Gas	2.92200000000000000000	NULL	2025-06-24 04:31:02	2025-06-24 04:31:02
3163	Nylon	Kenya	Dyeing	energy	Electricity	19.70000000000000000000	NULL	2025-06-24 04:31:02	2025-06-24 04:31:02
3164	Nylon	Kenya	Dyeing	water	Water	14.25200000000000000000	NULL	2025-06-24 04:31:02	2025-06-24 04:31:02
3165	Nylon	Kenya	Manufacturing	carbon dioxide	Gas	0.18600000000000000000	NULL	2025-06-24 04:31:02	2025-06-24 04:31:02
3166	Nylon	Kenya	Manufacturing	energy	Electricity	3.19100000000000000000	NULL	2025-06-24 04:31:02	2025-06-24 04:31:02
3167	Nylon	Kenya	Manufacturing	water	Water	2.08800000000000000000	NULL	2025-06-24 04:31:02	2025-06-24 04:31:02
3168	Nylon	Kenya	Raw Material	carbon dioxide	Gas	5.04400000000000000000	NULL	2025-06-24 04:31:02	2025-06-24 04:31:02
3169	Nylon	Kenya	Raw Material	energy	Electricity	59.88700000000000000000	NULL	2025-06-24 04:31:02	2025-06-24 04:31:02
3170	Nylon	Kenya	Raw Material	water	Water	19.12100000000000000000	NULL	2025-06-24 04:31:02	2025-06-24 04:31:02
3171	Nylon	Kenya	Sampling	carbon dioxide	Gas	0.09300000000000000000	NULL	2025-06-24 04:31:02	2025-06-24 04:31:02
3172	Nylon	Kenya	Sampling	energy	Electricity	1.12100000000000000000	NULL	2025-06-24 04:31:02	2025-06-24 04:31:02
3173	Nylon	Kenya	Sampling	water	Water	0.20500000000000000000	NULL	2025-06-24 04:31:02	2025-06-24 04:31:02
3174	Nylon	Kenya	Spinning	carbon dioxide	Gas	0.88900000000000000000	NULL	2025-06-24 04:31:02	2025-06-24 04:31:02
3175	Nylon	Kenya	Spinning	energy	Electricity	4.24100000000000000000	NULL	2025-06-24 04:31:02	2025-06-24 04:31:02
3176	Nylon	Kenya	Spinning	water	Water	0.49000000000000000000	NULL	2025-06-24 04:31:02	2025-06-24 04:31:02
3177	Nylon	Kenya	Trims	carbon dioxide	Gas	0.09300000000000000000	NULL	2025-06-24 04:31:02	2025-06-24 04:31:02
3178	Nylon	Kenya	Trims	energy	Electricity	1.13300000000000000000	NULL	2025-06-24 04:31:02	2025-06-24 04:31:02
3179	Nylon	Kenya	Trims	water	Water	0.20600000000000000000	NULL	2025-06-24 04:31:02	2025-06-24 04:31:02
3180	Nylon	Kenya	Weaving	carbon dioxide	Gas	1.04500000000000000000	NULL	2025-06-24 04:31:02	2025-06-24 04:31:02
3181	Nylon	Kenya	Weaving	energy	Electricity	5.89500000000000000000	NULL	2025-06-24 04:31:02	2025-06-24 04:31:02
3182	Nylon	Kenya	Weaving	water	Water	2.07300000000000000000	NULL	2025-06-24 04:31:02	2025-06-24 04:31:02
3183	Polyester	Kenya	Dyeing	carbon dioxide	Gas	3.32500000000000000000	NULL	2025-06-24 04:31:02	2025-06-24 04:31:02
3184	Polyester	Kenya	Dyeing	energy	Electricity	21.20300000000000000000	NULL	2025-06-24 04:31:02	2025-06-24 04:31:02
3185	Polyester	Kenya	Dyeing	water	Water	10.11700000000000000000	NULL	2025-06-24 04:31:02	2025-06-24 04:31:02
3186	Polyester	Kenya	Manufacturing	carbon dioxide	Gas	0.16200000000000000000	NULL	2025-06-24 04:31:02	2025-06-24 04:31:02
3187	Polyester	Kenya	Manufacturing	energy	Electricity	2.59700000000000000000	NULL	2025-06-24 04:31:02	2025-06-24 04:31:02
3188	Polyester	Kenya	Manufacturing	water	Water	1.82100000000000000000	NULL	2025-06-24 04:31:02	2025-06-24 04:31:02
3189	Polyester	Kenya	Raw Material	carbon dioxide	Gas	3.15900000000000000000	NULL	2025-06-24 04:31:02	2025-06-24 04:31:02
3190	Polyester	Kenya	Raw Material	energy	Electricity	63.21400000000000000000	NULL	2025-06-24 04:31:02	2025-06-24 04:31:02
3191	Polyester	Kenya	Raw Material	water	Water	19.06100000000000000000	NULL	2025-06-24 04:31:02	2025-06-24 04:31:02
3192	Polyester	Kenya	Sampling	carbon dioxide	Gas	0.08100000000000000000	NULL	2025-06-24 04:31:02	2025-06-24 04:31:02
3193	Polyester	Kenya	Sampling	energy	Electricity	1.13900000000000000000	NULL	2025-06-24 04:31:02	2025-06-24 04:31:02
3194	Polyester	Kenya	Sampling	water	Water	0.19000000000000000000	NULL	2025-06-24 04:31:02	2025-06-24 04:31:02
3195	Polyester	Kenya	Spinning	carbon dioxide	Gas	0.79300000000000000000	NULL	2025-06-24 04:31:02	2025-06-24 04:31:02
3196	Polyester	Kenya	Spinning	energy	Electricity	3.29200000000000000000	NULL	2025-06-24 04:31:02	2025-06-24 04:31:02
3197	Polyester	Kenya	Spinning	water	Water	0.50500000000000000000	NULL	2025-06-24 04:31:02	2025-06-24 04:31:02
3198	Polyester	Kenya	Trims	carbon dioxide	Gas	0.08600000000000000000	NULL	2025-06-24 04:31:02	2025-06-24 04:31:02
3199	Polyester	Kenya	Trims	energy	Electricity	1.09900000000000000000	NULL	2025-06-24 04:31:02	2025-06-24 04:31:02
3200	Polyester	Kenya	Trims	water	Water	0.18600000000000000000	NULL	2025-06-24 04:31:02	2025-06-24 04:31:02
3201	Polyester	Kenya	Weaving	carbon dioxide	Gas	1.07400000000000000000	NULL	2025-06-24 04:31:02	2025-06-24 04:31:02
3202	Polyester	Kenya	Weaving	energy	Electricity	5.84300000000000000000	NULL	2025-06-24 04:31:02	2025-06-24 04:31:02
3203	Polyester	Kenya	Weaving	water	Water	1.82300000000000000000	NULL	2025-06-24 04:31:02	2025-06-24 04:31:02
3204	Silk	Kenya	Dyeing	carbon dioxide	Gas	3.03600000000000000000	NULL	2025-06-24 04:31:02	2025-06-24 04:31:02
3205	Silk	Kenya	Dyeing	energy	Electricity	18.11300000000000000000	NULL	2025-06-24 04:31:02	2025-06-24 04:31:02
3206	Silk	Kenya	Dyeing	water	Water	47.83700000000000000000	NULL	2025-06-24 04:31:02	2025-06-24 04:31:02
3207	Silk	Kenya	Manufacturing	carbon dioxide	Gas	0.22900000000000000000	NULL	2025-06-24 04:31:02	2025-06-24 04:31:02
3208	Silk	Kenya	Manufacturing	energy	Electricity	4.01500000000000000000	NULL	2025-06-24 04:31:02	2025-06-24 04:31:02
3209	Silk	Kenya	Manufacturing	water	Water	4.03900000000000000000	NULL	2025-06-24 04:31:02	2025-06-24 04:31:02
3210	Silk	Kenya	Raw Material	carbon dioxide	Gas	2.02200000000000000000	NULL	2025-06-24 04:31:02	2025-06-24 04:31:02
3211	Silk	Kenya	Raw Material	energy	Electricity	32.06100000000000000000	NULL	2025-06-24 04:31:02	2025-06-24 04:31:02
3212	Silk	Kenya	Raw Material	water	Water	9249.09000000000000000000	NULL	2025-06-24 04:31:02	2025-06-24 04:31:02
3213	Silk	Kenya	Sampling	carbon dioxide	Gas	0.10200000000000000000	NULL	2025-06-24 04:31:02	2025-06-24 04:31:02
3214	Silk	Kenya	Sampling	energy	Electricity	1.69400000000000000000	NULL	2025-06-24 04:31:02	2025-06-24 04:31:02
3215	Silk	Kenya	Sampling	water	Water	0.37200000000000000000	NULL	2025-06-24 04:31:02	2025-06-24 04:31:02
3216	Silk	Kenya	Spinning	carbon dioxide	Gas	0.59100000000000000000	NULL	2025-06-24 04:31:02	2025-06-24 04:31:02
3217	Silk	Kenya	Spinning	energy	Electricity	6.55500000000000000000	NULL	2025-06-24 04:31:02	2025-06-24 04:31:02
3218	Silk	Kenya	Spinning	water	Water	1.44000000000000000000	NULL	2025-06-24 04:31:02	2025-06-24 04:31:02
3219	Silk	Kenya	Trims	carbon dioxide	Gas	0.10500000000000000000	NULL	2025-06-24 04:31:02	2025-06-24 04:31:02
3220	Silk	Kenya	Trims	energy	Electricity	1.61900000000000000000	NULL	2025-06-24 04:31:02	2025-06-24 04:31:02
3221	Silk	Kenya	Trims	water	Water	0.43300000000000000000	NULL	2025-06-24 04:31:02	2025-06-24 04:31:02
3222	Silk	Kenya	Weaving	carbon dioxide	Gas	0.89800000000000000000	NULL	2025-06-24 04:31:02	2025-06-24 04:31:02
3223	Silk	Kenya	Weaving	energy	Electricity	7.48300000000000000000	NULL	2025-06-24 04:31:02	2025-06-24 04:31:02
3224	Silk	Kenya	Weaving	water	Water	3.79300000000000000000	NULL	2025-06-24 04:31:02	2025-06-24 04:31:02
3225	Cotton	Lithuania	Dyeing	carbon dioxide	Gas	2.06400000000000000000	NULL	2025-06-24 04:31:02	2025-06-24 04:31:02
3226	Cotton	Lithuania	Dyeing	energy	Electricity	15.63100000000000000000	NULL	2025-06-24 04:31:02	2025-06-24 04:31:02
3227	Cotton	Lithuania	Dyeing	water	Water	54.14800000000000000000	NULL	2025-06-24 04:31:02	2025-06-24 04:31:02
3228	Cotton	Lithuania	Manufacturing	carbon dioxide	Gas	0.19000000000000000000	NULL	2025-06-24 04:31:02	2025-06-24 04:31:02
3229	Cotton	Lithuania	Manufacturing	energy	Electricity	3.48600000000000000000	NULL	2025-06-24 04:31:02	2025-06-24 04:31:02
3230	Cotton	Lithuania	Manufacturing	water	Water	5.33600000000000000000	NULL	2025-06-24 04:31:02	2025-06-24 04:31:02
3231	Cotton	Lithuania	Raw Material	carbon dioxide	Gas	1.37100000000000000000	NULL	2025-06-24 04:31:02	2025-06-24 04:31:02
3232	Cotton	Lithuania	Raw Material	energy	Electricity	9.97200000000000000000	NULL	2025-06-24 04:31:02	2025-06-24 04:31:02
3233	Cotton	Lithuania	Raw Material	water	Water	10520.59100000000000000000	NULL	2025-06-24 04:31:02	2025-06-24 04:31:02
3234	Cotton	Lithuania	Sampling	carbon dioxide	Gas	0.09400000000000000000	NULL	2025-06-24 04:31:02	2025-06-24 04:31:02
3235	Cotton	Lithuania	Sampling	energy	Electricity	1.71100000000000000000	NULL	2025-06-24 04:31:02	2025-06-24 04:31:02
3236	Cotton	Lithuania	Sampling	water	Water	0.48600000000000000000	NULL	2025-06-24 04:31:02	2025-06-24 04:31:02
3237	Cotton	Lithuania	Spinning	carbon dioxide	Gas	0.41100000000000000000	NULL	2025-06-24 04:31:02	2025-06-24 04:31:02
3238	Cotton	Lithuania	Spinning	energy	Electricity	6.15000000000000000000	NULL	2025-06-24 04:31:02	2025-06-24 04:31:02
3239	Cotton	Lithuania	Spinning	water	Water	1.76100000000000000000	NULL	2025-06-24 04:31:02	2025-06-24 04:31:02
3240	Cotton	Lithuania	Trims	carbon dioxide	Gas	0.08600000000000000000	NULL	2025-06-24 04:31:02	2025-06-24 04:31:02
3241	Cotton	Lithuania	Trims	energy	Electricity	1.73500000000000000000	NULL	2025-06-24 04:31:02	2025-06-24 04:31:02
3242	Cotton	Lithuania	Trims	water	Water	0.52200000000000000000	NULL	2025-06-24 04:31:02	2025-06-24 04:31:02
3243	Cotton	Lithuania	Weaving	carbon dioxide	Gas	0.66800000000000000000	NULL	2025-06-24 04:31:02	2025-06-24 04:31:02
3244	Cotton	Lithuania	Weaving	energy	Electricity	6.85600000000000000000	NULL	2025-06-24 04:31:02	2025-06-24 04:31:02
3245	Cotton	Lithuania	Weaving	water	Water	4.77900000000000000000	NULL	2025-06-24 04:31:02	2025-06-24 04:31:02
3246	Hemp	Lithuania	Dyeing	carbon dioxide	Gas	1.77600000000000000000	NULL	2025-06-24 04:31:02	2025-06-24 04:31:02
3247	Hemp	Lithuania	Dyeing	energy	Electricity	12.02100000000000000000	NULL	2025-06-24 04:31:02	2025-06-24 04:31:02
3248	Hemp	Lithuania	Dyeing	water	Water	30.24800000000000000000	NULL	2025-06-24 04:31:02	2025-06-24 04:31:02
3249	Hemp	Lithuania	Manufacturing	carbon dioxide	Gas	0.10300000000000000000	NULL	2025-06-24 04:31:02	2025-06-24 04:31:02
3250	Hemp	Lithuania	Manufacturing	energy	Electricity	2.31400000000000000000	NULL	2025-06-24 04:31:02	2025-06-24 04:31:02
3251	Hemp	Lithuania	Manufacturing	water	Water	2.50200000000000000000	NULL	2025-06-24 04:31:02	2025-06-24 04:31:02
3252	Hemp	Lithuania	Raw Material	carbon dioxide	Gas	0.16900000000000000000	NULL	2025-06-24 04:31:02	2025-06-24 04:31:02
3253	Hemp	Lithuania	Raw Material	energy	Electricity	5.31400000000000000000	NULL	2025-06-24 04:31:02	2025-06-24 04:31:02
3254	Hemp	Lithuania	Raw Material	water	Water	529.21600000000000000000	NULL	2025-06-24 04:31:02	2025-06-24 04:31:02
3255	Hemp	Lithuania	Sampling	carbon dioxide	Gas	0.06100000000000000000	NULL	2025-06-24 04:31:02	2025-06-24 04:31:02
3256	Hemp	Lithuania	Sampling	energy	Electricity	0.88500000000000000000	NULL	2025-06-24 04:31:02	2025-06-24 04:31:02
3257	Hemp	Lithuania	Sampling	water	Water	0.25400000000000000000	NULL	2025-06-24 04:31:02	2025-06-24 04:31:02
3258	Hemp	Lithuania	Spinning	carbon dioxide	Gas	0.34100000000000000000	NULL	2025-06-24 04:31:02	2025-06-24 04:31:02
3259	Hemp	Lithuania	Spinning	energy	Electricity	2.67100000000000000000	NULL	2025-06-24 04:31:02	2025-06-24 04:31:02
3260	Hemp	Lithuania	Spinning	water	Water	0.75600000000000000000	NULL	2025-06-24 04:31:02	2025-06-24 04:31:02
3261	Hemp	Lithuania	Trims	carbon dioxide	Gas	0.06000000000000000000	NULL	2025-06-24 04:31:02	2025-06-24 04:31:02
3262	Hemp	Lithuania	Trims	energy	Electricity	0.93600000000000000000	NULL	2025-06-24 04:31:02	2025-06-24 04:31:02
3263	Hemp	Lithuania	Trims	water	Water	0.23000000000000000000	NULL	2025-06-24 04:31:02	2025-06-24 04:31:02
3264	Hemp	Lithuania	Weaving	carbon dioxide	Gas	0.57500000000000000000	NULL	2025-06-24 04:31:02	2025-06-24 04:31:02
3265	Hemp	Lithuania	Weaving	energy	Electricity	4.72500000000000000000	NULL	2025-06-24 04:31:02	2025-06-24 04:31:02
3266	Hemp	Lithuania	Weaving	water	Water	2.28400000000000000000	NULL	2025-06-24 04:31:02	2025-06-24 04:31:02
3267	Nylon	Lithuania	Dyeing	carbon dioxide	Gas	2.73700000000000000000	NULL	2025-06-24 04:31:02	2025-06-24 04:31:02
3268	Nylon	Lithuania	Dyeing	energy	Electricity	20.32700000000000000000	NULL	2025-06-24 04:31:02	2025-06-24 04:31:02
3269	Nylon	Lithuania	Dyeing	water	Water	14.78000000000000000000	NULL	2025-06-24 04:31:02	2025-06-24 04:31:02
3270	Nylon	Lithuania	Manufacturing	carbon dioxide	Gas	0.16700000000000000000	NULL	2025-06-24 04:31:02	2025-06-24 04:31:02
3271	Nylon	Lithuania	Manufacturing	energy	Electricity	3.22700000000000000000	NULL	2025-06-24 04:31:02	2025-06-24 04:31:02
3272	Nylon	Lithuania	Manufacturing	water	Water	1.96600000000000000000	NULL	2025-06-24 04:31:02	2025-06-24 04:31:02
3273	Nylon	Lithuania	Raw Material	carbon dioxide	Gas	4.69500000000000000000	NULL	2025-06-24 04:31:02	2025-06-24 04:31:02
3274	Nylon	Lithuania	Raw Material	energy	Electricity	59.72900000000000000000	NULL	2025-06-24 04:31:02	2025-06-24 04:31:02
3275	Nylon	Lithuania	Raw Material	water	Water	19.49400000000000000000	NULL	2025-06-24 04:31:02	2025-06-24 04:31:02
3276	Nylon	Lithuania	Sampling	carbon dioxide	Gas	0.08100000000000000000	NULL	2025-06-24 04:31:02	2025-06-24 04:31:02
3277	Nylon	Lithuania	Sampling	energy	Electricity	1.05000000000000000000	NULL	2025-06-24 04:31:02	2025-06-24 04:31:02
3278	Nylon	Lithuania	Sampling	water	Water	0.20800000000000000000	NULL	2025-06-24 04:31:02	2025-06-24 04:31:02
3279	Nylon	Lithuania	Spinning	carbon dioxide	Gas	0.79800000000000000000	NULL	2025-06-24 04:31:02	2025-06-24 04:31:02
3280	Nylon	Lithuania	Spinning	energy	Electricity	4.20600000000000000000	NULL	2025-06-24 04:31:02	2025-06-24 04:31:02
3281	Nylon	Lithuania	Spinning	water	Water	0.48700000000000000000	NULL	2025-06-24 04:31:02	2025-06-24 04:31:02
3282	Nylon	Lithuania	Trims	carbon dioxide	Gas	0.07800000000000000000	NULL	2025-06-24 04:31:02	2025-06-24 04:31:02
3283	Nylon	Lithuania	Trims	energy	Electricity	1.03200000000000000000	NULL	2025-06-24 04:31:02	2025-06-24 04:31:02
3284	Nylon	Lithuania	Trims	water	Water	0.20300000000000000000	NULL	2025-06-24 04:31:02	2025-06-24 04:31:02
3285	Nylon	Lithuania	Weaving	carbon dioxide	Gas	1.00100000000000000000	NULL	2025-06-24 04:31:02	2025-06-24 04:31:02
3286	Nylon	Lithuania	Weaving	energy	Electricity	5.94800000000000000000	NULL	2025-06-24 04:31:02	2025-06-24 04:31:02
3287	Nylon	Lithuania	Weaving	water	Water	2.08900000000000000000	NULL	2025-06-24 04:31:02	2025-06-24 04:31:02
3288	Polyester	Lithuania	Dyeing	carbon dioxide	Gas	3.38500000000000000000	NULL	2025-06-24 04:31:02	2025-06-24 04:31:02
3289	Polyester	Lithuania	Dyeing	energy	Electricity	22.35800000000000000000	NULL	2025-06-24 04:31:02	2025-06-24 04:31:02
3290	Polyester	Lithuania	Dyeing	water	Water	10.47500000000000000000	NULL	2025-06-24 04:31:02	2025-06-24 04:31:02
3291	Polyester	Lithuania	Manufacturing	carbon dioxide	Gas	0.14200000000000000000	NULL	2025-06-24 04:31:02	2025-06-24 04:31:02
3292	Polyester	Lithuania	Manufacturing	energy	Electricity	2.90500000000000000000	NULL	2025-06-24 04:31:02	2025-06-24 04:31:02
3293	Polyester	Lithuania	Manufacturing	water	Water	1.87800000000000000000	NULL	2025-06-24 04:31:02	2025-06-24 04:31:02
3294	Polyester	Lithuania	Raw Material	carbon dioxide	Gas	2.87300000000000000000	NULL	2025-06-24 04:31:02	2025-06-24 04:31:02
3295	Polyester	Lithuania	Raw Material	energy	Electricity	73.10800000000000000000	NULL	2025-06-24 04:31:02	2025-06-24 04:31:02
3296	Polyester	Lithuania	Raw Material	water	Water	18.67000000000000000000	NULL	2025-06-24 04:31:02	2025-06-24 04:31:02
3297	Polyester	Lithuania	Sampling	carbon dioxide	Gas	0.07900000000000000000	NULL	2025-06-24 04:31:02	2025-06-24 04:31:02
3298	Polyester	Lithuania	Sampling	energy	Electricity	1.01800000000000000000	NULL	2025-06-24 04:31:02	2025-06-24 04:31:02
3299	Polyester	Lithuania	Sampling	water	Water	0.21800000000000000000	NULL	2025-06-24 04:31:02	2025-06-24 04:31:02
3300	Polyester	Lithuania	Spinning	carbon dioxide	Gas	0.69900000000000000000	NULL	2025-06-24 04:31:02	2025-06-24 04:31:02
3301	Polyester	Lithuania	Spinning	energy	Electricity	3.71400000000000000000	NULL	2025-06-24 04:31:02	2025-06-24 04:31:02
3302	Polyester	Lithuania	Spinning	water	Water	0.51500000000000000000	NULL	2025-06-24 04:31:02	2025-06-24 04:31:02
3303	Polyester	Lithuania	Trims	carbon dioxide	Gas	0.06700000000000000000	NULL	2025-06-24 04:31:02	2025-06-24 04:31:02
3304	Polyester	Lithuania	Trims	energy	Electricity	1.13500000000000000000	NULL	2025-06-24 04:31:02	2025-06-24 04:31:02
3305	Polyester	Lithuania	Trims	water	Water	0.20100000000000000000	NULL	2025-06-24 04:31:02	2025-06-24 04:31:02
3306	Polyester	Lithuania	Weaving	carbon dioxide	Gas	0.97900000000000000000	NULL	2025-06-24 04:31:02	2025-06-24 04:31:02
3307	Polyester	Lithuania	Weaving	energy	Electricity	5.31400000000000000000	NULL	2025-06-24 04:31:02	2025-06-24 04:31:02
3308	Polyester	Lithuania	Weaving	water	Water	2.02000000000000000000	NULL	2025-06-24 04:31:02	2025-06-24 04:31:02
3309	Silk	Lithuania	Dyeing	carbon dioxide	Gas	2.61800000000000000000	NULL	2025-06-24 04:31:02	2025-06-24 04:31:02
3310	Silk	Lithuania	Dyeing	energy	Electricity	17.91700000000000000000	NULL	2025-06-24 04:31:02	2025-06-24 04:31:02
3311	Silk	Lithuania	Dyeing	water	Water	46.82100000000000000000	NULL	2025-06-24 04:31:02	2025-06-24 04:31:02
3312	Silk	Lithuania	Manufacturing	carbon dioxide	Gas	0.21200000000000000000	NULL	2025-06-24 04:31:02	2025-06-24 04:31:02
3313	Silk	Lithuania	Manufacturing	energy	Electricity	4.34000000000000000000	NULL	2025-06-24 04:31:02	2025-06-24 04:31:02
3314	Silk	Lithuania	Manufacturing	water	Water	4.30600000000000000000	NULL	2025-06-24 04:31:02	2025-06-24 04:31:02
3315	Silk	Lithuania	Raw Material	carbon dioxide	Gas	1.53000000000000000000	NULL	2025-06-24 04:31:02	2025-06-24 04:31:02
3316	Silk	Lithuania	Raw Material	energy	Electricity	28.74300000000000000000	NULL	2025-06-24 04:31:02	2025-06-24 04:31:02
3317	Silk	Lithuania	Raw Material	water	Water	10881.84600000000000000000	NULL	2025-06-24 04:31:02	2025-06-24 04:31:02
3318	Silk	Lithuania	Sampling	carbon dioxide	Gas	0.09400000000000000000	NULL	2025-06-24 04:31:02	2025-06-24 04:31:02
3319	Silk	Lithuania	Sampling	energy	Electricity	1.63500000000000000000	NULL	2025-06-24 04:31:02	2025-06-24 04:31:02
3320	Silk	Lithuania	Sampling	water	Water	0.42600000000000000000	NULL	2025-06-24 04:31:02	2025-06-24 04:31:02
3321	Silk	Lithuania	Spinning	carbon dioxide	Gas	0.53300000000000000000	NULL	2025-06-24 04:31:02	2025-06-24 04:31:02
3322	Silk	Lithuania	Spinning	energy	Electricity	7.13400000000000000000	NULL	2025-06-24 04:31:02	2025-06-24 04:31:02
3323	Silk	Lithuania	Spinning	water	Water	1.43700000000000000000	NULL	2025-06-24 04:31:02	2025-06-24 04:31:02
3324	Silk	Lithuania	Trims	carbon dioxide	Gas	0.09800000000000000000	NULL	2025-06-24 04:31:02	2025-06-24 04:31:02
3325	Silk	Lithuania	Trims	energy	Electricity	1.63600000000000000000	NULL	2025-06-24 04:31:02	2025-06-24 04:31:02
3326	Silk	Lithuania	Trims	water	Water	0.43800000000000000000	NULL	2025-06-24 04:31:02	2025-06-24 04:31:02
3327	Silk	Lithuania	Weaving	carbon dioxide	Gas	0.70200000000000000000	NULL	2025-06-24 04:31:02	2025-06-24 04:31:02
3328	Silk	Lithuania	Weaving	energy	Electricity	8.54500000000000000000	NULL	2025-06-24 04:31:02	2025-06-24 04:31:02
3329	Silk	Lithuania	Weaving	water	Water	4.02100000000000000000	NULL	2025-06-24 04:31:02	2025-06-24 04:31:02
3330	Wool	Lithuania	Dyeing	carbon dioxide	Gas	2.61600000000000000000	NULL	2025-06-24 04:31:02	2025-06-24 04:31:02
3331	Wool	Lithuania	Dyeing	energy	Electricity	19.51000000000000000000	NULL	2025-06-24 04:31:02	2025-06-24 04:31:02
3332	Wool	Lithuania	Dyeing	water	Water	36.48100000000000000000	NULL	2025-06-24 04:31:02	2025-06-24 04:31:02
3333	Wool	Lithuania	Manufacturing	carbon dioxide	Gas	0.17200000000000000000	NULL	2025-06-24 04:31:02	2025-06-24 04:31:02
3334	Wool	Lithuania	Manufacturing	energy	Electricity	3.55600000000000000000	NULL	2025-06-24 04:31:02	2025-06-24 04:31:02
3335	Wool	Lithuania	Manufacturing	water	Water	3.20600000000000000000	NULL	2025-06-24 04:31:02	2025-06-24 04:31:02
3336	Wool	Lithuania	Raw Material	carbon dioxide	Gas	6.58300000000000000000	NULL	2025-06-24 04:31:02	2025-06-24 04:31:02
3337	Wool	Lithuania	Raw Material	energy	Electricity	21.35000000000000000000	NULL	2025-06-24 04:31:02	2025-06-24 04:31:02
3338	Wool	Lithuania	Raw Material	water	Water	826.97400000000000000000	NULL	2025-06-24 04:31:02	2025-06-24 04:31:02
3339	Wool	Lithuania	Sampling	carbon dioxide	Gas	0.08400000000000000000	NULL	2025-06-24 04:31:02	2025-06-24 04:31:02
3340	Wool	Lithuania	Sampling	energy	Electricity	1.38700000000000000000	NULL	2025-06-24 04:31:02	2025-06-24 04:31:02
3341	Wool	Lithuania	Sampling	water	Water	0.32400000000000000000	NULL	2025-06-24 04:31:02	2025-06-24 04:31:02
3342	Wool	Lithuania	Spinning	carbon dioxide	Gas	0.59700000000000000000	NULL	2025-06-24 04:31:02	2025-06-24 04:31:02
3343	Wool	Lithuania	Spinning	energy	Electricity	5.73600000000000000000	NULL	2025-06-24 04:31:02	2025-06-24 04:31:02
3344	Wool	Lithuania	Spinning	water	Water	1.03000000000000000000	NULL	2025-06-24 04:31:02	2025-06-24 04:31:02
3345	Wool	Lithuania	Trims	carbon dioxide	Gas	0.07700000000000000000	NULL	2025-06-24 04:31:02	2025-06-24 04:31:02
3346	Wool	Lithuania	Trims	energy	Electricity	1.55900000000000000000	NULL	2025-06-24 04:31:02	2025-06-24 04:31:02
3347	Wool	Lithuania	Trims	water	Water	0.32600000000000000000	NULL	2025-06-24 04:31:02	2025-06-24 04:31:02
3348	Wool	Lithuania	Weaving	carbon dioxide	Gas	0.74800000000000000000	NULL	2025-06-24 04:31:02	2025-06-24 04:31:02
3349	Wool	Lithuania	Weaving	energy	Electricity	6.64700000000000000000	NULL	2025-06-24 04:31:02	2025-06-24 04:31:02
3350	Wool	Lithuania	Weaving	water	Water	3.11700000000000000000	NULL	2025-06-24 04:31:02	2025-06-24 04:31:02
3351	Cotton	Mexico	Dyeing	carbon dioxide	Gas	2.32000000000000000000	NULL	2025-06-24 04:31:02	2025-06-24 04:31:02
3352	Cotton	Mexico	Dyeing	energy	Electricity	17.67400000000000000000	NULL	2025-06-24 04:31:02	2025-06-24 04:31:02
3353	Cotton	Mexico	Dyeing	water	Water	54.13000000000000000000	NULL	2025-06-24 04:31:02	2025-06-24 04:31:02
3354	Cotton	Mexico	Manufacturing	carbon dioxide	Gas	0.19900000000000000000	NULL	2025-06-24 04:31:02	2025-06-24 04:31:02
3355	Cotton	Mexico	Manufacturing	energy	Electricity	3.71300000000000000000	NULL	2025-06-24 04:31:02	2025-06-24 04:31:02
3356	Cotton	Mexico	Manufacturing	water	Water	4.54800000000000000000	NULL	2025-06-24 04:31:02	2025-06-24 04:31:02
3357	Cotton	Mexico	Raw Material	carbon dioxide	Gas	1.76200000000000000000	NULL	2025-06-24 04:31:02	2025-06-24 04:31:02
3358	Cotton	Mexico	Raw Material	energy	Electricity	9.72100000000000000000	NULL	2025-06-24 04:31:02	2025-06-24 04:31:02
3359	Cotton	Mexico	Raw Material	water	Water	10369.90600000000000000000	NULL	2025-06-24 04:31:02	2025-06-24 04:31:02
3360	Cotton	Mexico	Sampling	carbon dioxide	Gas	0.10400000000000000000	NULL	2025-06-24 04:31:02	2025-06-24 04:31:02
3361	Cotton	Mexico	Sampling	energy	Electricity	1.78700000000000000000	NULL	2025-06-24 04:31:02	2025-06-24 04:31:02
3362	Cotton	Mexico	Sampling	water	Water	0.46300000000000000000	NULL	2025-06-24 04:31:02	2025-06-24 04:31:02
3363	Cotton	Mexico	Spinning	carbon dioxide	Gas	0.53300000000000000000	NULL	2025-06-24 04:31:02	2025-06-24 04:31:02
3364	Cotton	Mexico	Spinning	energy	Electricity	6.36500000000000000000	NULL	2025-06-24 04:31:02	2025-06-24 04:31:02
3365	Cotton	Mexico	Spinning	water	Water	1.69300000000000000000	NULL	2025-06-24 04:31:02	2025-06-24 04:31:02
3366	Cotton	Mexico	Trims	carbon dioxide	Gas	0.10800000000000000000	NULL	2025-06-24 04:31:02	2025-06-24 04:31:02
3367	Cotton	Mexico	Trims	energy	Electricity	1.79100000000000000000	NULL	2025-06-24 04:31:02	2025-06-24 04:31:02
3368	Cotton	Mexico	Trims	water	Water	0.52900000000000000000	NULL	2025-06-24 04:31:02	2025-06-24 04:31:02
3369	Cotton	Mexico	Weaving	carbon dioxide	Gas	0.81200000000000000000	NULL	2025-06-24 04:31:02	2025-06-24 04:31:02
3370	Cotton	Mexico	Weaving	energy	Electricity	7.37800000000000000000	NULL	2025-06-24 04:31:02	2025-06-24 04:31:02
3371	Cotton	Mexico	Weaving	water	Water	5.20800000000000000000	NULL	2025-06-24 04:31:02	2025-06-24 04:31:02
3372	Hemp	Mexico	Dyeing	carbon dioxide	Gas	2.13900000000000000000	NULL	2025-06-24 04:31:02	2025-06-24 04:31:02
3373	Hemp	Mexico	Dyeing	energy	Electricity	12.20700000000000000000	NULL	2025-06-24 04:31:02	2025-06-24 04:31:02
3374	Hemp	Mexico	Dyeing	water	Water	29.67800000000000000000	NULL	2025-06-24 04:31:02	2025-06-24 04:31:02
3375	Hemp	Mexico	Manufacturing	carbon dioxide	Gas	0.11500000000000000000	NULL	2025-06-24 04:31:02	2025-06-24 04:31:02
3376	Hemp	Mexico	Manufacturing	energy	Electricity	2.62900000000000000000	NULL	2025-06-24 04:31:02	2025-06-24 04:31:02
3377	Hemp	Mexico	Manufacturing	water	Water	2.30300000000000000000	NULL	2025-06-24 04:31:02	2025-06-24 04:31:02
3378	Hemp	Mexico	Raw Material	carbon dioxide	Gas	0.20100000000000000000	NULL	2025-06-24 04:31:02	2025-06-24 04:31:02
3379	Hemp	Mexico	Raw Material	energy	Electricity	5.49300000000000000000	NULL	2025-06-24 04:31:02	2025-06-24 04:31:02
3380	Hemp	Mexico	Raw Material	water	Water	452.36600000000000000000	NULL	2025-06-24 04:31:02	2025-06-24 04:31:02
3381	Hemp	Mexico	Sampling	carbon dioxide	Gas	0.06800000000000000000	NULL	2025-06-24 04:31:02	2025-06-24 04:31:02
3382	Hemp	Mexico	Sampling	energy	Electricity	0.96500000000000000000	NULL	2025-06-24 04:31:02	2025-06-24 04:31:02
3383	Hemp	Mexico	Sampling	water	Water	0.25000000000000000000	NULL	2025-06-24 04:31:02	2025-06-24 04:31:02
3384	Hemp	Mexico	Spinning	carbon dioxide	Gas	0.37100000000000000000	NULL	2025-06-24 04:31:02	2025-06-24 04:31:02
3385	Hemp	Mexico	Spinning	energy	Electricity	3.16800000000000000000	NULL	2025-06-24 04:31:02	2025-06-24 04:31:02
3386	Hemp	Mexico	Spinning	water	Water	0.86700000000000000000	NULL	2025-06-24 04:31:02	2025-06-24 04:31:02
3387	Hemp	Mexico	Trims	carbon dioxide	Gas	0.06400000000000000000	NULL	2025-06-24 04:31:02	2025-06-24 04:31:02
3388	Hemp	Mexico	Trims	energy	Electricity	0.95400000000000000000	NULL	2025-06-24 04:31:02	2025-06-24 04:31:02
3389	Hemp	Mexico	Trims	water	Water	0.27300000000000000000	NULL	2025-06-24 04:31:02	2025-06-24 04:31:02
3390	Hemp	Mexico	Weaving	carbon dioxide	Gas	0.58400000000000000000	NULL	2025-06-24 04:31:02	2025-06-24 04:31:02
3391	Hemp	Mexico	Weaving	energy	Electricity	4.57400000000000000000	NULL	2025-06-24 04:31:02	2025-06-24 04:31:02
3392	Hemp	Mexico	Weaving	water	Water	2.28000000000000000000	NULL	2025-06-24 04:31:02	2025-06-24 04:31:02
3393	Nylon	Mexico	Dyeing	carbon dioxide	Gas	2.86500000000000000000	NULL	2025-06-24 04:31:02	2025-06-24 04:31:02
3394	Nylon	Mexico	Dyeing	energy	Electricity	19.91700000000000000000	NULL	2025-06-24 04:31:02	2025-06-24 04:31:02
3395	Nylon	Mexico	Dyeing	water	Water	14.96400000000000000000	NULL	2025-06-24 04:31:02	2025-06-24 04:31:02
3396	Nylon	Mexico	Manufacturing	carbon dioxide	Gas	0.17600000000000000000	NULL	2025-06-24 04:31:02	2025-06-24 04:31:02
3397	Nylon	Mexico	Manufacturing	energy	Electricity	3.26600000000000000000	NULL	2025-06-24 04:31:02	2025-06-24 04:31:02
3398	Nylon	Mexico	Manufacturing	water	Water	2.03700000000000000000	NULL	2025-06-24 04:31:02	2025-06-24 04:31:02
3399	Nylon	Mexico	Raw Material	carbon dioxide	Gas	4.82900000000000000000	NULL	2025-06-24 04:31:02	2025-06-24 04:31:02
3400	Nylon	Mexico	Raw Material	energy	Electricity	62.61000000000000000000	NULL	2025-06-24 04:31:02	2025-06-24 04:31:02
3401	Nylon	Mexico	Raw Material	water	Water	19.71300000000000000000	NULL	2025-06-24 04:31:02	2025-06-24 04:31:02
3402	Nylon	Mexico	Sampling	carbon dioxide	Gas	0.09300000000000000000	NULL	2025-06-24 04:31:02	2025-06-24 04:31:02
3403	Nylon	Mexico	Sampling	energy	Electricity	1.12600000000000000000	NULL	2025-06-24 04:31:02	2025-06-24 04:31:02
3404	Nylon	Mexico	Sampling	water	Water	0.20400000000000000000	NULL	2025-06-24 04:31:02	2025-06-24 04:31:02
3405	Nylon	Mexico	Spinning	carbon dioxide	Gas	0.86000000000000000000	NULL	2025-06-24 04:31:02	2025-06-24 04:31:02
3406	Nylon	Mexico	Spinning	energy	Electricity	4.13800000000000000000	NULL	2025-06-24 04:31:02	2025-06-24 04:31:02
3407	Nylon	Mexico	Spinning	water	Water	0.50500000000000000000	NULL	2025-06-24 04:31:02	2025-06-24 04:31:02
3408	Nylon	Mexico	Trims	carbon dioxide	Gas	0.09100000000000000000	NULL	2025-06-24 04:31:02	2025-06-24 04:31:02
3409	Nylon	Mexico	Trims	energy	Electricity	1.12800000000000000000	NULL	2025-06-24 04:31:02	2025-06-24 04:31:02
3410	Nylon	Mexico	Trims	water	Water	0.19800000000000000000	NULL	2025-06-24 04:31:02	2025-06-24 04:31:02
3411	Nylon	Mexico	Weaving	carbon dioxide	Gas	1.05100000000000000000	NULL	2025-06-24 04:31:02	2025-06-24 04:31:02
3412	Nylon	Mexico	Weaving	energy	Electricity	5.49300000000000000000	NULL	2025-06-24 04:31:02	2025-06-24 04:31:02
3413	Nylon	Mexico	Weaving	water	Water	2.03900000000000000000	NULL	2025-06-24 04:31:02	2025-06-24 04:31:02
3414	Polyester	Mexico	Dyeing	carbon dioxide	Gas	3.32300000000000000000	NULL	2025-06-24 04:31:02	2025-06-24 04:31:02
3415	Polyester	Mexico	Dyeing	energy	Electricity	20.44300000000000000000	NULL	2025-06-24 04:31:02	2025-06-24 04:31:02
3416	Polyester	Mexico	Dyeing	water	Water	10.78300000000000000000	NULL	2025-06-24 04:31:02	2025-06-24 04:31:02
3417	Polyester	Mexico	Manufacturing	carbon dioxide	Gas	0.14000000000000000000	NULL	2025-06-24 04:31:02	2025-06-24 04:31:02
3418	Polyester	Mexico	Manufacturing	energy	Electricity	2.82100000000000000000	NULL	2025-06-24 04:31:02	2025-06-24 04:31:02
3419	Polyester	Mexico	Manufacturing	water	Water	1.90900000000000000000	NULL	2025-06-24 04:31:02	2025-06-24 04:31:02
3420	Polyester	Mexico	Raw Material	carbon dioxide	Gas	2.70500000000000000000	NULL	2025-06-24 04:31:02	2025-06-24 04:31:02
3421	Polyester	Mexico	Raw Material	energy	Electricity	74.44000000000000000000	NULL	2025-06-24 04:31:02	2025-06-24 04:31:02
3422	Polyester	Mexico	Raw Material	water	Water	18.65200000000000000000	NULL	2025-06-24 04:31:02	2025-06-24 04:31:02
3423	Polyester	Mexico	Sampling	carbon dioxide	Gas	0.07400000000000000000	NULL	2025-06-24 04:31:02	2025-06-24 04:31:02
3424	Polyester	Mexico	Sampling	energy	Electricity	1.00300000000000000000	NULL	2025-06-24 04:31:02	2025-06-24 04:31:02
3425	Polyester	Mexico	Sampling	water	Water	0.21300000000000000000	NULL	2025-06-24 04:31:02	2025-06-24 04:31:02
3426	Polyester	Mexico	Spinning	carbon dioxide	Gas	0.80300000000000000000	NULL	2025-06-24 04:31:02	2025-06-24 04:31:02
3427	Polyester	Mexico	Spinning	energy	Electricity	3.32000000000000000000	NULL	2025-06-24 04:31:02	2025-06-24 04:31:02
3428	Polyester	Mexico	Spinning	water	Water	0.46800000000000000000	NULL	2025-06-24 04:31:02	2025-06-24 04:31:02
3429	Polyester	Mexico	Trims	carbon dioxide	Gas	0.08200000000000000000	NULL	2025-06-24 04:31:02	2025-06-24 04:31:02
3430	Polyester	Mexico	Trims	energy	Electricity	1.01100000000000000000	NULL	2025-06-24 04:31:02	2025-06-24 04:31:02
3431	Polyester	Mexico	Trims	water	Water	0.18900000000000000000	NULL	2025-06-24 04:31:02	2025-06-24 04:31:02
3432	Polyester	Mexico	Weaving	carbon dioxide	Gas	1.09400000000000000000	NULL	2025-06-24 04:31:02	2025-06-24 04:31:02
3433	Polyester	Mexico	Weaving	energy	Electricity	5.36800000000000000000	NULL	2025-06-24 04:31:02	2025-06-24 04:31:02
3434	Polyester	Mexico	Weaving	water	Water	1.99700000000000000000	NULL	2025-06-24 04:31:02	2025-06-24 04:31:02
3435	Wool	Mexico	Dyeing	carbon dioxide	Gas	2.84200000000000000000	NULL	2025-06-24 04:31:02	2025-06-24 04:31:02
3436	Wool	Mexico	Dyeing	energy	Electricity	19.41900000000000000000	NULL	2025-06-24 04:31:02	2025-06-24 04:31:02
3437	Wool	Mexico	Dyeing	water	Water	42.10600000000000000000	NULL	2025-06-24 04:31:02	2025-06-24 04:31:02
3438	Wool	Mexico	Manufacturing	carbon dioxide	Gas	0.17300000000000000000	NULL	2025-06-24 04:31:02	2025-06-24 04:31:02
3439	Wool	Mexico	Manufacturing	energy	Electricity	3.30700000000000000000	NULL	2025-06-24 04:31:02	2025-06-24 04:31:02
3440	Wool	Mexico	Manufacturing	water	Water	3.27200000000000000000	NULL	2025-06-24 04:31:02	2025-06-24 04:31:02
3441	Wool	Mexico	Raw Material	carbon dioxide	Gas	7.30800000000000000000	NULL	2025-06-24 04:31:02	2025-06-24 04:31:02
3442	Wool	Mexico	Raw Material	energy	Electricity	21.04500000000000000000	NULL	2025-06-24 04:31:02	2025-06-24 04:31:02
3443	Wool	Mexico	Raw Material	water	Water	877.49200000000000000000	NULL	2025-06-24 04:31:02	2025-06-24 04:31:02
3444	Wool	Mexico	Sampling	carbon dioxide	Gas	0.08700000000000000000	NULL	2025-06-24 04:31:02	2025-06-24 04:31:02
3445	Wool	Mexico	Sampling	energy	Electricity	1.48100000000000000000	NULL	2025-06-24 04:31:02	2025-06-24 04:31:02
3446	Wool	Mexico	Sampling	water	Water	0.30100000000000000000	NULL	2025-06-24 04:31:02	2025-06-24 04:31:02
3447	Wool	Mexico	Spinning	carbon dioxide	Gas	0.71500000000000000000	NULL	2025-06-24 04:31:02	2025-06-24 04:31:02
3448	Wool	Mexico	Spinning	energy	Electricity	5.54100000000000000000	NULL	2025-06-24 04:31:02	2025-06-24 04:31:02
3449	Wool	Mexico	Spinning	water	Water	1.06900000000000000000	NULL	2025-06-24 04:31:02	2025-06-24 04:31:02
3450	Wool	Mexico	Trims	carbon dioxide	Gas	0.09400000000000000000	NULL	2025-06-24 04:31:02	2025-06-24 04:31:02
3451	Wool	Mexico	Trims	energy	Electricity	1.30400000000000000000	NULL	2025-06-24 04:31:02	2025-06-24 04:31:02
3452	Wool	Mexico	Trims	water	Water	0.27000000000000000000	NULL	2025-06-24 04:31:02	2025-06-24 04:31:02
3453	Wool	Mexico	Weaving	carbon dioxide	Gas	0.83800000000000000000	NULL	2025-06-24 04:31:02	2025-06-24 04:31:02
3454	Wool	Mexico	Weaving	energy	Electricity	6.56000000000000000000	NULL	2025-06-24 04:31:02	2025-06-24 04:31:02
3455	Wool	Mexico	Weaving	water	Water	2.94300000000000000000	NULL	2025-06-24 04:31:02	2025-06-24 04:31:02
3456	Cotton	Morocco	Dyeing	carbon dioxide	Gas	2.71800000000000000000	NULL	2025-06-24 04:31:02	2025-06-24 04:31:02
3457	Cotton	Morocco	Dyeing	energy	Electricity	15.22600000000000000000	NULL	2025-06-24 04:31:02	2025-06-24 04:31:02
3458	Cotton	Morocco	Dyeing	water	Water	51.72600000000000000000	NULL	2025-06-24 04:31:02	2025-06-24 04:31:02
3459	Cotton	Morocco	Manufacturing	carbon dioxide	Gas	0.19800000000000000000	NULL	2025-06-24 04:31:02	2025-06-24 04:31:02
3460	Cotton	Morocco	Manufacturing	energy	Electricity	3.84300000000000000000	NULL	2025-06-24 04:31:02	2025-06-24 04:31:02
3461	Cotton	Morocco	Manufacturing	water	Water	4.59900000000000000000	NULL	2025-06-24 04:31:02	2025-06-24 04:31:02
3462	Cotton	Morocco	Raw Material	carbon dioxide	Gas	1.59400000000000000000	NULL	2025-06-24 04:31:02	2025-06-24 04:31:02
3463	Cotton	Morocco	Raw Material	energy	Electricity	9.92300000000000000000	NULL	2025-06-24 04:31:02	2025-06-24 04:31:02
3464	Cotton	Morocco	Raw Material	water	Water	10434.32700000000000000000	NULL	2025-06-24 04:31:02	2025-06-24 04:31:02
3465	Cotton	Morocco	Sampling	carbon dioxide	Gas	0.10800000000000000000	NULL	2025-06-24 04:31:02	2025-06-24 04:31:02
3466	Cotton	Morocco	Sampling	energy	Electricity	1.94300000000000000000	NULL	2025-06-24 04:31:02	2025-06-24 04:31:02
3467	Cotton	Morocco	Sampling	water	Water	0.46000000000000000000	NULL	2025-06-24 04:31:02	2025-06-24 04:31:02
3468	Cotton	Morocco	Spinning	carbon dioxide	Gas	0.51600000000000000000	NULL	2025-06-24 04:31:02	2025-06-24 04:31:02
3469	Cotton	Morocco	Spinning	energy	Electricity	6.42000000000000000000	NULL	2025-06-24 04:31:02	2025-06-24 04:31:02
3470	Cotton	Morocco	Spinning	water	Water	1.54200000000000000000	NULL	2025-06-24 04:31:02	2025-06-24 04:31:02
3471	Cotton	Morocco	Trims	carbon dioxide	Gas	0.09500000000000000000	NULL	2025-06-24 04:31:02	2025-06-24 04:31:02
3472	Cotton	Morocco	Trims	energy	Electricity	1.94900000000000000000	NULL	2025-06-24 04:31:02	2025-06-24 04:31:02
3473	Cotton	Morocco	Trims	water	Water	0.51800000000000000000	NULL	2025-06-24 04:31:02	2025-06-24 04:31:02
3474	Cotton	Morocco	Weaving	carbon dioxide	Gas	0.78700000000000000000	NULL	2025-06-24 04:31:02	2025-06-24 04:31:02
3475	Cotton	Morocco	Weaving	energy	Electricity	6.60700000000000000000	NULL	2025-06-24 04:31:02	2025-06-24 04:31:02
3476	Cotton	Morocco	Weaving	water	Water	4.88500000000000000000	NULL	2025-06-24 04:31:02	2025-06-24 04:31:02
3477	Hemp	Morocco	Dyeing	carbon dioxide	Gas	2.15400000000000000000	NULL	2025-06-24 04:31:02	2025-06-24 04:31:02
3478	Hemp	Morocco	Dyeing	energy	Electricity	12.34700000000000000000	NULL	2025-06-24 04:31:02	2025-06-24 04:31:02
3479	Hemp	Morocco	Dyeing	water	Water	29.82500000000000000000	NULL	2025-06-24 04:31:02	2025-06-24 04:31:02
3480	Hemp	Morocco	Manufacturing	carbon dioxide	Gas	0.11000000000000000000	NULL	2025-06-24 04:31:02	2025-06-24 04:31:02
3481	Hemp	Morocco	Manufacturing	energy	Electricity	2.40400000000000000000	NULL	2025-06-24 04:31:02	2025-06-24 04:31:02
3482	Hemp	Morocco	Manufacturing	water	Water	2.56400000000000000000	NULL	2025-06-24 04:31:02	2025-06-24 04:31:02
3483	Hemp	Morocco	Raw Material	carbon dioxide	Gas	0.20100000000000000000	NULL	2025-06-24 04:31:02	2025-06-24 04:31:02
3484	Hemp	Morocco	Raw Material	energy	Electricity	5.40300000000000000000	NULL	2025-06-24 04:31:02	2025-06-24 04:31:02
3485	Hemp	Morocco	Raw Material	water	Water	478.48900000000000000000	NULL	2025-06-24 04:31:02	2025-06-24 04:31:02
3486	Hemp	Morocco	Sampling	carbon dioxide	Gas	0.06700000000000000000	NULL	2025-06-24 04:31:02	2025-06-24 04:31:02
3487	Hemp	Morocco	Sampling	energy	Electricity	0.83900000000000000000	NULL	2025-06-24 04:31:02	2025-06-24 04:31:02
3488	Hemp	Morocco	Sampling	water	Water	0.27100000000000000000	NULL	2025-06-24 04:31:02	2025-06-24 04:31:02
3489	Hemp	Morocco	Spinning	carbon dioxide	Gas	0.39000000000000000000	NULL	2025-06-24 04:31:02	2025-06-24 04:31:02
3490	Hemp	Morocco	Spinning	energy	Electricity	3.11100000000000000000	NULL	2025-06-24 04:31:02	2025-06-24 04:31:02
3491	Hemp	Morocco	Spinning	water	Water	0.79600000000000000000	NULL	2025-06-24 04:31:02	2025-06-24 04:31:02
3492	Hemp	Morocco	Trims	carbon dioxide	Gas	0.07300000000000000000	NULL	2025-06-24 04:31:02	2025-06-24 04:31:02
3493	Hemp	Morocco	Trims	energy	Electricity	0.88900000000000000000	NULL	2025-06-24 04:31:02	2025-06-24 04:31:02
3494	Hemp	Morocco	Trims	water	Water	0.23500000000000000000	NULL	2025-06-24 04:31:02	2025-06-24 04:31:02
3495	Hemp	Morocco	Weaving	carbon dioxide	Gas	0.58100000000000000000	NULL	2025-06-24 04:31:02	2025-06-24 04:31:02
3496	Hemp	Morocco	Weaving	energy	Electricity	4.63900000000000000000	NULL	2025-06-24 04:31:02	2025-06-24 04:31:02
3497	Hemp	Morocco	Weaving	water	Water	2.65600000000000000000	NULL	2025-06-24 04:31:02	2025-06-24 04:31:02
3498	Nylon	Morocco	Dyeing	carbon dioxide	Gas	2.89900000000000000000	NULL	2025-06-24 04:31:02	2025-06-24 04:31:02
3499	Nylon	Morocco	Dyeing	energy	Electricity	20.37200000000000000000	NULL	2025-06-24 04:31:02	2025-06-24 04:31:02
3500	Nylon	Morocco	Dyeing	water	Water	14.68200000000000000000	NULL	2025-06-24 04:31:02	2025-06-24 04:31:02
3501	Nylon	Morocco	Manufacturing	carbon dioxide	Gas	0.18700000000000000000	NULL	2025-06-24 04:31:02	2025-06-24 04:31:02
3502	Nylon	Morocco	Manufacturing	energy	Electricity	3.33500000000000000000	NULL	2025-06-24 04:31:02	2025-06-24 04:31:02
3503	Nylon	Morocco	Manufacturing	water	Water	1.98800000000000000000	NULL	2025-06-24 04:31:02	2025-06-24 04:31:02
3504	Nylon	Morocco	Raw Material	carbon dioxide	Gas	4.98600000000000000000	NULL	2025-06-24 04:31:02	2025-06-24 04:31:02
3505	Nylon	Morocco	Raw Material	energy	Electricity	62.58600000000000000000	NULL	2025-06-24 04:31:02	2025-06-24 04:31:02
3506	Nylon	Morocco	Raw Material	water	Water	20.32200000000000000000	NULL	2025-06-24 04:31:02	2025-06-24 04:31:02
3507	Nylon	Morocco	Sampling	carbon dioxide	Gas	0.09300000000000000000	NULL	2025-06-24 04:31:02	2025-06-24 04:31:02
3508	Nylon	Morocco	Sampling	energy	Electricity	1.10000000000000000000	NULL	2025-06-24 04:31:02	2025-06-24 04:31:02
3509	Nylon	Morocco	Sampling	water	Water	0.19800000000000000000	NULL	2025-06-24 04:31:02	2025-06-24 04:31:02
3510	Nylon	Morocco	Spinning	carbon dioxide	Gas	0.93300000000000000000	NULL	2025-06-24 04:31:02	2025-06-24 04:31:02
3511	Nylon	Morocco	Spinning	energy	Electricity	4.32300000000000000000	NULL	2025-06-24 04:31:02	2025-06-24 04:31:02
3512	Nylon	Morocco	Spinning	water	Water	0.49800000000000000000	NULL	2025-06-24 04:31:02	2025-06-24 04:31:02
3513	Nylon	Morocco	Trims	carbon dioxide	Gas	0.08600000000000000000	NULL	2025-06-24 04:31:02	2025-06-24 04:31:02
3514	Nylon	Morocco	Trims	energy	Electricity	1.12900000000000000000	NULL	2025-06-24 04:31:02	2025-06-24 04:31:02
3515	Nylon	Morocco	Trims	water	Water	0.20000000000000000000	NULL	2025-06-24 04:31:02	2025-06-24 04:31:02
3516	Nylon	Morocco	Weaving	carbon dioxide	Gas	1.09600000000000000000	NULL	2025-06-24 04:31:02	2025-06-24 04:31:02
3517	Nylon	Morocco	Weaving	energy	Electricity	5.59500000000000000000	NULL	2025-06-24 04:31:02	2025-06-24 04:31:02
3518	Nylon	Morocco	Weaving	water	Water	1.90900000000000000000	NULL	2025-06-24 04:31:02	2025-06-24 04:31:02
3519	Polyester	Morocco	Dyeing	carbon dioxide	Gas	3.36700000000000000000	NULL	2025-06-24 04:31:02	2025-06-24 04:31:02
3520	Polyester	Morocco	Dyeing	energy	Electricity	22.18900000000000000000	NULL	2025-06-24 04:31:02	2025-06-24 04:31:02
3521	Polyester	Morocco	Dyeing	water	Water	9.06500000000000000000	NULL	2025-06-24 04:31:02	2025-06-24 04:31:02
3522	Polyester	Morocco	Manufacturing	carbon dioxide	Gas	0.13500000000000000000	NULL	2025-06-24 04:31:02	2025-06-24 04:31:02
3523	Polyester	Morocco	Manufacturing	energy	Electricity	2.89000000000000000000	NULL	2025-06-24 04:31:02	2025-06-24 04:31:02
3524	Polyester	Morocco	Manufacturing	water	Water	2.12900000000000000000	NULL	2025-06-24 04:31:02	2025-06-24 04:31:02
3525	Polyester	Morocco	Raw Material	carbon dioxide	Gas	3.19300000000000000000	NULL	2025-06-24 04:31:02	2025-06-24 04:31:02
3526	Polyester	Morocco	Raw Material	energy	Electricity	67.93200000000000000000	NULL	2025-06-24 04:31:02	2025-06-24 04:31:02
3527	Polyester	Morocco	Raw Material	water	Water	19.25200000000000000000	NULL	2025-06-24 04:31:02	2025-06-24 04:31:02
3528	Polyester	Morocco	Sampling	carbon dioxide	Gas	0.08400000000000000000	NULL	2025-06-24 04:31:02	2025-06-24 04:31:02
3529	Polyester	Morocco	Sampling	energy	Electricity	1.14100000000000000000	NULL	2025-06-24 04:31:02	2025-06-24 04:31:02
3530	Polyester	Morocco	Sampling	water	Water	0.21500000000000000000	NULL	2025-06-24 04:31:02	2025-06-24 04:31:02
3531	Polyester	Morocco	Spinning	carbon dioxide	Gas	0.78800000000000000000	NULL	2025-06-24 04:31:02	2025-06-24 04:31:02
3532	Polyester	Morocco	Spinning	energy	Electricity	3.72100000000000000000	NULL	2025-06-24 04:31:02	2025-06-24 04:31:02
3533	Polyester	Morocco	Spinning	water	Water	0.49000000000000000000	NULL	2025-06-24 04:31:02	2025-06-24 04:31:02
3534	Polyester	Morocco	Trims	carbon dioxide	Gas	0.07400000000000000000	NULL	2025-06-24 04:31:02	2025-06-24 04:31:02
3535	Polyester	Morocco	Trims	energy	Electricity	1.11100000000000000000	NULL	2025-06-24 04:31:02	2025-06-24 04:31:02
3536	Polyester	Morocco	Trims	water	Water	0.21200000000000000000	NULL	2025-06-24 04:31:02	2025-06-24 04:31:02
3537	Polyester	Morocco	Weaving	carbon dioxide	Gas	0.92300000000000000000	NULL	2025-06-24 04:31:02	2025-06-24 04:31:02
3538	Polyester	Morocco	Weaving	energy	Electricity	5.44800000000000000000	NULL	2025-06-24 04:31:02	2025-06-24 04:31:02
3539	Polyester	Morocco	Weaving	water	Water	1.85500000000000000000	NULL	2025-06-24 04:31:02	2025-06-24 04:31:02
3540	Silk	Morocco	Dyeing	carbon dioxide	Gas	2.57200000000000000000	NULL	2025-06-24 04:31:02	2025-06-24 04:31:02
3541	Silk	Morocco	Dyeing	energy	Electricity	21.66300000000000000000	NULL	2025-06-24 04:31:02	2025-06-24 04:31:02
3542	Silk	Morocco	Dyeing	water	Water	41.51900000000000000000	NULL	2025-06-24 04:31:02	2025-06-24 04:31:02
3543	Silk	Morocco	Manufacturing	carbon dioxide	Gas	0.20100000000000000000	NULL	2025-06-24 04:31:02	2025-06-24 04:31:02
3544	Silk	Morocco	Manufacturing	energy	Electricity	4.02600000000000000000	NULL	2025-06-24 04:31:02	2025-06-24 04:31:02
3545	Silk	Morocco	Manufacturing	water	Water	3.83500000000000000000	NULL	2025-06-24 04:31:02	2025-06-24 04:31:02
3546	Silk	Morocco	Raw Material	carbon dioxide	Gas	2.03500000000000000000	NULL	2025-06-24 04:31:02	2025-06-24 04:31:02
3547	Silk	Morocco	Raw Material	energy	Electricity	30.56600000000000000000	NULL	2025-06-24 04:31:02	2025-06-24 04:31:02
3548	Silk	Morocco	Raw Material	water	Water	9873.58200000000000000000	NULL	2025-06-24 04:31:02	2025-06-24 04:31:02
3549	Silk	Morocco	Sampling	carbon dioxide	Gas	0.09700000000000000000	NULL	2025-06-24 04:31:02	2025-06-24 04:31:02
3550	Silk	Morocco	Sampling	energy	Electricity	1.74800000000000000000	NULL	2025-06-24 04:31:02	2025-06-24 04:31:02
3551	Silk	Morocco	Sampling	water	Water	0.39800000000000000000	NULL	2025-06-24 04:31:02	2025-06-24 04:31:02
3552	Silk	Morocco	Spinning	carbon dioxide	Gas	0.59700000000000000000	NULL	2025-06-24 04:31:02	2025-06-24 04:31:02
3553	Silk	Morocco	Spinning	energy	Electricity	7.82100000000000000000	NULL	2025-06-24 04:31:02	2025-06-24 04:31:02
3554	Silk	Morocco	Spinning	water	Water	1.49500000000000000000	NULL	2025-06-24 04:31:02	2025-06-24 04:31:02
3555	Silk	Morocco	Trims	carbon dioxide	Gas	0.09200000000000000000	NULL	2025-06-24 04:31:02	2025-06-24 04:31:02
3556	Silk	Morocco	Trims	energy	Electricity	1.46100000000000000000	NULL	2025-06-24 04:31:02	2025-06-24 04:31:02
3557	Silk	Morocco	Trims	water	Water	0.39400000000000000000	NULL	2025-06-24 04:31:02	2025-06-24 04:31:02
3558	Silk	Morocco	Weaving	carbon dioxide	Gas	0.84900000000000000000	NULL	2025-06-24 04:31:02	2025-06-24 04:31:02
3559	Silk	Morocco	Weaving	energy	Electricity	7.96100000000000000000	NULL	2025-06-24 04:31:02	2025-06-24 04:31:02
3560	Silk	Morocco	Weaving	water	Water	3.92100000000000000000	NULL	2025-06-24 04:31:02	2025-06-24 04:31:02
3561	Cotton	Myanmar	Dyeing	carbon dioxide	Gas	2.76200000000000000000	NULL	2025-06-24 04:31:02	2025-06-24 04:31:02
3562	Cotton	Myanmar	Dyeing	energy	Electricity	16.49500000000000000000	NULL	2025-06-24 04:31:02	2025-06-24 04:31:02
3563	Cotton	Myanmar	Dyeing	water	Water	48.84800000000000000000	NULL	2025-06-24 04:31:02	2025-06-24 04:31:02
3564	Cotton	Myanmar	Manufacturing	carbon dioxide	Gas	0.23700000000000000000	NULL	2025-06-24 04:31:02	2025-06-24 04:31:02
3565	Cotton	Myanmar	Manufacturing	energy	Electricity	3.79600000000000000000	NULL	2025-06-24 04:31:02	2025-06-24 04:31:02
3566	Cotton	Myanmar	Manufacturing	water	Water	4.91500000000000000000	NULL	2025-06-24 04:31:02	2025-06-24 04:31:02
3567	Cotton	Myanmar	Raw Material	carbon dioxide	Gas	2.08300000000000000000	NULL	2025-06-24 04:31:02	2025-06-24 04:31:02
3568	Cotton	Myanmar	Raw Material	energy	Electricity	9.98700000000000000000	NULL	2025-06-24 04:31:02	2025-06-24 04:31:02
3569	Cotton	Myanmar	Raw Material	water	Water	9769.03500000000000000000	NULL	2025-06-24 04:31:02	2025-06-24 04:31:02
3570	Cotton	Myanmar	Sampling	carbon dioxide	Gas	0.12800000000000000000	NULL	2025-06-24 04:31:02	2025-06-24 04:31:02
3571	Cotton	Myanmar	Sampling	energy	Electricity	1.86400000000000000000	NULL	2025-06-24 04:31:02	2025-06-24 04:31:02
3572	Cotton	Myanmar	Sampling	water	Water	0.48600000000000000000	NULL	2025-06-24 04:31:02	2025-06-24 04:31:02
3573	Cotton	Myanmar	Spinning	carbon dioxide	Gas	0.62400000000000000000	NULL	2025-06-24 04:31:02	2025-06-24 04:31:02
3574	Cotton	Myanmar	Spinning	energy	Electricity	6.29900000000000000000	NULL	2025-06-24 04:31:02	2025-06-24 04:31:02
3575	Cotton	Myanmar	Spinning	water	Water	1.70000000000000000000	NULL	2025-06-24 04:31:02	2025-06-24 04:31:02
3576	Cotton	Myanmar	Trims	carbon dioxide	Gas	0.12200000000000000000	NULL	2025-06-24 04:31:02	2025-06-24 04:31:02
3577	Cotton	Myanmar	Trims	energy	Electricity	1.88900000000000000000	NULL	2025-06-24 04:31:02	2025-06-24 04:31:02
3578	Cotton	Myanmar	Trims	water	Water	0.51300000000000000000	NULL	2025-06-24 04:31:02	2025-06-24 04:31:02
3579	Cotton	Myanmar	Weaving	carbon dioxide	Gas	0.98700000000000000000	NULL	2025-06-24 04:31:02	2025-06-24 04:31:02
3580	Cotton	Myanmar	Weaving	energy	Electricity	7.19400000000000000000	NULL	2025-06-24 04:31:02	2025-06-24 04:31:02
3581	Cotton	Myanmar	Weaving	water	Water	5.38500000000000000000	NULL	2025-06-24 04:31:02	2025-06-24 04:31:02
3582	Hemp	Myanmar	Dyeing	carbon dioxide	Gas	2.44100000000000000000	NULL	2025-06-24 04:31:02	2025-06-24 04:31:02
3583	Hemp	Myanmar	Dyeing	energy	Electricity	12.81200000000000000000	NULL	2025-06-24 04:31:02	2025-06-24 04:31:02
3584	Hemp	Myanmar	Dyeing	water	Water	28.59500000000000000000	NULL	2025-06-24 04:31:02	2025-06-24 04:31:02
3585	Hemp	Myanmar	Manufacturing	carbon dioxide	Gas	0.13900000000000000000	NULL	2025-06-24 04:31:02	2025-06-24 04:31:02
3586	Hemp	Myanmar	Manufacturing	energy	Electricity	2.62400000000000000000	NULL	2025-06-24 04:31:02	2025-06-24 04:31:02
3587	Hemp	Myanmar	Manufacturing	water	Water	2.70700000000000000000	NULL	2025-06-24 04:31:02	2025-06-24 04:31:02
3588	Hemp	Myanmar	Raw Material	carbon dioxide	Gas	0.22000000000000000000	NULL	2025-06-24 04:31:02	2025-06-24 04:31:02
3589	Hemp	Myanmar	Raw Material	energy	Electricity	4.66400000000000000000	NULL	2025-06-24 04:31:02	2025-06-24 04:31:02
3590	Hemp	Myanmar	Raw Material	water	Water	541.69700000000000000000	NULL	2025-06-24 04:31:02	2025-06-24 04:31:02
3591	Hemp	Myanmar	Sampling	carbon dioxide	Gas	0.08600000000000000000	NULL	2025-06-24 04:31:02	2025-06-24 04:31:02
3592	Hemp	Myanmar	Sampling	energy	Electricity	0.93300000000000000000	NULL	2025-06-24 04:31:02	2025-06-24 04:31:02
3593	Hemp	Myanmar	Sampling	water	Water	0.23700000000000000000	NULL	2025-06-24 04:31:02	2025-06-24 04:31:02
3594	Hemp	Myanmar	Spinning	carbon dioxide	Gas	0.43900000000000000000	NULL	2025-06-24 04:31:02	2025-06-24 04:31:02
3595	Hemp	Myanmar	Spinning	energy	Electricity	2.86100000000000000000	NULL	2025-06-24 04:31:02	2025-06-24 04:31:02
3596	Hemp	Myanmar	Spinning	water	Water	0.85500000000000000000	NULL	2025-06-24 04:31:02	2025-06-24 04:31:02
3597	Hemp	Myanmar	Trims	carbon dioxide	Gas	0.09100000000000000000	NULL	2025-06-24 04:31:02	2025-06-24 04:31:02
3598	Hemp	Myanmar	Trims	energy	Electricity	0.92800000000000000000	NULL	2025-06-24 04:31:02	2025-06-24 04:31:02
3599	Hemp	Myanmar	Trims	water	Water	0.24900000000000000000	NULL	2025-06-24 04:31:02	2025-06-24 04:31:02
3600	Hemp	Myanmar	Weaving	carbon dioxide	Gas	0.72300000000000000000	NULL	2025-06-24 04:31:02	2025-06-24 04:31:02
3601	Hemp	Myanmar	Weaving	energy	Electricity	4.67900000000000000000	NULL	2025-06-24 04:31:02	2025-06-24 04:31:02
3602	Hemp	Myanmar	Weaving	water	Water	2.49700000000000000000	NULL	2025-06-24 04:31:02	2025-06-24 04:31:02
3603	Nylon	Myanmar	Dyeing	carbon dioxide	Gas	3.55900000000000000000	NULL	2025-06-24 04:31:02	2025-06-24 04:31:02
3604	Nylon	Myanmar	Dyeing	energy	Electricity	20.70500000000000000000	NULL	2025-06-24 04:31:02	2025-06-24 04:31:02
3605	Nylon	Myanmar	Dyeing	water	Water	15.02400000000000000000	NULL	2025-06-24 04:31:02	2025-06-24 04:31:02
3606	Nylon	Myanmar	Manufacturing	carbon dioxide	Gas	0.22100000000000000000	NULL	2025-06-24 04:31:02	2025-06-24 04:31:02
3607	Nylon	Myanmar	Manufacturing	energy	Electricity	3.17100000000000000000	NULL	2025-06-24 04:31:02	2025-06-24 04:31:02
3608	Nylon	Myanmar	Manufacturing	water	Water	1.91400000000000000000	NULL	2025-06-24 04:31:02	2025-06-24 04:31:02
3609	Nylon	Myanmar	Raw Material	carbon dioxide	Gas	6.27400000000000000000	NULL	2025-06-24 04:31:02	2025-06-24 04:31:02
3610	Nylon	Myanmar	Raw Material	energy	Electricity	57.31600000000000000000	NULL	2025-06-24 04:31:02	2025-06-24 04:31:02
3611	Nylon	Myanmar	Raw Material	water	Water	19.85400000000000000000	NULL	2025-06-24 04:31:02	2025-06-24 04:31:02
3612	Nylon	Myanmar	Sampling	carbon dioxide	Gas	0.10700000000000000000	NULL	2025-06-24 04:31:02	2025-06-24 04:31:02
3613	Nylon	Myanmar	Sampling	energy	Electricity	1.08600000000000000000	NULL	2025-06-24 04:31:02	2025-06-24 04:31:02
3614	Nylon	Myanmar	Sampling	water	Water	0.19000000000000000000	NULL	2025-06-24 04:31:02	2025-06-24 04:31:02
3615	Nylon	Myanmar	Spinning	carbon dioxide	Gas	1.05100000000000000000	NULL	2025-06-24 04:31:02	2025-06-24 04:31:02
3616	Nylon	Myanmar	Spinning	energy	Electricity	4.50500000000000000000	NULL	2025-06-24 04:31:02	2025-06-24 04:31:02
3617	Nylon	Myanmar	Spinning	water	Water	0.51100000000000000000	NULL	2025-06-24 04:31:02	2025-06-24 04:31:02
3618	Nylon	Myanmar	Trims	carbon dioxide	Gas	0.10800000000000000000	NULL	2025-06-24 04:31:02	2025-06-24 04:31:02
3619	Nylon	Myanmar	Trims	energy	Electricity	1.13300000000000000000	NULL	2025-06-24 04:31:02	2025-06-24 04:31:02
3620	Nylon	Myanmar	Trims	water	Water	0.20200000000000000000	NULL	2025-06-24 04:31:02	2025-06-24 04:31:02
3621	Nylon	Myanmar	Weaving	carbon dioxide	Gas	1.34800000000000000000	NULL	2025-06-24 04:31:02	2025-06-24 04:31:02
3622	Nylon	Myanmar	Weaving	energy	Electricity	5.49900000000000000000	NULL	2025-06-24 04:31:02	2025-06-24 04:31:02
3623	Nylon	Myanmar	Weaving	water	Water	2.00200000000000000000	NULL	2025-06-24 04:31:02	2025-06-24 04:31:02
3624	Polyester	Myanmar	Dyeing	carbon dioxide	Gas	4.32300000000000000000	NULL	2025-06-24 04:31:02	2025-06-24 04:31:02
3625	Polyester	Myanmar	Dyeing	energy	Electricity	20.11300000000000000000	NULL	2025-06-24 04:31:02	2025-06-24 04:31:02
3626	Polyester	Myanmar	Dyeing	water	Water	10.14900000000000000000	NULL	2025-06-24 04:31:02	2025-06-24 04:31:02
3627	Polyester	Myanmar	Manufacturing	carbon dioxide	Gas	0.18600000000000000000	NULL	2025-06-24 04:31:02	2025-06-24 04:31:02
3628	Polyester	Myanmar	Manufacturing	energy	Electricity	2.92200000000000000000	NULL	2025-06-24 04:31:02	2025-06-24 04:31:02
3629	Polyester	Myanmar	Manufacturing	water	Water	2.05900000000000000000	NULL	2025-06-24 04:31:02	2025-06-24 04:31:02
3630	Polyester	Myanmar	Raw Material	carbon dioxide	Gas	3.25900000000000000000	NULL	2025-06-24 04:31:02	2025-06-24 04:31:02
3631	Polyester	Myanmar	Raw Material	energy	Electricity	76.27600000000000000000	NULL	2025-06-24 04:31:02	2025-06-24 04:31:02
3632	Polyester	Myanmar	Raw Material	water	Water	18.76000000000000000000	NULL	2025-06-24 04:31:02	2025-06-24 04:31:02
3633	Polyester	Myanmar	Sampling	carbon dioxide	Gas	0.08900000000000000000	NULL	2025-06-24 04:31:02	2025-06-24 04:31:02
3634	Polyester	Myanmar	Sampling	energy	Electricity	1.04600000000000000000	NULL	2025-06-24 04:31:02	2025-06-24 04:31:02
3635	Polyester	Myanmar	Sampling	water	Water	0.20800000000000000000	NULL	2025-06-24 04:31:02	2025-06-24 04:31:02
3636	Polyester	Myanmar	Spinning	carbon dioxide	Gas	1.05300000000000000000	NULL	2025-06-24 04:31:02	2025-06-24 04:31:02
3637	Polyester	Myanmar	Spinning	energy	Electricity	3.75000000000000000000	NULL	2025-06-24 04:31:02	2025-06-24 04:31:02
3638	Polyester	Myanmar	Spinning	water	Water	0.50000000000000000000	NULL	2025-06-24 04:31:02	2025-06-24 04:31:02
3639	Polyester	Myanmar	Trims	carbon dioxide	Gas	0.08700000000000000000	NULL	2025-06-24 04:31:02	2025-06-24 04:31:02
3640	Polyester	Myanmar	Trims	energy	Electricity	1.08600000000000000000	NULL	2025-06-24 04:31:02	2025-06-24 04:31:02
3641	Polyester	Myanmar	Trims	water	Water	0.21400000000000000000	NULL	2025-06-24 04:31:02	2025-06-24 04:31:02
3642	Polyester	Myanmar	Weaving	carbon dioxide	Gas	1.15600000000000000000	NULL	2025-06-24 04:31:02	2025-06-24 04:31:02
3643	Polyester	Myanmar	Weaving	energy	Electricity	5.18200000000000000000	NULL	2025-06-24 04:31:02	2025-06-24 04:31:02
3644	Polyester	Myanmar	Weaving	water	Water	2.05600000000000000000	NULL	2025-06-24 04:31:02	2025-06-24 04:31:02
3645	Silk	Myanmar	Dyeing	carbon dioxide	Gas	3.23400000000000000000	NULL	2025-06-24 04:31:02	2025-06-24 04:31:02
3646	Silk	Myanmar	Dyeing	energy	Electricity	20.43000000000000000000	NULL	2025-06-24 04:31:02	2025-06-24 04:31:02
3647	Silk	Myanmar	Dyeing	water	Water	42.22600000000000000000	NULL	2025-06-24 04:31:02	2025-06-24 04:31:02
3648	Silk	Myanmar	Manufacturing	carbon dioxide	Gas	0.26400000000000000000	NULL	2025-06-24 04:31:02	2025-06-24 04:31:02
3649	Silk	Myanmar	Manufacturing	energy	Electricity	4.23800000000000000000	NULL	2025-06-24 04:31:02	2025-06-24 04:31:02
3650	Silk	Myanmar	Manufacturing	water	Water	3.73700000000000000000	NULL	2025-06-24 04:31:02	2025-06-24 04:31:02
3651	Silk	Myanmar	Raw Material	carbon dioxide	Gas	2.12100000000000000000	NULL	2025-06-24 04:31:02	2025-06-24 04:31:02
3652	Silk	Myanmar	Raw Material	energy	Electricity	30.77500000000000000000	NULL	2025-06-24 04:31:02	2025-06-24 04:31:02
3653	Silk	Myanmar	Raw Material	water	Water	9046.55700000000000000000	NULL	2025-06-24 04:31:02	2025-06-24 04:31:02
3654	Silk	Myanmar	Sampling	carbon dioxide	Gas	0.11800000000000000000	NULL	2025-06-24 04:31:02	2025-06-24 04:31:02
3655	Silk	Myanmar	Sampling	energy	Electricity	1.60700000000000000000	NULL	2025-06-24 04:31:02	2025-06-24 04:31:02
3656	Silk	Myanmar	Sampling	water	Water	0.42800000000000000000	NULL	2025-06-24 04:31:02	2025-06-24 04:31:02
3657	Silk	Myanmar	Spinning	carbon dioxide	Gas	0.75200000000000000000	NULL	2025-06-24 04:31:02	2025-06-24 04:31:02
3658	Silk	Myanmar	Spinning	energy	Electricity	6.64600000000000000000	NULL	2025-06-24 04:31:02	2025-06-24 04:31:02
3659	Silk	Myanmar	Spinning	water	Water	1.45400000000000000000	NULL	2025-06-24 04:31:02	2025-06-24 04:31:02
3660	Silk	Myanmar	Trims	carbon dioxide	Gas	0.12000000000000000000	NULL	2025-06-24 04:31:02	2025-06-24 04:31:02
3661	Silk	Myanmar	Trims	energy	Electricity	1.77500000000000000000	NULL	2025-06-24 04:31:02	2025-06-24 04:31:02
3662	Silk	Myanmar	Trims	water	Water	0.36600000000000000000	NULL	2025-06-24 04:31:02	2025-06-24 04:31:02
3663	Silk	Myanmar	Weaving	carbon dioxide	Gas	1.09400000000000000000	NULL	2025-06-24 04:31:02	2025-06-24 04:31:02
3664	Silk	Myanmar	Weaving	energy	Electricity	8.33600000000000000000	NULL	2025-06-24 04:31:02	2025-06-24 04:31:02
3665	Silk	Myanmar	Weaving	water	Water	3.79000000000000000000	NULL	2025-06-24 04:31:02	2025-06-24 04:31:02
3666	Cashmere	Nepal	Dyeing	carbon dioxide	Gas	3.22600000000000000000	NULL	2025-06-24 04:31:02	2025-06-24 04:31:02
3667	Cashmere	Nepal	Dyeing	energy	Electricity	17.22400000000000000000	NULL	2025-06-24 04:31:02	2025-06-24 04:31:02
3668	Cashmere	Nepal	Dyeing	water	Water	43.02400000000000000000	NULL	2025-06-24 04:31:02	2025-06-24 04:31:02
3669	Cashmere	Nepal	Manufacturing	carbon dioxide	Gas	0.18500000000000000000	NULL	2025-06-24 04:31:02	2025-06-24 04:31:02
3670	Cashmere	Nepal	Manufacturing	energy	Electricity	3.77000000000000000000	NULL	2025-06-24 04:31:02	2025-06-24 04:31:02
3671	Cashmere	Nepal	Manufacturing	water	Water	4.26800000000000000000	NULL	2025-06-24 04:31:02	2025-06-24 04:31:02
3672	Cashmere	Nepal	Raw Material	carbon dioxide	Gas	8.36700000000000000000	NULL	2025-06-24 04:31:02	2025-06-24 04:31:02
3673	Cashmere	Nepal	Raw Material	energy	Electricity	22.87500000000000000000	NULL	2025-06-24 04:31:02	2025-06-24 04:31:02
3674	Cashmere	Nepal	Raw Material	water	Water	2043.81500000000000000000	NULL	2025-06-24 04:31:02	2025-06-24 04:31:02
3675	Cashmere	Nepal	Sampling	carbon dioxide	Gas	0.09000000000000000000	NULL	2025-06-24 04:31:02	2025-06-24 04:31:02
3676	Cashmere	Nepal	Sampling	energy	Electricity	1.36000000000000000000	NULL	2025-06-24 04:31:02	2025-06-24 04:31:02
3677	Cashmere	Nepal	Sampling	water	Water	0.40200000000000000000	NULL	2025-06-24 04:31:02	2025-06-24 04:31:02
3678	Cashmere	Nepal	Spinning	carbon dioxide	Gas	0.80800000000000000000	NULL	2025-06-24 04:31:02	2025-06-24 04:31:02
3679	Cashmere	Nepal	Spinning	energy	Electricity	6.45900000000000000000	NULL	2025-06-24 04:31:02	2025-06-24 04:31:02
3680	Cashmere	Nepal	Spinning	water	Water	1.47000000000000000000	NULL	2025-06-24 04:31:02	2025-06-24 04:31:02
3681	Cashmere	Nepal	Trims	carbon dioxide	Gas	0.09300000000000000000	NULL	2025-06-24 04:31:02	2025-06-24 04:31:02
3682	Cashmere	Nepal	Trims	energy	Electricity	1.36700000000000000000	NULL	2025-06-24 04:31:02	2025-06-24 04:31:02
3683	Cashmere	Nepal	Trims	water	Water	0.38200000000000000000	NULL	2025-06-24 04:31:02	2025-06-24 04:31:02
3684	Cashmere	Nepal	Weaving	carbon dioxide	Gas	1.07400000000000000000	NULL	2025-06-24 04:31:02	2025-06-24 04:31:02
3685	Cashmere	Nepal	Weaving	energy	Electricity	6.80800000000000000000	NULL	2025-06-24 04:31:02	2025-06-24 04:31:02
3686	Cashmere	Nepal	Weaving	water	Water	3.89100000000000000000	NULL	2025-06-24 04:31:02	2025-06-24 04:31:02
3687	Cotton	Nepal	Dyeing	carbon dioxide	Gas	2.54800000000000000000	NULL	2025-06-24 04:31:02	2025-06-24 04:31:02
3688	Cotton	Nepal	Dyeing	energy	Electricity	17.25000000000000000000	NULL	2025-06-24 04:31:02	2025-06-24 04:31:02
3689	Cotton	Nepal	Dyeing	water	Water	48.99500000000000000000	NULL	2025-06-24 04:31:02	2025-06-24 04:31:02
3690	Cotton	Nepal	Manufacturing	carbon dioxide	Gas	0.21600000000000000000	NULL	2025-06-24 04:31:02	2025-06-24 04:31:02
3691	Cotton	Nepal	Manufacturing	energy	Electricity	3.82600000000000000000	NULL	2025-06-24 04:31:02	2025-06-24 04:31:02
3692	Cotton	Nepal	Manufacturing	water	Water	4.90300000000000000000	NULL	2025-06-24 04:31:02	2025-06-24 04:31:02
3693	Cotton	Nepal	Raw Material	carbon dioxide	Gas	1.57100000000000000000	NULL	2025-06-24 04:31:02	2025-06-24 04:31:02
3694	Cotton	Nepal	Raw Material	energy	Electricity	10.40200000000000000000	NULL	2025-06-24 04:31:02	2025-06-24 04:31:02
3695	Cotton	Nepal	Raw Material	water	Water	9875.01500000000000000000	NULL	2025-06-24 04:31:02	2025-06-24 04:31:02
3696	Cotton	Nepal	Sampling	carbon dioxide	Gas	0.10200000000000000000	NULL	2025-06-24 04:31:02	2025-06-24 04:31:02
3697	Cotton	Nepal	Sampling	energy	Electricity	1.87600000000000000000	NULL	2025-06-24 04:31:02	2025-06-24 04:31:02
3698	Cotton	Nepal	Sampling	water	Water	0.45300000000000000000	NULL	2025-06-24 04:31:02	2025-06-24 04:31:02
3699	Cotton	Nepal	Spinning	carbon dioxide	Gas	0.50200000000000000000	NULL	2025-06-24 04:31:02	2025-06-24 04:31:02
3700	Cotton	Nepal	Spinning	energy	Electricity	6.98700000000000000000	NULL	2025-06-24 04:31:02	2025-06-24 04:31:02
3701	Cotton	Nepal	Spinning	water	Water	1.72000000000000000000	NULL	2025-06-24 04:31:02	2025-06-24 04:31:02
3702	Cotton	Nepal	Trims	carbon dioxide	Gas	0.10000000000000000000	NULL	2025-06-24 04:31:02	2025-06-24 04:31:02
3703	Cotton	Nepal	Trims	energy	Electricity	1.66900000000000000000	NULL	2025-06-24 04:31:02	2025-06-24 04:31:02
3704	Cotton	Nepal	Trims	water	Water	0.48800000000000000000	NULL	2025-06-24 04:31:02	2025-06-24 04:31:02
3705	Cotton	Nepal	Weaving	carbon dioxide	Gas	0.87200000000000000000	NULL	2025-06-24 04:31:02	2025-06-24 04:31:02
3706	Cotton	Nepal	Weaving	energy	Electricity	7.39200000000000000000	NULL	2025-06-24 04:31:02	2025-06-24 04:31:02
3707	Cotton	Nepal	Weaving	water	Water	5.17300000000000000000	NULL	2025-06-24 04:31:02	2025-06-24 04:31:02
3708	Hemp	Nepal	Dyeing	carbon dioxide	Gas	1.93800000000000000000	NULL	2025-06-24 04:31:02	2025-06-24 04:31:02
3709	Hemp	Nepal	Dyeing	energy	Electricity	13.66100000000000000000	NULL	2025-06-24 04:31:02	2025-06-24 04:31:02
3710	Hemp	Nepal	Dyeing	water	Water	32.87200000000000000000	NULL	2025-06-24 04:31:02	2025-06-24 04:31:02
3711	Hemp	Nepal	Manufacturing	carbon dioxide	Gas	0.12800000000000000000	NULL	2025-06-24 04:31:02	2025-06-24 04:31:02
3712	Hemp	Nepal	Manufacturing	energy	Electricity	2.73200000000000000000	NULL	2025-06-24 04:31:02	2025-06-24 04:31:02
3713	Hemp	Nepal	Manufacturing	water	Water	2.41900000000000000000	NULL	2025-06-24 04:31:02	2025-06-24 04:31:02
3714	Hemp	Nepal	Raw Material	carbon dioxide	Gas	0.21700000000000000000	NULL	2025-06-24 04:31:02	2025-06-24 04:31:02
3715	Hemp	Nepal	Raw Material	energy	Electricity	5.00900000000000000000	NULL	2025-06-24 04:31:02	2025-06-24 04:31:02
3716	Hemp	Nepal	Raw Material	water	Water	463.62400000000000000000	NULL	2025-06-24 04:31:02	2025-06-24 04:31:02
3717	Hemp	Nepal	Sampling	carbon dioxide	Gas	0.07600000000000000000	NULL	2025-06-24 04:31:02	2025-06-24 04:31:02
3718	Hemp	Nepal	Sampling	energy	Electricity	0.82600000000000000000	NULL	2025-06-24 04:31:02	2025-06-24 04:31:02
3719	Hemp	Nepal	Sampling	water	Water	0.24600000000000000000	NULL	2025-06-24 04:31:02	2025-06-24 04:31:02
3720	Hemp	Nepal	Spinning	carbon dioxide	Gas	0.42400000000000000000	NULL	2025-06-24 04:31:02	2025-06-24 04:31:02
3721	Hemp	Nepal	Spinning	energy	Electricity	2.63500000000000000000	NULL	2025-06-24 04:31:02	2025-06-24 04:31:02
3722	Hemp	Nepal	Spinning	water	Water	0.73700000000000000000	NULL	2025-06-24 04:31:02	2025-06-24 04:31:02
3723	Hemp	Nepal	Trims	carbon dioxide	Gas	0.06800000000000000000	NULL	2025-06-24 04:31:02	2025-06-24 04:31:02
3724	Hemp	Nepal	Trims	energy	Electricity	0.85800000000000000000	NULL	2025-06-24 04:31:02	2025-06-24 04:31:02
3725	Hemp	Nepal	Trims	water	Water	0.24600000000000000000	NULL	2025-06-24 04:31:02	2025-06-24 04:31:02
3726	Hemp	Nepal	Weaving	carbon dioxide	Gas	0.65500000000000000000	NULL	2025-06-24 04:31:02	2025-06-24 04:31:02
3727	Hemp	Nepal	Weaving	energy	Electricity	4.39500000000000000000	NULL	2025-06-24 04:31:02	2025-06-24 04:31:02
3728	Hemp	Nepal	Weaving	water	Water	2.58100000000000000000	NULL	2025-06-24 04:31:02	2025-06-24 04:31:02
3729	Polyester	Nepal	Dyeing	carbon dioxide	Gas	3.68600000000000000000	NULL	2025-06-24 04:31:02	2025-06-24 04:31:02
3730	Polyester	Nepal	Dyeing	energy	Electricity	21.45500000000000000000	NULL	2025-06-24 04:31:02	2025-06-24 04:31:02
3731	Polyester	Nepal	Dyeing	water	Water	9.39000000000000000000	NULL	2025-06-24 04:31:02	2025-06-24 04:31:02
3732	Polyester	Nepal	Manufacturing	carbon dioxide	Gas	0.16100000000000000000	NULL	2025-06-24 04:31:02	2025-06-24 04:31:02
3733	Polyester	Nepal	Manufacturing	energy	Electricity	2.69000000000000000000	NULL	2025-06-24 04:31:02	2025-06-24 04:31:02
3734	Polyester	Nepal	Manufacturing	water	Water	1.86400000000000000000	NULL	2025-06-24 04:31:02	2025-06-24 04:31:02
3735	Polyester	Nepal	Raw Material	carbon dioxide	Gas	3.13700000000000000000	NULL	2025-06-24 04:31:02	2025-06-24 04:31:02
3736	Polyester	Nepal	Raw Material	energy	Electricity	71.16100000000000000000	NULL	2025-06-24 04:31:02	2025-06-24 04:31:02
3737	Polyester	Nepal	Raw Material	water	Water	18.10600000000000000000	NULL	2025-06-24 04:31:02	2025-06-24 04:31:02
3738	Polyester	Nepal	Sampling	carbon dioxide	Gas	0.07700000000000000000	NULL	2025-06-24 04:31:02	2025-06-24 04:31:02
3739	Polyester	Nepal	Sampling	energy	Electricity	0.98100000000000000000	NULL	2025-06-24 04:31:02	2025-06-24 04:31:02
3740	Polyester	Nepal	Sampling	water	Water	0.21000000000000000000	NULL	2025-06-24 04:31:02	2025-06-24 04:31:02
3741	Polyester	Nepal	Spinning	carbon dioxide	Gas	0.86900000000000000000	NULL	2025-06-24 04:31:02	2025-06-24 04:31:02
3742	Polyester	Nepal	Spinning	energy	Electricity	3.80100000000000000000	NULL	2025-06-24 04:31:02	2025-06-24 04:31:02
3743	Polyester	Nepal	Spinning	water	Water	0.45800000000000000000	NULL	2025-06-24 04:31:02	2025-06-24 04:31:02
3744	Polyester	Nepal	Trims	carbon dioxide	Gas	0.08500000000000000000	NULL	2025-06-24 04:31:02	2025-06-24 04:31:02
3745	Polyester	Nepal	Trims	energy	Electricity	1.17400000000000000000	NULL	2025-06-24 04:31:02	2025-06-24 04:31:02
3746	Polyester	Nepal	Trims	water	Water	0.19200000000000000000	NULL	2025-06-24 04:31:02	2025-06-24 04:31:02
3747	Polyester	Nepal	Weaving	carbon dioxide	Gas	0.97000000000000000000	NULL	2025-06-24 04:31:02	2025-06-24 04:31:02
3748	Polyester	Nepal	Weaving	energy	Electricity	5.42600000000000000000	NULL	2025-06-24 04:31:02	2025-06-24 04:31:02
3749	Polyester	Nepal	Weaving	water	Water	2.15500000000000000000	NULL	2025-06-24 04:31:02	2025-06-24 04:31:02
3750	Silk	Nepal	Dyeing	carbon dioxide	Gas	2.70900000000000000000	NULL	2025-06-24 04:31:02	2025-06-24 04:31:02
3751	Silk	Nepal	Dyeing	energy	Electricity	19.48800000000000000000	NULL	2025-06-24 04:31:02	2025-06-24 04:31:02
3752	Silk	Nepal	Dyeing	water	Water	41.62700000000000000000	NULL	2025-06-24 04:31:02	2025-06-24 04:31:02
3753	Silk	Nepal	Manufacturing	carbon dioxide	Gas	0.20900000000000000000	NULL	2025-06-24 04:31:02	2025-06-24 04:31:02
3754	Silk	Nepal	Manufacturing	energy	Electricity	3.71100000000000000000	NULL	2025-06-24 04:31:02	2025-06-24 04:31:02
3755	Silk	Nepal	Manufacturing	water	Water	3.88900000000000000000	NULL	2025-06-24 04:31:02	2025-06-24 04:31:02
3756	Silk	Nepal	Raw Material	carbon dioxide	Gas	1.86400000000000000000	NULL	2025-06-24 04:31:02	2025-06-24 04:31:02
3757	Silk	Nepal	Raw Material	energy	Electricity	30.93400000000000000000	NULL	2025-06-24 04:31:02	2025-06-24 04:31:02
3758	Silk	Nepal	Raw Material	water	Water	9145.67500000000000000000	NULL	2025-06-24 04:31:02	2025-06-24 04:31:02
3759	Silk	Nepal	Sampling	carbon dioxide	Gas	0.09900000000000000000	NULL	2025-06-24 04:31:02	2025-06-24 04:31:02
3760	Silk	Nepal	Sampling	energy	Electricity	1.52700000000000000000	NULL	2025-06-24 04:31:02	2025-06-24 04:31:02
3761	Silk	Nepal	Sampling	water	Water	0.36500000000000000000	NULL	2025-06-24 04:31:02	2025-06-24 04:31:02
3762	Silk	Nepal	Spinning	carbon dioxide	Gas	0.60400000000000000000	NULL	2025-06-24 04:31:02	2025-06-24 04:31:02
3763	Silk	Nepal	Spinning	energy	Electricity	7.66400000000000000000	NULL	2025-06-24 04:31:02	2025-06-24 04:31:02
3764	Silk	Nepal	Spinning	water	Water	1.54100000000000000000	NULL	2025-06-24 04:31:02	2025-06-24 04:31:02
3765	Silk	Nepal	Trims	carbon dioxide	Gas	0.09300000000000000000	NULL	2025-06-24 04:31:02	2025-06-24 04:31:02
3766	Silk	Nepal	Trims	energy	Electricity	1.62100000000000000000	NULL	2025-06-24 04:31:02	2025-06-24 04:31:02
3767	Silk	Nepal	Trims	water	Water	0.42800000000000000000	NULL	2025-06-24 04:31:02	2025-06-24 04:31:02
3768	Silk	Nepal	Weaving	carbon dioxide	Gas	0.77900000000000000000	NULL	2025-06-24 04:31:02	2025-06-24 04:31:02
3769	Silk	Nepal	Weaving	energy	Electricity	7.14400000000000000000	NULL	2025-06-24 04:31:02	2025-06-24 04:31:02
3770	Silk	Nepal	Weaving	water	Water	3.89700000000000000000	NULL	2025-06-24 04:31:02	2025-06-24 04:31:02
3771	Wool	Nepal	Dyeing	carbon dioxide	Gas	3.29800000000000000000	NULL	2025-06-24 04:31:02	2025-06-24 04:31:02
3772	Wool	Nepal	Dyeing	energy	Electricity	17.46000000000000000000	NULL	2025-06-24 04:31:02	2025-06-24 04:31:02
3773	Wool	Nepal	Dyeing	water	Water	42.59500000000000000000	NULL	2025-06-24 04:31:02	2025-06-24 04:31:02
3774	Wool	Nepal	Manufacturing	carbon dioxide	Gas	0.19800000000000000000	NULL	2025-06-24 04:31:02	2025-06-24 04:31:02
3775	Wool	Nepal	Manufacturing	energy	Electricity	3.03300000000000000000	NULL	2025-06-24 04:31:02	2025-06-24 04:31:02
3776	Wool	Nepal	Manufacturing	water	Water	2.73000000000000000000	NULL	2025-06-24 04:31:02	2025-06-24 04:31:02
3777	Wool	Nepal	Raw Material	carbon dioxide	Gas	8.39400000000000000000	NULL	2025-06-24 04:31:02	2025-06-24 04:31:02
3778	Wool	Nepal	Raw Material	energy	Electricity	21.07800000000000000000	NULL	2025-06-24 04:31:02	2025-06-24 04:31:02
3779	Wool	Nepal	Raw Material	water	Water	831.26700000000000000000	NULL	2025-06-24 04:31:02	2025-06-24 04:31:02
3780	Wool	Nepal	Sampling	carbon dioxide	Gas	0.08300000000000000000	NULL	2025-06-24 04:31:02	2025-06-24 04:31:02
3781	Wool	Nepal	Sampling	energy	Electricity	1.31900000000000000000	NULL	2025-06-24 04:31:02	2025-06-24 04:31:02
3782	Wool	Nepal	Sampling	water	Water	0.29400000000000000000	NULL	2025-06-24 04:31:02	2025-06-24 04:31:02
3783	Wool	Nepal	Spinning	carbon dioxide	Gas	0.76100000000000000000	NULL	2025-06-24 04:31:02	2025-06-24 04:31:02
3784	Wool	Nepal	Spinning	energy	Electricity	5.64700000000000000000	NULL	2025-06-24 04:31:02	2025-06-24 04:31:02
3785	Wool	Nepal	Spinning	water	Water	0.99800000000000000000	NULL	2025-06-24 04:31:02	2025-06-24 04:31:02
3786	Wool	Nepal	Trims	carbon dioxide	Gas	0.08200000000000000000	NULL	2025-06-24 04:31:02	2025-06-24 04:31:02
3787	Wool	Nepal	Trims	energy	Electricity	1.33700000000000000000	NULL	2025-06-24 04:31:02	2025-06-24 04:31:02
3788	Wool	Nepal	Trims	water	Water	0.31000000000000000000	NULL	2025-06-24 04:31:02	2025-06-24 04:31:02
3789	Wool	Nepal	Weaving	carbon dioxide	Gas	0.92200000000000000000	NULL	2025-06-24 04:31:02	2025-06-24 04:31:02
3790	Wool	Nepal	Weaving	energy	Electricity	6.55200000000000000000	NULL	2025-06-24 04:31:02	2025-06-24 04:31:02
3791	Wool	Nepal	Weaving	water	Water	2.75700000000000000000	NULL	2025-06-24 04:31:02	2025-06-24 04:31:02
3792	Cotton	Netherlands	Dyeing	carbon dioxide	Gas	2.45200000000000000000	NULL	2025-06-24 04:31:02	2025-06-24 04:31:02
3793	Cotton	Netherlands	Dyeing	energy	Electricity	15.83900000000000000000	NULL	2025-06-24 04:31:02	2025-06-24 04:31:02
3794	Cotton	Netherlands	Dyeing	water	Water	46.73900000000000000000	NULL	2025-06-24 04:31:02	2025-06-24 04:31:02
3795	Cotton	Netherlands	Manufacturing	carbon dioxide	Gas	0.17500000000000000000	NULL	2025-06-24 04:31:02	2025-06-24 04:31:02
3796	Cotton	Netherlands	Manufacturing	energy	Electricity	3.26400000000000000000	NULL	2025-06-24 04:31:02	2025-06-24 04:31:02
3797	Cotton	Netherlands	Manufacturing	water	Water	4.76500000000000000000	NULL	2025-06-24 04:31:02	2025-06-24 04:31:02
3798	Cotton	Netherlands	Raw Material	carbon dioxide	Gas	1.33200000000000000000	NULL	2025-06-24 04:31:02	2025-06-24 04:31:02
3799	Cotton	Netherlands	Raw Material	energy	Electricity	10.28000000000000000000	NULL	2025-06-24 04:31:02	2025-06-24 04:31:02
3800	Cotton	Netherlands	Raw Material	water	Water	10688.49600000000000000000	NULL	2025-06-24 04:31:02	2025-06-24 04:31:02
3801	Cotton	Netherlands	Sampling	carbon dioxide	Gas	0.09600000000000000000	NULL	2025-06-24 04:31:02	2025-06-24 04:31:02
3802	Cotton	Netherlands	Sampling	energy	Electricity	1.77100000000000000000	NULL	2025-06-24 04:31:02	2025-06-24 04:31:02
3803	Cotton	Netherlands	Sampling	water	Water	0.47600000000000000000	NULL	2025-06-24 04:31:02	2025-06-24 04:31:02
3804	Cotton	Netherlands	Spinning	carbon dioxide	Gas	0.47100000000000000000	NULL	2025-06-24 04:31:02	2025-06-24 04:31:02
3805	Cotton	Netherlands	Spinning	energy	Electricity	6.05800000000000000000	NULL	2025-06-24 04:31:02	2025-06-24 04:31:02
3806	Cotton	Netherlands	Spinning	water	Water	1.63300000000000000000	NULL	2025-06-24 04:31:02	2025-06-24 04:31:02
3807	Cotton	Netherlands	Trims	carbon dioxide	Gas	0.08600000000000000000	NULL	2025-06-24 04:31:02	2025-06-24 04:31:02
3808	Cotton	Netherlands	Trims	energy	Electricity	1.93500000000000000000	NULL	2025-06-24 04:31:02	2025-06-24 04:31:02
3809	Cotton	Netherlands	Trims	water	Water	0.50100000000000000000	NULL	2025-06-24 04:31:02	2025-06-24 04:31:02
3810	Cotton	Netherlands	Weaving	carbon dioxide	Gas	0.74300000000000000000	NULL	2025-06-24 04:31:02	2025-06-24 04:31:02
3811	Cotton	Netherlands	Weaving	energy	Electricity	7.10200000000000000000	NULL	2025-06-24 04:31:02	2025-06-24 04:31:02
3812	Cotton	Netherlands	Weaving	water	Water	4.88000000000000000000	NULL	2025-06-24 04:31:02	2025-06-24 04:31:02
3813	Hemp	Netherlands	Dyeing	carbon dioxide	Gas	1.71200000000000000000	NULL	2025-06-24 04:31:02	2025-06-24 04:31:02
3814	Hemp	Netherlands	Dyeing	energy	Electricity	12.93500000000000000000	NULL	2025-06-24 04:31:02	2025-06-24 04:31:02
3815	Hemp	Netherlands	Dyeing	water	Water	29.64800000000000000000	NULL	2025-06-24 04:31:02	2025-06-24 04:31:02
3816	Hemp	Netherlands	Manufacturing	carbon dioxide	Gas	0.09900000000000000000	NULL	2025-06-24 04:31:02	2025-06-24 04:31:02
3817	Hemp	Netherlands	Manufacturing	energy	Electricity	2.54500000000000000000	NULL	2025-06-24 04:31:02	2025-06-24 04:31:02
3818	Hemp	Netherlands	Manufacturing	water	Water	2.44700000000000000000	NULL	2025-06-24 04:31:02	2025-06-24 04:31:02
3819	Hemp	Netherlands	Raw Material	carbon dioxide	Gas	0.19100000000000000000	NULL	2025-06-24 04:31:02	2025-06-24 04:31:02
3820	Hemp	Netherlands	Raw Material	energy	Electricity	4.86900000000000000000	NULL	2025-06-24 04:31:02	2025-06-24 04:31:02
3821	Hemp	Netherlands	Raw Material	water	Water	536.68600000000000000000	NULL	2025-06-24 04:31:02	2025-06-24 04:31:02
3822	Hemp	Netherlands	Sampling	carbon dioxide	Gas	0.06200000000000000000	NULL	2025-06-24 04:31:02	2025-06-24 04:31:02
3823	Hemp	Netherlands	Sampling	energy	Electricity	0.96800000000000000000	NULL	2025-06-24 04:31:02	2025-06-24 04:31:02
3824	Hemp	Netherlands	Sampling	water	Water	0.22900000000000000000	NULL	2025-06-24 04:31:02	2025-06-24 04:31:02
3825	Hemp	Netherlands	Spinning	carbon dioxide	Gas	0.32500000000000000000	NULL	2025-06-24 04:31:02	2025-06-24 04:31:02
3826	Hemp	Netherlands	Spinning	energy	Electricity	3.08200000000000000000	NULL	2025-06-24 04:31:02	2025-06-24 04:31:02
3827	Hemp	Netherlands	Spinning	water	Water	0.72200000000000000000	NULL	2025-06-24 04:31:02	2025-06-24 04:31:02
3828	Hemp	Netherlands	Trims	carbon dioxide	Gas	0.05900000000000000000	NULL	2025-06-24 04:31:02	2025-06-24 04:31:02
3829	Hemp	Netherlands	Trims	energy	Electricity	0.83300000000000000000	NULL	2025-06-24 04:31:02	2025-06-24 04:31:02
3830	Hemp	Netherlands	Trims	water	Water	0.22700000000000000000	NULL	2025-06-24 04:31:02	2025-06-24 04:31:02
3831	Hemp	Netherlands	Weaving	carbon dioxide	Gas	0.51100000000000000000	NULL	2025-06-24 04:31:02	2025-06-24 04:31:02
3832	Hemp	Netherlands	Weaving	energy	Electricity	4.74700000000000000000	NULL	2025-06-24 04:31:02	2025-06-24 04:31:02
3833	Hemp	Netherlands	Weaving	water	Water	2.64000000000000000000	NULL	2025-06-24 04:31:02	2025-06-24 04:31:02
3834	Nylon	Netherlands	Dyeing	carbon dioxide	Gas	2.80800000000000000000	NULL	2025-06-24 04:31:02	2025-06-24 04:31:02
3835	Nylon	Netherlands	Dyeing	energy	Electricity	19.63000000000000000000	NULL	2025-06-24 04:31:02	2025-06-24 04:31:02
3836	Nylon	Netherlands	Dyeing	water	Water	15.08500000000000000000	NULL	2025-06-24 04:31:02	2025-06-24 04:31:02
3837	Nylon	Netherlands	Manufacturing	carbon dioxide	Gas	0.16100000000000000000	NULL	2025-06-24 04:31:02	2025-06-24 04:31:02
3838	Nylon	Netherlands	Manufacturing	energy	Electricity	3.14200000000000000000	NULL	2025-06-24 04:31:02	2025-06-24 04:31:02
3839	Nylon	Netherlands	Manufacturing	water	Water	1.94900000000000000000	NULL	2025-06-24 04:31:02	2025-06-24 04:31:02
3840	Nylon	Netherlands	Raw Material	carbon dioxide	Gas	4.70500000000000000000	NULL	2025-06-24 04:31:02	2025-06-24 04:31:02
3841	Nylon	Netherlands	Raw Material	energy	Electricity	60.24300000000000000000	NULL	2025-06-24 04:31:02	2025-06-24 04:31:02
3842	Nylon	Netherlands	Raw Material	water	Water	20.52100000000000000000	NULL	2025-06-24 04:31:02	2025-06-24 04:31:02
3843	Nylon	Netherlands	Sampling	carbon dioxide	Gas	0.07900000000000000000	NULL	2025-06-24 04:31:02	2025-06-24 04:31:02
3844	Nylon	Netherlands	Sampling	energy	Electricity	1.05800000000000000000	NULL	2025-06-24 04:31:02	2025-06-24 04:31:02
3845	Nylon	Netherlands	Sampling	water	Water	0.19200000000000000000	NULL	2025-06-24 04:31:02	2025-06-24 04:31:02
3846	Nylon	Netherlands	Spinning	carbon dioxide	Gas	0.77800000000000000000	NULL	2025-06-24 04:31:02	2025-06-24 04:31:02
3847	Nylon	Netherlands	Spinning	energy	Electricity	4.49400000000000000000	NULL	2025-06-24 04:31:02	2025-06-24 04:31:02
3848	Nylon	Netherlands	Spinning	water	Water	0.48100000000000000000	NULL	2025-06-24 04:31:02	2025-06-24 04:31:02
3849	Nylon	Netherlands	Trims	carbon dioxide	Gas	0.08400000000000000000	NULL	2025-06-24 04:31:02	2025-06-24 04:31:02
3850	Nylon	Netherlands	Trims	energy	Electricity	1.09500000000000000000	NULL	2025-06-24 04:31:02	2025-06-24 04:31:02
3851	Nylon	Netherlands	Trims	water	Water	0.20900000000000000000	NULL	2025-06-24 04:31:02	2025-06-24 04:31:02
3852	Nylon	Netherlands	Weaving	carbon dioxide	Gas	0.98700000000000000000	NULL	2025-06-24 04:31:02	2025-06-24 04:31:02
3853	Nylon	Netherlands	Weaving	energy	Electricity	5.55100000000000000000	NULL	2025-06-24 04:31:02	2025-06-24 04:31:02
3854	Nylon	Netherlands	Weaving	water	Water	2.01600000000000000000	NULL	2025-06-24 04:31:02	2025-06-24 04:31:02
3855	Polyester	Netherlands	Dyeing	carbon dioxide	Gas	3.27200000000000000000	NULL	2025-06-24 04:31:02	2025-06-24 04:31:02
3856	Polyester	Netherlands	Dyeing	energy	Electricity	22.98100000000000000000	NULL	2025-06-24 04:31:02	2025-06-24 04:31:02
3857	Polyester	Netherlands	Dyeing	water	Water	9.16200000000000000000	NULL	2025-06-24 04:31:02	2025-06-24 04:31:02
3858	Polyester	Netherlands	Manufacturing	carbon dioxide	Gas	0.13500000000000000000	NULL	2025-06-24 04:31:02	2025-06-24 04:31:02
3859	Polyester	Netherlands	Manufacturing	energy	Electricity	2.76500000000000000000	NULL	2025-06-24 04:31:02	2025-06-24 04:31:02
3860	Polyester	Netherlands	Manufacturing	water	Water	1.90700000000000000000	NULL	2025-06-24 04:31:02	2025-06-24 04:31:02
3861	Polyester	Netherlands	Raw Material	carbon dioxide	Gas	2.80000000000000000000	NULL	2025-06-24 04:31:02	2025-06-24 04:31:02
3862	Polyester	Netherlands	Raw Material	energy	Electricity	66.22300000000000000000	NULL	2025-06-24 04:31:02	2025-06-24 04:31:02
3863	Polyester	Netherlands	Raw Material	water	Water	19.51600000000000000000	NULL	2025-06-24 04:31:02	2025-06-24 04:31:02
3864	Polyester	Netherlands	Sampling	carbon dioxide	Gas	0.06700000000000000000	NULL	2025-06-24 04:31:02	2025-06-24 04:31:02
3865	Polyester	Netherlands	Sampling	energy	Electricity	1.02700000000000000000	NULL	2025-06-24 04:31:02	2025-06-24 04:31:02
3866	Polyester	Netherlands	Sampling	water	Water	0.20400000000000000000	NULL	2025-06-24 04:31:02	2025-06-24 04:31:02
3867	Polyester	Netherlands	Spinning	carbon dioxide	Gas	0.72000000000000000000	NULL	2025-06-24 04:31:02	2025-06-24 04:31:02
3868	Polyester	Netherlands	Spinning	energy	Electricity	3.63300000000000000000	NULL	2025-06-24 04:31:02	2025-06-24 04:31:02
3869	Polyester	Netherlands	Spinning	water	Water	0.52600000000000000000	NULL	2025-06-24 04:31:02	2025-06-24 04:31:02
3870	Polyester	Netherlands	Trims	carbon dioxide	Gas	0.07800000000000000000	NULL	2025-06-24 04:31:02	2025-06-24 04:31:02
3871	Polyester	Netherlands	Trims	energy	Electricity	1.04200000000000000000	NULL	2025-06-24 04:31:02	2025-06-24 04:31:02
3872	Polyester	Netherlands	Trims	water	Water	0.21200000000000000000	NULL	2025-06-24 04:31:02	2025-06-24 04:31:02
3873	Polyester	Netherlands	Weaving	carbon dioxide	Gas	0.82500000000000000000	NULL	2025-06-24 04:31:02	2025-06-24 04:31:02
3874	Polyester	Netherlands	Weaving	energy	Electricity	5.49400000000000000000	NULL	2025-06-24 04:31:02	2025-06-24 04:31:02
3875	Polyester	Netherlands	Weaving	water	Water	2.01700000000000000000	NULL	2025-06-24 04:31:02	2025-06-24 04:31:02
3876	Silk	Netherlands	Dyeing	carbon dioxide	Gas	2.33000000000000000000	NULL	2025-06-24 04:31:02	2025-06-24 04:31:02
3877	Silk	Netherlands	Dyeing	energy	Electricity	18.33200000000000000000	NULL	2025-06-24 04:31:02	2025-06-24 04:31:02
3878	Silk	Netherlands	Dyeing	water	Water	44.17700000000000000000	NULL	2025-06-24 04:31:02	2025-06-24 04:31:02
3879	Silk	Netherlands	Manufacturing	carbon dioxide	Gas	0.18100000000000000000	NULL	2025-06-24 04:31:02	2025-06-24 04:31:02
3880	Silk	Netherlands	Manufacturing	energy	Electricity	3.94900000000000000000	NULL	2025-06-24 04:31:02	2025-06-24 04:31:02
3881	Silk	Netherlands	Manufacturing	water	Water	3.97300000000000000000	NULL	2025-06-24 04:31:02	2025-06-24 04:31:02
3882	Silk	Netherlands	Raw Material	carbon dioxide	Gas	1.75800000000000000000	NULL	2025-06-24 04:31:02	2025-06-24 04:31:02
3883	Silk	Netherlands	Raw Material	energy	Electricity	31.81300000000000000000	NULL	2025-06-24 04:31:02	2025-06-24 04:31:02
3884	Silk	Netherlands	Raw Material	water	Water	9822.30700000000000000000	NULL	2025-06-24 04:31:02	2025-06-24 04:31:02
3885	Silk	Netherlands	Sampling	carbon dioxide	Gas	0.09800000000000000000	NULL	2025-06-24 04:31:02	2025-06-24 04:31:02
3886	Silk	Netherlands	Sampling	energy	Electricity	1.65200000000000000000	NULL	2025-06-24 04:31:02	2025-06-24 04:31:02
3887	Silk	Netherlands	Sampling	water	Water	0.42100000000000000000	NULL	2025-06-24 04:31:02	2025-06-24 04:31:02
3888	Silk	Netherlands	Spinning	carbon dioxide	Gas	0.51600000000000000000	NULL	2025-06-24 04:31:02	2025-06-24 04:31:02
3889	Silk	Netherlands	Spinning	energy	Electricity	6.50100000000000000000	NULL	2025-06-24 04:31:02	2025-06-24 04:31:02
3890	Silk	Netherlands	Spinning	water	Water	1.53900000000000000000	NULL	2025-06-24 04:31:02	2025-06-24 04:31:02
3891	Silk	Netherlands	Trims	carbon dioxide	Gas	0.08100000000000000000	NULL	2025-06-24 04:31:02	2025-06-24 04:31:02
3892	Silk	Netherlands	Trims	energy	Electricity	1.64100000000000000000	NULL	2025-06-24 04:31:02	2025-06-24 04:31:02
3893	Silk	Netherlands	Trims	water	Water	0.38000000000000000000	NULL	2025-06-24 04:31:02	2025-06-24 04:31:02
3894	Silk	Netherlands	Weaving	carbon dioxide	Gas	0.83400000000000000000	NULL	2025-06-24 04:31:02	2025-06-24 04:31:02
3895	Silk	Netherlands	Weaving	energy	Electricity	7.65400000000000000000	NULL	2025-06-24 04:31:02	2025-06-24 04:31:02
3896	Silk	Netherlands	Weaving	water	Water	3.75500000000000000000	NULL	2025-06-24 04:31:02	2025-06-24 04:31:02
3897	Wool	Netherlands	Dyeing	carbon dioxide	Gas	2.95800000000000000000	NULL	2025-06-24 04:31:02	2025-06-24 04:31:02
3898	Wool	Netherlands	Dyeing	energy	Electricity	16.24300000000000000000	NULL	2025-06-24 04:31:02	2025-06-24 04:31:02
3899	Wool	Netherlands	Dyeing	water	Water	42.52400000000000000000	NULL	2025-06-24 04:31:02	2025-06-24 04:31:02
3900	Wool	Netherlands	Manufacturing	carbon dioxide	Gas	0.16800000000000000000	NULL	2025-06-24 04:31:02	2025-06-24 04:31:02
3901	Wool	Netherlands	Manufacturing	energy	Electricity	3.34100000000000000000	NULL	2025-06-24 04:31:02	2025-06-24 04:31:02
3902	Wool	Netherlands	Manufacturing	water	Water	3.01000000000000000000	NULL	2025-06-24 04:31:02	2025-06-24 04:31:02
3903	Wool	Netherlands	Raw Material	carbon dioxide	Gas	6.60000000000000000000	NULL	2025-06-24 04:31:02	2025-06-24 04:31:02
3904	Wool	Netherlands	Raw Material	energy	Electricity	18.64700000000000000000	NULL	2025-06-24 04:31:02	2025-06-24 04:31:02
3905	Wool	Netherlands	Raw Material	water	Water	875.84100000000000000000	NULL	2025-06-24 04:31:02	2025-06-24 04:31:02
3906	Wool	Netherlands	Sampling	carbon dioxide	Gas	0.08600000000000000000	NULL	2025-06-24 04:31:02	2025-06-24 04:31:02
3907	Wool	Netherlands	Sampling	energy	Electricity	1.49700000000000000000	NULL	2025-06-24 04:31:02	2025-06-24 04:31:02
3908	Wool	Netherlands	Sampling	water	Water	0.31100000000000000000	NULL	2025-06-24 04:31:02	2025-06-24 04:31:02
3909	Wool	Netherlands	Spinning	carbon dioxide	Gas	0.65300000000000000000	NULL	2025-06-24 04:31:02	2025-06-24 04:31:02
3910	Wool	Netherlands	Spinning	energy	Electricity	5.81200000000000000000	NULL	2025-06-24 04:31:02	2025-06-24 04:31:02
3911	Wool	Netherlands	Spinning	water	Water	1.08800000000000000000	NULL	2025-06-24 04:31:02	2025-06-24 04:31:02
3912	Wool	Netherlands	Trims	carbon dioxide	Gas	0.08900000000000000000	NULL	2025-06-24 04:31:02	2025-06-24 04:31:02
3913	Wool	Netherlands	Trims	energy	Electricity	1.33800000000000000000	NULL	2025-06-24 04:31:02	2025-06-24 04:31:02
3914	Wool	Netherlands	Trims	water	Water	0.29300000000000000000	NULL	2025-06-24 04:31:02	2025-06-24 04:31:02
3915	Wool	Netherlands	Weaving	carbon dioxide	Gas	0.75500000000000000000	NULL	2025-06-24 04:31:02	2025-06-24 04:31:02
3916	Wool	Netherlands	Weaving	energy	Electricity	6.03700000000000000000	NULL	2025-06-24 04:31:02	2025-06-24 04:31:02
3917	Wool	Netherlands	Weaving	water	Water	3.02400000000000000000	NULL	2025-06-24 04:31:02	2025-06-24 04:31:02
3918	Cotton	New Zealand	Dyeing	carbon dioxide	Gas	1.85700000000000000000	NULL	2025-06-24 04:31:02	2025-06-24 04:31:02
3919	Cotton	New Zealand	Dyeing	energy	Electricity	14.98200000000000000000	NULL	2025-06-24 04:31:02	2025-06-24 04:31:02
3920	Cotton	New Zealand	Dyeing	water	Water	47.61200000000000000000	NULL	2025-06-24 04:31:02	2025-06-24 04:31:02
3921	Cotton	New Zealand	Manufacturing	carbon dioxide	Gas	0.14300000000000000000	NULL	2025-06-24 04:31:02	2025-06-24 04:31:02
3922	Cotton	New Zealand	Manufacturing	energy	Electricity	3.84300000000000000000	NULL	2025-06-24 04:31:02	2025-06-24 04:31:02
3923	Cotton	New Zealand	Manufacturing	water	Water	5.26300000000000000000	NULL	2025-06-24 04:31:02	2025-06-24 04:31:02
3924	Cotton	New Zealand	Raw Material	carbon dioxide	Gas	1.09300000000000000000	NULL	2025-06-24 04:31:02	2025-06-24 04:31:02
3925	Cotton	New Zealand	Raw Material	energy	Electricity	9.87100000000000000000	NULL	2025-06-24 04:31:02	2025-06-24 04:31:02
3926	Cotton	New Zealand	Raw Material	water	Water	9068.41600000000000000000	NULL	2025-06-24 04:31:02	2025-06-24 04:31:02
3927	Cotton	New Zealand	Sampling	carbon dioxide	Gas	0.07000000000000000000	NULL	2025-06-24 04:31:02	2025-06-24 04:31:02
3928	Cotton	New Zealand	Sampling	energy	Electricity	1.65800000000000000000	NULL	2025-06-24 04:31:02	2025-06-24 04:31:02
3929	Cotton	New Zealand	Sampling	water	Water	0.49000000000000000000	NULL	2025-06-24 04:31:02	2025-06-24 04:31:02
3930	Cotton	New Zealand	Spinning	carbon dioxide	Gas	0.37300000000000000000	NULL	2025-06-24 04:31:02	2025-06-24 04:31:02
3931	Cotton	New Zealand	Spinning	energy	Electricity	7.06400000000000000000	NULL	2025-06-24 04:31:02	2025-06-24 04:31:02
3932	Cotton	New Zealand	Spinning	water	Water	1.80300000000000000000	NULL	2025-06-24 04:31:02	2025-06-24 04:31:02
3933	Cotton	New Zealand	Trims	carbon dioxide	Gas	0.06400000000000000000	NULL	2025-06-24 04:31:02	2025-06-24 04:31:02
3934	Cotton	New Zealand	Trims	energy	Electricity	1.67400000000000000000	NULL	2025-06-24 04:31:02	2025-06-24 04:31:02
3935	Cotton	New Zealand	Trims	water	Water	0.47500000000000000000	NULL	2025-06-24 04:31:02	2025-06-24 04:31:02
3936	Cotton	New Zealand	Weaving	carbon dioxide	Gas	0.57300000000000000000	NULL	2025-06-24 04:31:02	2025-06-24 04:31:02
3937	Cotton	New Zealand	Weaving	energy	Electricity	7.62300000000000000000	NULL	2025-06-24 04:31:02	2025-06-24 04:31:02
3938	Cotton	New Zealand	Weaving	water	Water	4.81100000000000000000	NULL	2025-06-24 04:31:02	2025-06-24 04:31:02
3939	Hemp	New Zealand	Dyeing	carbon dioxide	Gas	1.28600000000000000000	NULL	2025-06-24 04:31:02	2025-06-24 04:31:02
3940	Hemp	New Zealand	Dyeing	energy	Electricity	13.45900000000000000000	NULL	2025-06-24 04:31:02	2025-06-24 04:31:02
3941	Hemp	New Zealand	Dyeing	water	Water	32.13500000000000000000	NULL	2025-06-24 04:31:02	2025-06-24 04:31:02
3942	Hemp	New Zealand	Manufacturing	carbon dioxide	Gas	0.07700000000000000000	NULL	2025-06-24 04:31:02	2025-06-24 04:31:02
3943	Hemp	New Zealand	Manufacturing	energy	Electricity	2.64800000000000000000	NULL	2025-06-24 04:31:02	2025-06-24 04:31:02
3944	Hemp	New Zealand	Manufacturing	water	Water	2.44400000000000000000	NULL	2025-06-24 04:31:02	2025-06-24 04:31:02
3945	Hemp	New Zealand	Raw Material	carbon dioxide	Gas	0.13500000000000000000	NULL	2025-06-24 04:31:02	2025-06-24 04:31:02
3946	Hemp	New Zealand	Raw Material	energy	Electricity	5.18800000000000000000	NULL	2025-06-24 04:31:02	2025-06-24 04:31:02
3947	Hemp	New Zealand	Raw Material	water	Water	513.79100000000000000000	NULL	2025-06-24 04:31:02	2025-06-24 04:31:02
3948	Hemp	New Zealand	Sampling	carbon dioxide	Gas	0.04500000000000000000	NULL	2025-06-24 04:31:02	2025-06-24 04:31:02
3949	Hemp	New Zealand	Sampling	energy	Electricity	0.98000000000000000000	NULL	2025-06-24 04:31:02	2025-06-24 04:31:02
3950	Hemp	New Zealand	Sampling	water	Water	0.23300000000000000000	NULL	2025-06-24 04:31:02	2025-06-24 04:31:02
3951	Hemp	New Zealand	Spinning	carbon dioxide	Gas	0.29900000000000000000	NULL	2025-06-24 04:31:02	2025-06-24 04:31:02
3952	Hemp	New Zealand	Spinning	energy	Electricity	3.13100000000000000000	NULL	2025-06-24 04:31:02	2025-06-24 04:31:02
3953	Hemp	New Zealand	Spinning	water	Water	0.79900000000000000000	NULL	2025-06-24 04:31:02	2025-06-24 04:31:02
3954	Hemp	New Zealand	Trims	carbon dioxide	Gas	0.05100000000000000000	NULL	2025-06-24 04:31:02	2025-06-24 04:31:02
3955	Hemp	New Zealand	Trims	energy	Electricity	0.82000000000000000000	NULL	2025-06-24 04:31:02	2025-06-24 04:31:02
3956	Hemp	New Zealand	Trims	water	Water	0.25300000000000000000	NULL	2025-06-24 04:31:02	2025-06-24 04:31:02
3957	Hemp	New Zealand	Weaving	carbon dioxide	Gas	0.40200000000000000000	NULL	2025-06-24 04:31:02	2025-06-24 04:31:02
3958	Hemp	New Zealand	Weaving	energy	Electricity	4.40800000000000000000	NULL	2025-06-24 04:31:02	2025-06-24 04:31:02
3959	Hemp	New Zealand	Weaving	water	Water	2.25300000000000000000	NULL	2025-06-24 04:31:02	2025-06-24 04:31:02
3960	Nylon	New Zealand	Dyeing	carbon dioxide	Gas	2.16800000000000000000	NULL	2025-06-24 04:31:02	2025-06-24 04:31:02
3961	Nylon	New Zealand	Dyeing	energy	Electricity	18.96800000000000000000	NULL	2025-06-24 04:31:02	2025-06-24 04:31:02
3962	Nylon	New Zealand	Dyeing	water	Water	15.56000000000000000000	NULL	2025-06-24 04:31:02	2025-06-24 04:31:02
3963	Nylon	New Zealand	Manufacturing	carbon dioxide	Gas	0.12200000000000000000	NULL	2025-06-24 04:31:02	2025-06-24 04:31:02
3964	Nylon	New Zealand	Manufacturing	energy	Electricity	3.11200000000000000000	NULL	2025-06-24 04:31:02	2025-06-24 04:31:02
3965	Nylon	New Zealand	Manufacturing	water	Water	2.03400000000000000000	NULL	2025-06-24 04:31:02	2025-06-24 04:31:02
3966	Nylon	New Zealand	Raw Material	carbon dioxide	Gas	3.49100000000000000000	NULL	2025-06-24 04:31:02	2025-06-24 04:31:02
3967	Nylon	New Zealand	Raw Material	energy	Electricity	60.77700000000000000000	NULL	2025-06-24 04:31:02	2025-06-24 04:31:02
3968	Nylon	New Zealand	Raw Material	water	Water	19.54900000000000000000	NULL	2025-06-24 04:31:02	2025-06-24 04:31:02
3969	Nylon	New Zealand	Sampling	carbon dioxide	Gas	0.06500000000000000000	NULL	2025-06-24 04:31:02	2025-06-24 04:31:02
3970	Nylon	New Zealand	Sampling	energy	Electricity	1.06400000000000000000	NULL	2025-06-24 04:31:02	2025-06-24 04:31:02
3971	Nylon	New Zealand	Sampling	water	Water	0.20700000000000000000	NULL	2025-06-24 04:31:02	2025-06-24 04:31:02
3972	Nylon	New Zealand	Spinning	carbon dioxide	Gas	0.60500000000000000000	NULL	2025-06-24 04:31:02	2025-06-24 04:31:02
3973	Nylon	New Zealand	Spinning	energy	Electricity	4.30900000000000000000	NULL	2025-06-24 04:31:02	2025-06-24 04:31:02
3974	Nylon	New Zealand	Spinning	water	Water	0.51800000000000000000	NULL	2025-06-24 04:31:02	2025-06-24 04:31:02
3975	Nylon	New Zealand	Trims	carbon dioxide	Gas	0.06400000000000000000	NULL	2025-06-24 04:31:02	2025-06-24 04:31:02
3976	Nylon	New Zealand	Trims	energy	Electricity	1.06300000000000000000	NULL	2025-06-24 04:31:02	2025-06-24 04:31:02
3977	Nylon	New Zealand	Trims	water	Water	0.19100000000000000000	NULL	2025-06-24 04:31:02	2025-06-24 04:31:02
3978	Nylon	New Zealand	Weaving	carbon dioxide	Gas	0.73300000000000000000	NULL	2025-06-24 04:31:02	2025-06-24 04:31:02
3979	Nylon	New Zealand	Weaving	energy	Electricity	5.52000000000000000000	NULL	2025-06-24 04:31:02	2025-06-24 04:31:02
3980	Nylon	New Zealand	Weaving	water	Water	2.02200000000000000000	NULL	2025-06-24 04:31:02	2025-06-24 04:31:02
3981	Polyester	New Zealand	Dyeing	carbon dioxide	Gas	2.68000000000000000000	NULL	2025-06-24 04:31:02	2025-06-24 04:31:02
3982	Polyester	New Zealand	Dyeing	energy	Electricity	22.87000000000000000000	NULL	2025-06-24 04:31:02	2025-06-24 04:31:02
3983	Polyester	New Zealand	Dyeing	water	Water	9.54700000000000000000	NULL	2025-06-24 04:31:02	2025-06-24 04:31:02
3984	Polyester	New Zealand	Manufacturing	carbon dioxide	Gas	0.09700000000000000000	NULL	2025-06-24 04:31:02	2025-06-24 04:31:02
3985	Polyester	New Zealand	Manufacturing	energy	Electricity	2.76900000000000000000	NULL	2025-06-24 04:31:02	2025-06-24 04:31:02
3986	Polyester	New Zealand	Manufacturing	water	Water	1.86900000000000000000	NULL	2025-06-24 04:31:02	2025-06-24 04:31:02
3987	Polyester	New Zealand	Raw Material	carbon dioxide	Gas	2.08900000000000000000	NULL	2025-06-24 04:31:02	2025-06-24 04:31:02
3988	Polyester	New Zealand	Raw Material	energy	Electricity	65.86600000000000000000	NULL	2025-06-24 04:31:02	2025-06-24 04:31:02
3989	Polyester	New Zealand	Raw Material	water	Water	19.76400000000000000000	NULL	2025-06-24 04:31:02	2025-06-24 04:31:02
3990	Polyester	New Zealand	Sampling	carbon dioxide	Gas	0.05400000000000000000	NULL	2025-06-24 04:31:02	2025-06-24 04:31:02
3991	Polyester	New Zealand	Sampling	energy	Electricity	1.14000000000000000000	NULL	2025-06-24 04:31:02	2025-06-24 04:31:02
3992	Polyester	New Zealand	Sampling	water	Water	0.21100000000000000000	NULL	2025-06-24 04:31:02	2025-06-24 04:31:02
3993	Polyester	New Zealand	Spinning	carbon dioxide	Gas	0.53100000000000000000	NULL	2025-06-24 04:31:02	2025-06-24 04:31:02
3994	Polyester	New Zealand	Spinning	energy	Electricity	3.69300000000000000000	NULL	2025-06-24 04:31:02	2025-06-24 04:31:02
3995	Polyester	New Zealand	Spinning	water	Water	0.54400000000000000000	NULL	2025-06-24 04:31:02	2025-06-24 04:31:02
3996	Polyester	New Zealand	Trims	carbon dioxide	Gas	0.05900000000000000000	NULL	2025-06-24 04:31:02	2025-06-24 04:31:02
3997	Polyester	New Zealand	Trims	energy	Electricity	1.00200000000000000000	NULL	2025-06-24 04:31:02	2025-06-24 04:31:02
3998	Polyester	New Zealand	Trims	water	Water	0.19700000000000000000	NULL	2025-06-24 04:31:02	2025-06-24 04:31:02
3999	Polyester	New Zealand	Weaving	carbon dioxide	Gas	0.76900000000000000000	NULL	2025-06-24 04:31:02	2025-06-24 04:31:02
4000	Polyester	New Zealand	Weaving	energy	Electricity	5.23200000000000000000	NULL	2025-06-24 04:31:02	2025-06-24 04:31:02
4001	Polyester	New Zealand	Weaving	water	Water	1.91200000000000000000	NULL	2025-06-24 04:31:02	2025-06-24 04:31:02
4002	Wool	New Zealand	Dyeing	carbon dioxide	Gas	2.14100000000000000000	NULL	2025-06-24 04:31:02	2025-06-24 04:31:02
4003	Wool	New Zealand	Dyeing	energy	Electricity	19.00500000000000000000	NULL	2025-06-24 04:31:02	2025-06-24 04:31:02
4004	Wool	New Zealand	Dyeing	water	Water	39.31800000000000000000	NULL	2025-06-24 04:31:02	2025-06-24 04:31:02
4005	Wool	New Zealand	Manufacturing	carbon dioxide	Gas	0.13400000000000000000	NULL	2025-06-24 04:31:02	2025-06-24 04:31:02
4006	Wool	New Zealand	Manufacturing	energy	Electricity	3.39300000000000000000	NULL	2025-06-24 04:31:02	2025-06-24 04:31:02
4007	Wool	New Zealand	Manufacturing	water	Water	2.76900000000000000000	NULL	2025-06-24 04:31:02	2025-06-24 04:31:02
4008	Wool	New Zealand	Raw Material	carbon dioxide	Gas	5.99600000000000000000	NULL	2025-06-24 04:31:02	2025-06-24 04:31:02
4009	Wool	New Zealand	Raw Material	energy	Electricity	20.66200000000000000000	NULL	2025-06-24 04:31:02	2025-06-24 04:31:02
4010	Wool	New Zealand	Raw Material	water	Water	815.84200000000000000000	NULL	2025-06-24 04:31:02	2025-06-24 04:31:02
4011	Wool	New Zealand	Sampling	carbon dioxide	Gas	0.05800000000000000000	NULL	2025-06-24 04:31:02	2025-06-24 04:31:02
4012	Wool	New Zealand	Sampling	energy	Electricity	1.55800000000000000000	NULL	2025-06-24 04:31:02	2025-06-24 04:31:02
4013	Wool	New Zealand	Sampling	water	Water	0.30500000000000000000	NULL	2025-06-24 04:31:02	2025-06-24 04:31:02
4014	Wool	New Zealand	Spinning	carbon dioxide	Gas	0.48100000000000000000	NULL	2025-06-24 04:31:02	2025-06-24 04:31:02
4015	Wool	New Zealand	Spinning	energy	Electricity	5.54300000000000000000	NULL	2025-06-24 04:31:02	2025-06-24 04:31:02
4016	Wool	New Zealand	Spinning	water	Water	1.00900000000000000000	NULL	2025-06-24 04:31:02	2025-06-24 04:31:02
4017	Wool	New Zealand	Trims	carbon dioxide	Gas	0.06700000000000000000	NULL	2025-06-24 04:31:02	2025-06-24 04:31:02
4018	Wool	New Zealand	Trims	energy	Electricity	1.37200000000000000000	NULL	2025-06-24 04:31:02	2025-06-24 04:31:02
4019	Wool	New Zealand	Trims	water	Water	0.31300000000000000000	NULL	2025-06-24 04:31:02	2025-06-24 04:31:02
4020	Wool	New Zealand	Weaving	carbon dioxide	Gas	0.66200000000000000000	NULL	2025-06-24 04:31:02	2025-06-24 04:31:02
4021	Wool	New Zealand	Weaving	energy	Electricity	6.93400000000000000000	NULL	2025-06-24 04:31:02	2025-06-24 04:31:02
4022	Wool	New Zealand	Weaving	water	Water	2.94000000000000000000	NULL	2025-06-24 04:31:02	2025-06-24 04:31:02
4023	Cotton	Pakistan	Dyeing	carbon dioxide	Gas	2.67800000000000000000	NULL	2025-06-24 04:31:02	2025-06-24 04:31:02
4024	Cotton	Pakistan	Dyeing	energy	Electricity	14.79300000000000000000	NULL	2025-06-24 04:31:02	2025-06-24 04:31:02
4025	Cotton	Pakistan	Dyeing	water	Water	54.22600000000000000000	NULL	2025-06-24 04:31:02	2025-06-24 04:31:02
4026	Cotton	Pakistan	Manufacturing	carbon dioxide	Gas	0.22500000000000000000	NULL	2025-06-24 04:31:02	2025-06-24 04:31:02
4027	Cotton	Pakistan	Manufacturing	energy	Electricity	3.37300000000000000000	NULL	2025-06-24 04:31:02	2025-06-24 04:31:02
4028	Cotton	Pakistan	Manufacturing	water	Water	5.02900000000000000000	NULL	2025-06-24 04:31:02	2025-06-24 04:31:02
4029	Cotton	Pakistan	Raw Material	carbon dioxide	Gas	19.27200000000000000000	NULL	2025-06-24 04:31:02	2025-06-24 04:31:02
4030	Cotton	Pakistan	Raw Material	energy	Electricity	10.89600000000000000000	NULL	2025-06-24 04:31:02	2025-06-24 04:31:02
4031	Cotton	Pakistan	Raw Material	water	Water	10576.06500000000000000000	NULL	2025-06-24 04:31:02	2025-06-24 04:31:02
4032	Cotton	Pakistan	Sampling	carbon dioxide	Gas	0.12200000000000000000	NULL	2025-06-24 04:31:02	2025-06-24 04:31:02
4033	Cotton	Pakistan	Sampling	energy	Electricity	1.95400000000000000000	NULL	2025-06-24 04:31:02	2025-06-24 04:31:02
4034	Cotton	Pakistan	Sampling	water	Water	0.48900000000000000000	NULL	2025-06-24 04:31:02	2025-06-24 04:31:02
4035	Cotton	Pakistan	Spinning	carbon dioxide	Gas	3.23500000000000000000	NULL	2025-06-24 04:31:02	2025-06-24 04:31:02
4036	Cotton	Pakistan	Spinning	energy	Electricity	1.89500000000000000000	NULL	2025-06-24 04:31:02	2025-06-24 04:31:02
4037	Cotton	Pakistan	Spinning	water	Water	3.49600000000000000000	NULL	2025-06-24 04:31:02	2025-06-24 04:31:02
4038	Cotton	Pakistan	Trims	carbon dioxide	Gas	0.11100000000000000000	NULL	2025-06-24 04:31:02	2025-06-24 04:31:02
4039	Cotton	Pakistan	Trims	energy	Electricity	1.77000000000000000000	NULL	2025-06-24 04:31:02	2025-06-24 04:31:02
4040	Cotton	Pakistan	Trims	water	Water	0.45300000000000000000	NULL	2025-06-24 04:31:02	2025-06-24 04:31:02
4041	Cotton	Pakistan	Weaving	carbon dioxide	Gas	0.92200000000000000000	NULL	2025-06-24 04:31:02	2025-06-24 04:31:02
4042	Cotton	Pakistan	Weaving	energy	Electricity	7.55000000000000000000	NULL	2025-06-24 04:31:02	2025-06-24 04:31:02
4043	Cotton	Pakistan	Weaving	water	Water	4.52700000000000000000	NULL	2025-06-24 04:31:02	2025-06-24 04:31:02
4044	Hemp	Pakistan	Dyeing	carbon dioxide	Gas	2.42600000000000000000	NULL	2025-06-24 04:31:02	2025-06-24 04:31:02
4045	Hemp	Pakistan	Dyeing	energy	Electricity	12.21800000000000000000	NULL	2025-06-24 04:31:02	2025-06-24 04:31:02
4046	Hemp	Pakistan	Dyeing	water	Water	31.58800000000000000000	NULL	2025-06-24 04:31:02	2025-06-24 04:31:02
4047	Hemp	Pakistan	Manufacturing	carbon dioxide	Gas	0.14700000000000000000	NULL	2025-06-24 04:31:02	2025-06-24 04:31:02
4048	Hemp	Pakistan	Manufacturing	energy	Electricity	2.36600000000000000000	NULL	2025-06-24 04:31:02	2025-06-24 04:31:02
4049	Hemp	Pakistan	Manufacturing	water	Water	2.58400000000000000000	NULL	2025-06-24 04:31:02	2025-06-24 04:31:02
4050	Hemp	Pakistan	Raw Material	carbon dioxide	Gas	2.40900000000000000000	NULL	2025-06-24 04:31:02	2025-06-24 04:31:02
4051	Hemp	Pakistan	Raw Material	energy	Electricity	5.15200000000000000000	NULL	2025-06-24 04:31:02	2025-06-24 04:31:02
4052	Hemp	Pakistan	Raw Material	water	Water	457.10600000000000000000	NULL	2025-06-24 04:31:02	2025-06-24 04:31:02
4053	Hemp	Pakistan	Sampling	carbon dioxide	Gas	0.07500000000000000000	NULL	2025-06-24 04:31:02	2025-06-24 04:31:02
4054	Hemp	Pakistan	Sampling	energy	Electricity	0.96600000000000000000	NULL	2025-06-24 04:31:02	2025-06-24 04:31:02
4055	Hemp	Pakistan	Sampling	water	Water	0.24000000000000000000	NULL	2025-06-24 04:31:02	2025-06-24 04:31:02
4056	Hemp	Pakistan	Spinning	carbon dioxide	Gas	0.47700000000000000000	NULL	2025-06-24 04:31:02	2025-06-24 04:31:02
4057	Hemp	Pakistan	Spinning	energy	Electricity	2.86500000000000000000	NULL	2025-06-24 04:31:02	2025-06-24 04:31:02
4058	Hemp	Pakistan	Spinning	water	Water	0.83500000000000000000	NULL	2025-06-24 04:31:02	2025-06-24 04:31:02
4059	Hemp	Pakistan	Trims	carbon dioxide	Gas	0.08600000000000000000	NULL	2025-06-24 04:31:02	2025-06-24 04:31:02
4060	Hemp	Pakistan	Trims	energy	Electricity	0.96900000000000000000	NULL	2025-06-24 04:31:02	2025-06-24 04:31:02
4061	Hemp	Pakistan	Trims	water	Water	0.27100000000000000000	NULL	2025-06-24 04:31:02	2025-06-24 04:31:02
4062	Hemp	Pakistan	Weaving	carbon dioxide	Gas	0.71100000000000000000	NULL	2025-06-24 04:31:02	2025-06-24 04:31:02
4063	Hemp	Pakistan	Weaving	energy	Electricity	3.97400000000000000000	NULL	2025-06-24 04:31:02	2025-06-24 04:31:02
4064	Hemp	Pakistan	Weaving	water	Water	2.39800000000000000000	NULL	2025-06-24 04:31:02	2025-06-24 04:31:02
4065	Nylon	Pakistan	Dyeing	carbon dioxide	Gas	3.34000000000000000000	NULL	2025-06-24 04:31:02	2025-06-24 04:31:02
4066	Nylon	Pakistan	Dyeing	energy	Electricity	19.27500000000000000000	NULL	2025-06-24 04:31:02	2025-06-24 04:31:02
4067	Nylon	Pakistan	Dyeing	water	Water	15.00400000000000000000	NULL	2025-06-24 04:31:02	2025-06-24 04:31:02
4068	Nylon	Pakistan	Manufacturing	carbon dioxide	Gas	0.21500000000000000000	NULL	2025-06-24 04:31:02	2025-06-24 04:31:02
4069	Nylon	Pakistan	Manufacturing	energy	Electricity	3.37900000000000000000	NULL	2025-06-24 04:31:02	2025-06-24 04:31:02
4070	Nylon	Pakistan	Manufacturing	water	Water	2.04700000000000000000	NULL	2025-06-24 04:31:02	2025-06-24 04:31:02
4071	Nylon	Pakistan	Raw Material	carbon dioxide	Gas	5.98500000000000000000	NULL	2025-06-24 04:31:02	2025-06-24 04:31:02
4072	Nylon	Pakistan	Raw Material	energy	Electricity	59.76300000000000000000	NULL	2025-06-24 04:31:02	2025-06-24 04:31:02
4073	Nylon	Pakistan	Raw Material	water	Water	20.92900000000000000000	NULL	2025-06-24 04:31:02	2025-06-24 04:31:02
4074	Nylon	Pakistan	Sampling	carbon dioxide	Gas	0.09900000000000000000	NULL	2025-06-24 04:31:02	2025-06-24 04:31:02
4075	Nylon	Pakistan	Sampling	energy	Electricity	1.10600000000000000000	NULL	2025-06-24 04:31:02	2025-06-24 04:31:02
4076	Nylon	Pakistan	Sampling	water	Water	0.20200000000000000000	NULL	2025-06-24 04:31:02	2025-06-24 04:31:02
4077	Nylon	Pakistan	Spinning	carbon dioxide	Gas	1.05700000000000000000	NULL	2025-06-24 04:31:02	2025-06-24 04:31:02
4078	Nylon	Pakistan	Spinning	energy	Electricity	4.11500000000000000000	NULL	2025-06-24 04:31:02	2025-06-24 04:31:02
4079	Nylon	Pakistan	Spinning	water	Water	0.49600000000000000000	NULL	2025-06-24 04:31:02	2025-06-24 04:31:02
4080	Nylon	Pakistan	Trims	carbon dioxide	Gas	0.10800000000000000000	NULL	2025-06-24 04:31:02	2025-06-24 04:31:02
4081	Nylon	Pakistan	Trims	energy	Electricity	1.10300000000000000000	NULL	2025-06-24 04:31:02	2025-06-24 04:31:02
4082	Nylon	Pakistan	Trims	water	Water	0.19100000000000000000	NULL	2025-06-24 04:31:02	2025-06-24 04:31:02
4083	Nylon	Pakistan	Weaving	carbon dioxide	Gas	1.23400000000000000000	NULL	2025-06-24 04:31:02	2025-06-24 04:31:02
4084	Nylon	Pakistan	Weaving	energy	Electricity	5.52200000000000000000	NULL	2025-06-24 04:31:02	2025-06-24 04:31:02
4085	Nylon	Pakistan	Weaving	water	Water	1.97100000000000000000	NULL	2025-06-24 04:31:02	2025-06-24 04:31:02
4086	Polyester	Pakistan	Dyeing	carbon dioxide	Gas	3.99900000000000000000	NULL	2025-06-24 04:31:02	2025-06-24 04:31:02
4087	Polyester	Pakistan	Dyeing	energy	Electricity	22.22400000000000000000	NULL	2025-06-24 04:31:02	2025-06-24 04:31:02
4088	Polyester	Pakistan	Dyeing	water	Water	10.38900000000000000000	NULL	2025-06-24 04:31:02	2025-06-24 04:31:02
4089	Polyester	Pakistan	Manufacturing	carbon dioxide	Gas	0.17900000000000000000	NULL	2025-06-24 04:31:02	2025-06-24 04:31:02
4090	Polyester	Pakistan	Manufacturing	energy	Electricity	2.80200000000000000000	NULL	2025-06-24 04:31:02	2025-06-24 04:31:02
4091	Polyester	Pakistan	Manufacturing	water	Water	2.00000000000000000000	NULL	2025-06-24 04:31:02	2025-06-24 04:31:02
4092	Polyester	Pakistan	Raw Material	carbon dioxide	Gas	3.51500000000000000000	NULL	2025-06-24 04:31:02	2025-06-24 04:31:02
4093	Polyester	Pakistan	Raw Material	energy	Electricity	66.57300000000000000000	NULL	2025-06-24 04:31:02	2025-06-24 04:31:02
4094	Polyester	Pakistan	Raw Material	water	Water	19.64800000000000000000	NULL	2025-06-24 04:31:02	2025-06-24 04:31:02
4095	Polyester	Pakistan	Sampling	carbon dioxide	Gas	0.09900000000000000000	NULL	2025-06-24 04:31:02	2025-06-24 04:31:02
4096	Polyester	Pakistan	Sampling	energy	Electricity	1.15800000000000000000	NULL	2025-06-24 04:31:02	2025-06-24 04:31:02
4097	Polyester	Pakistan	Sampling	water	Water	0.20700000000000000000	NULL	2025-06-24 04:31:02	2025-06-24 04:31:02
4098	Polyester	Pakistan	Spinning	carbon dioxide	Gas	0.91400000000000000000	NULL	2025-06-24 04:31:02	2025-06-24 04:31:02
4099	Polyester	Pakistan	Spinning	energy	Electricity	3.42200000000000000000	NULL	2025-06-24 04:31:02	2025-06-24 04:31:02
4100	Polyester	Pakistan	Spinning	water	Water	0.51400000000000000000	NULL	2025-06-24 04:31:02	2025-06-24 04:31:02
4101	Polyester	Pakistan	Trims	carbon dioxide	Gas	0.09200000000000000000	NULL	2025-06-24 04:31:02	2025-06-24 04:31:02
4102	Polyester	Pakistan	Trims	energy	Electricity	1.04100000000000000000	NULL	2025-06-24 04:31:02	2025-06-24 04:31:02
4103	Polyester	Pakistan	Trims	water	Water	0.20900000000000000000	NULL	2025-06-24 04:31:02	2025-06-24 04:31:02
4104	Polyester	Pakistan	Weaving	carbon dioxide	Gas	1.07400000000000000000	NULL	2025-06-24 04:31:02	2025-06-24 04:31:02
4105	Polyester	Pakistan	Weaving	energy	Electricity	5.64200000000000000000	NULL	2025-06-24 04:31:02	2025-06-24 04:31:02
4106	Polyester	Pakistan	Weaving	water	Water	2.00700000000000000000	NULL	2025-06-24 04:31:02	2025-06-24 04:31:02
4107	Silk	Pakistan	Dyeing	carbon dioxide	Gas	2.94800000000000000000	NULL	2025-06-24 04:31:02	2025-06-24 04:31:02
4108	Silk	Pakistan	Dyeing	energy	Electricity	18.08600000000000000000	NULL	2025-06-24 04:31:02	2025-06-24 04:31:02
4109	Silk	Pakistan	Dyeing	water	Water	43.82300000000000000000	NULL	2025-06-24 04:31:02	2025-06-24 04:31:02
4110	Silk	Pakistan	Manufacturing	carbon dioxide	Gas	0.25400000000000000000	NULL	2025-06-24 04:31:02	2025-06-24 04:31:02
4111	Silk	Pakistan	Manufacturing	energy	Electricity	3.69200000000000000000	NULL	2025-06-24 04:31:02	2025-06-24 04:31:02
4112	Silk	Pakistan	Manufacturing	water	Water	3.84300000000000000000	NULL	2025-06-24 04:31:02	2025-06-24 04:31:02
4113	Silk	Pakistan	Raw Material	carbon dioxide	Gas	21.14100000000000000000	NULL	2025-06-24 04:31:02	2025-06-24 04:31:02
4114	Silk	Pakistan	Raw Material	energy	Electricity	28.06400000000000000000	NULL	2025-06-24 04:31:02	2025-06-24 04:31:02
4115	Silk	Pakistan	Raw Material	water	Water	9039.40700000000000000000	NULL	2025-06-24 04:31:02	2025-06-24 04:31:02
4116	Silk	Pakistan	Sampling	carbon dioxide	Gas	0.12500000000000000000	NULL	2025-06-24 04:31:02	2025-06-24 04:31:02
4117	Silk	Pakistan	Sampling	energy	Electricity	1.71500000000000000000	NULL	2025-06-24 04:31:02	2025-06-24 04:31:02
4118	Silk	Pakistan	Sampling	water	Water	0.41800000000000000000	NULL	2025-06-24 04:31:02	2025-06-24 04:31:02
4119	Silk	Pakistan	Spinning	carbon dioxide	Gas	0.73300000000000000000	NULL	2025-06-24 04:31:02	2025-06-24 04:31:02
4120	Silk	Pakistan	Spinning	energy	Electricity	6.84200000000000000000	NULL	2025-06-24 04:31:02	2025-06-24 04:31:02
4121	Silk	Pakistan	Spinning	water	Water	1.55700000000000000000	NULL	2025-06-24 04:31:02	2025-06-24 04:31:02
4122	Silk	Pakistan	Trims	carbon dioxide	Gas	0.10600000000000000000	NULL	2025-06-24 04:31:02	2025-06-24 04:31:02
4123	Silk	Pakistan	Trims	energy	Electricity	1.50800000000000000000	NULL	2025-06-24 04:31:02	2025-06-24 04:31:02
4124	Silk	Pakistan	Trims	water	Water	0.39800000000000000000	NULL	2025-06-24 04:31:02	2025-06-24 04:31:02
4125	Silk	Pakistan	Weaving	carbon dioxide	Gas	0.93400000000000000000	NULL	2025-06-24 04:31:02	2025-06-24 04:31:02
4126	Silk	Pakistan	Weaving	energy	Electricity	7.34300000000000000000	NULL	2025-06-24 04:31:02	2025-06-24 04:31:02
4127	Silk	Pakistan	Weaving	water	Water	4.37600000000000000000	NULL	2025-06-24 04:31:02	2025-06-24 04:31:02
4128	Wool	Pakistan	Dyeing	carbon dioxide	Gas	3.60900000000000000000	NULL	2025-06-24 04:31:02	2025-06-24 04:31:02
4129	Wool	Pakistan	Dyeing	energy	Electricity	16.49000000000000000000	NULL	2025-06-24 04:31:02	2025-06-24 04:31:02
4130	Wool	Pakistan	Dyeing	water	Water	38.47100000000000000000	NULL	2025-06-24 04:31:02	2025-06-24 04:31:02
4131	Wool	Pakistan	Manufacturing	carbon dioxide	Gas	0.22100000000000000000	NULL	2025-06-24 04:31:02	2025-06-24 04:31:02
4132	Wool	Pakistan	Manufacturing	energy	Electricity	3.14100000000000000000	NULL	2025-06-24 04:31:02	2025-06-24 04:31:02
4133	Wool	Pakistan	Manufacturing	water	Water	2.93200000000000000000	NULL	2025-06-24 04:31:02	2025-06-24 04:31:02
4134	Wool	Pakistan	Raw Material	carbon dioxide	Gas	99.44200000000000000000	NULL	2025-06-24 04:31:02	2025-06-24 04:31:02
4135	Wool	Pakistan	Raw Material	energy	Electricity	18.37300000000000000000	NULL	2025-06-24 04:31:02	2025-06-24 04:31:02
4136	Wool	Pakistan	Raw Material	water	Water	829.31200000000000000000	NULL	2025-06-24 04:31:02	2025-06-24 04:31:02
4137	Wool	Pakistan	Sampling	carbon dioxide	Gas	0.10600000000000000000	NULL	2025-06-24 04:31:02	2025-06-24 04:31:02
4138	Wool	Pakistan	Sampling	energy	Electricity	1.44300000000000000000	NULL	2025-06-24 04:31:02	2025-06-24 04:31:02
4139	Wool	Pakistan	Sampling	water	Water	0.31200000000000000000	NULL	2025-06-24 04:31:02	2025-06-24 04:31:02
4140	Wool	Pakistan	Spinning	carbon dioxide	Gas	0.75000000000000000000	NULL	2025-06-24 04:31:02	2025-06-24 04:31:02
4141	Wool	Pakistan	Spinning	energy	Electricity	5.32100000000000000000	NULL	2025-06-24 04:31:02	2025-06-24 04:31:02
4142	Wool	Pakistan	Spinning	water	Water	1.00800000000000000000	NULL	2025-06-24 04:31:02	2025-06-24 04:31:02
4143	Wool	Pakistan	Trims	carbon dioxide	Gas	0.10600000000000000000	NULL	2025-06-24 04:31:02	2025-06-24 04:31:02
4144	Wool	Pakistan	Trims	energy	Electricity	1.38100000000000000000	NULL	2025-06-24 04:31:02	2025-06-24 04:31:02
4145	Wool	Pakistan	Trims	water	Water	0.30400000000000000000	NULL	2025-06-24 04:31:02	2025-06-24 04:31:02
4146	Wool	Pakistan	Weaving	carbon dioxide	Gas	0.94500000000000000000	NULL	2025-06-24 04:31:02	2025-06-24 04:31:02
4147	Wool	Pakistan	Weaving	energy	Electricity	6.33700000000000000000	NULL	2025-06-24 04:31:02	2025-06-24 04:31:02
4148	Wool	Pakistan	Weaving	water	Water	2.85700000000000000000	NULL	2025-06-24 04:31:02	2025-06-24 04:31:02
4149	Cotton	Peru	Dyeing	carbon dioxide	Gas	2.54900000000000000000	NULL	2025-06-24 04:31:02	2025-06-24 04:31:02
4150	Cotton	Peru	Dyeing	energy	Electricity	14.72100000000000000000	NULL	2025-06-24 04:31:02	2025-06-24 04:31:02
4151	Cotton	Peru	Dyeing	water	Water	50.09700000000000000000	NULL	2025-06-24 04:31:02	2025-06-24 04:31:02
4152	Cotton	Peru	Manufacturing	carbon dioxide	Gas	0.21300000000000000000	NULL	2025-06-24 04:31:02	2025-06-24 04:31:02
4153	Cotton	Peru	Manufacturing	energy	Electricity	3.37300000000000000000	NULL	2025-06-24 04:31:02	2025-06-24 04:31:02
4154	Cotton	Peru	Manufacturing	water	Water	5.35300000000000000000	NULL	2025-06-24 04:31:02	2025-06-24 04:31:02
4155	Cotton	Peru	Raw Material	carbon dioxide	Gas	1.48500000000000000000	NULL	2025-06-24 04:31:02	2025-06-24 04:31:02
4156	Cotton	Peru	Raw Material	energy	Electricity	9.54700000000000000000	NULL	2025-06-24 04:31:02	2025-06-24 04:31:02
4157	Cotton	Peru	Raw Material	water	Water	10432.17400000000000000000	NULL	2025-06-24 04:31:02	2025-06-24 04:31:02
4158	Cotton	Peru	Sampling	carbon dioxide	Gas	0.09900000000000000000	NULL	2025-06-24 04:31:02	2025-06-24 04:31:02
4159	Cotton	Peru	Sampling	energy	Electricity	1.69300000000000000000	NULL	2025-06-24 04:31:02	2025-06-24 04:31:02
4160	Cotton	Peru	Sampling	water	Water	0.53300000000000000000	NULL	2025-06-24 04:31:02	2025-06-24 04:31:02
4161	Cotton	Peru	Spinning	carbon dioxide	Gas	0.52900000000000000000	NULL	2025-06-24 04:31:02	2025-06-24 04:31:02
4162	Cotton	Peru	Spinning	energy	Electricity	6.45200000000000000000	NULL	2025-06-24 04:31:02	2025-06-24 04:31:02
4163	Cotton	Peru	Spinning	water	Water	1.81700000000000000000	NULL	2025-06-24 04:31:02	2025-06-24 04:31:02
4164	Cotton	Peru	Trims	carbon dioxide	Gas	0.10200000000000000000	NULL	2025-06-24 04:31:02	2025-06-24 04:31:02
4165	Cotton	Peru	Trims	energy	Electricity	1.78300000000000000000	NULL	2025-06-24 04:31:02	2025-06-24 04:31:02
4166	Cotton	Peru	Trims	water	Water	0.50100000000000000000	NULL	2025-06-24 04:31:02	2025-06-24 04:31:02
4167	Cotton	Peru	Weaving	carbon dioxide	Gas	0.72200000000000000000	NULL	2025-06-24 04:31:02	2025-06-24 04:31:02
4168	Cotton	Peru	Weaving	energy	Electricity	7.46600000000000000000	NULL	2025-06-24 04:31:02	2025-06-24 04:31:02
4169	Cotton	Peru	Weaving	water	Water	4.92200000000000000000	NULL	2025-06-24 04:31:02	2025-06-24 04:31:02
4170	Hemp	Peru	Dyeing	carbon dioxide	Gas	2.14000000000000000000	NULL	2025-06-24 04:31:02	2025-06-24 04:31:02
4171	Hemp	Peru	Dyeing	energy	Electricity	12.47100000000000000000	NULL	2025-06-24 04:31:02	2025-06-24 04:31:02
4172	Hemp	Peru	Dyeing	water	Water	29.88100000000000000000	NULL	2025-06-24 04:31:02	2025-06-24 04:31:02
4173	Hemp	Peru	Manufacturing	carbon dioxide	Gas	0.12400000000000000000	NULL	2025-06-24 04:31:02	2025-06-24 04:31:02
4174	Hemp	Peru	Manufacturing	energy	Electricity	2.41800000000000000000	NULL	2025-06-24 04:31:02	2025-06-24 04:31:02
4175	Hemp	Peru	Manufacturing	water	Water	2.57000000000000000000	NULL	2025-06-24 04:31:02	2025-06-24 04:31:02
4176	Hemp	Peru	Raw Material	carbon dioxide	Gas	0.19600000000000000000	NULL	2025-06-24 04:31:02	2025-06-24 04:31:02
4177	Hemp	Peru	Raw Material	energy	Electricity	4.92900000000000000000	NULL	2025-06-24 04:31:02	2025-06-24 04:31:02
4178	Hemp	Peru	Raw Material	water	Water	541.09900000000000000000	NULL	2025-06-24 04:31:02	2025-06-24 04:31:02
4179	Hemp	Peru	Sampling	carbon dioxide	Gas	0.07000000000000000000	NULL	2025-06-24 04:31:02	2025-06-24 04:31:02
4180	Hemp	Peru	Sampling	energy	Electricity	0.91300000000000000000	NULL	2025-06-24 04:31:02	2025-06-24 04:31:02
4181	Hemp	Peru	Sampling	water	Water	0.23000000000000000000	NULL	2025-06-24 04:31:02	2025-06-24 04:31:02
4182	Hemp	Peru	Spinning	carbon dioxide	Gas	0.38500000000000000000	NULL	2025-06-24 04:31:02	2025-06-24 04:31:02
4183	Hemp	Peru	Spinning	energy	Electricity	2.64000000000000000000	NULL	2025-06-24 04:31:02	2025-06-24 04:31:02
4184	Hemp	Peru	Spinning	water	Water	0.77200000000000000000	NULL	2025-06-24 04:31:02	2025-06-24 04:31:02
4185	Hemp	Peru	Trims	carbon dioxide	Gas	0.07000000000000000000	NULL	2025-06-24 04:31:02	2025-06-24 04:31:02
4186	Hemp	Peru	Trims	energy	Electricity	0.96600000000000000000	NULL	2025-06-24 04:31:02	2025-06-24 04:31:02
4187	Hemp	Peru	Trims	water	Water	0.26600000000000000000	NULL	2025-06-24 04:31:02	2025-06-24 04:31:02
4188	Hemp	Peru	Weaving	carbon dioxide	Gas	0.57000000000000000000	NULL	2025-06-24 04:31:02	2025-06-24 04:31:02
4189	Hemp	Peru	Weaving	energy	Electricity	4.39500000000000000000	NULL	2025-06-24 04:31:02	2025-06-24 04:31:02
4190	Hemp	Peru	Weaving	water	Water	2.35900000000000000000	NULL	2025-06-24 04:31:02	2025-06-24 04:31:02
4191	Polyester	Peru	Dyeing	carbon dioxide	Gas	3.73000000000000000000	NULL	2025-06-24 04:31:02	2025-06-24 04:31:02
4192	Polyester	Peru	Dyeing	energy	Electricity	20.30100000000000000000	NULL	2025-06-24 04:31:02	2025-06-24 04:31:02
4193	Polyester	Peru	Dyeing	water	Water	10.56200000000000000000	NULL	2025-06-24 04:31:02	2025-06-24 04:31:02
4194	Polyester	Peru	Manufacturing	carbon dioxide	Gas	0.14500000000000000000	NULL	2025-06-24 04:31:02	2025-06-24 04:31:02
4195	Polyester	Peru	Manufacturing	energy	Electricity	2.70000000000000000000	NULL	2025-06-24 04:31:02	2025-06-24 04:31:02
4196	Polyester	Peru	Manufacturing	water	Water	2.13700000000000000000	NULL	2025-06-24 04:31:02	2025-06-24 04:31:02
4197	Polyester	Peru	Raw Material	carbon dioxide	Gas	3.25500000000000000000	NULL	2025-06-24 04:31:02	2025-06-24 04:31:02
4198	Polyester	Peru	Raw Material	energy	Electricity	70.82600000000000000000	NULL	2025-06-24 04:31:02	2025-06-24 04:31:02
4199	Polyester	Peru	Raw Material	water	Water	18.72100000000000000000	NULL	2025-06-24 04:31:02	2025-06-24 04:31:02
4200	Polyester	Peru	Sampling	carbon dioxide	Gas	0.07700000000000000000	NULL	2025-06-24 04:31:02	2025-06-24 04:31:02
4201	Polyester	Peru	Sampling	energy	Electricity	1.16100000000000000000	NULL	2025-06-24 04:31:02	2025-06-24 04:31:02
4202	Polyester	Peru	Sampling	water	Water	0.19300000000000000000	NULL	2025-06-24 04:31:02	2025-06-24 04:31:02
4203	Polyester	Peru	Spinning	carbon dioxide	Gas	0.77500000000000000000	NULL	2025-06-24 04:31:02	2025-06-24 04:31:02
4204	Polyester	Peru	Spinning	energy	Electricity	3.34600000000000000000	NULL	2025-06-24 04:31:02	2025-06-24 04:31:02
4205	Polyester	Peru	Spinning	water	Water	0.51300000000000000000	NULL	2025-06-24 04:31:02	2025-06-24 04:31:02
4206	Polyester	Peru	Trims	carbon dioxide	Gas	0.08100000000000000000	NULL	2025-06-24 04:31:02	2025-06-24 04:31:02
4207	Polyester	Peru	Trims	energy	Electricity	1.12600000000000000000	NULL	2025-06-24 04:31:02	2025-06-24 04:31:02
4208	Polyester	Peru	Trims	water	Water	0.19100000000000000000	NULL	2025-06-24 04:31:02	2025-06-24 04:31:02
4209	Polyester	Peru	Weaving	carbon dioxide	Gas	1.04700000000000000000	NULL	2025-06-24 04:31:02	2025-06-24 04:31:02
4210	Polyester	Peru	Weaving	energy	Electricity	5.00900000000000000000	NULL	2025-06-24 04:31:02	2025-06-24 04:31:02
4211	Polyester	Peru	Weaving	water	Water	2.06400000000000000000	NULL	2025-06-24 04:31:02	2025-06-24 04:31:02
4212	Wool	Peru	Dyeing	carbon dioxide	Gas	3.29600000000000000000	NULL	2025-06-24 04:31:02	2025-06-24 04:31:02
4213	Wool	Peru	Dyeing	energy	Electricity	18.03400000000000000000	NULL	2025-06-24 04:31:02	2025-06-24 04:31:02
4214	Wool	Peru	Dyeing	water	Water	37.03200000000000000000	NULL	2025-06-24 04:31:02	2025-06-24 04:31:02
4215	Wool	Peru	Manufacturing	carbon dioxide	Gas	0.19600000000000000000	NULL	2025-06-24 04:31:02	2025-06-24 04:31:02
4216	Wool	Peru	Manufacturing	energy	Electricity	2.97200000000000000000	NULL	2025-06-24 04:31:02	2025-06-24 04:31:02
4217	Wool	Peru	Manufacturing	water	Water	2.74300000000000000000	NULL	2025-06-24 04:31:02	2025-06-24 04:31:02
4218	Wool	Peru	Raw Material	carbon dioxide	Gas	7.65500000000000000000	NULL	2025-06-24 04:31:02	2025-06-24 04:31:02
4219	Wool	Peru	Raw Material	energy	Electricity	18.49900000000000000000	NULL	2025-06-24 04:31:02	2025-06-24 04:31:02
4220	Wool	Peru	Raw Material	water	Water	785.37800000000000000000	NULL	2025-06-24 04:31:02	2025-06-24 04:31:02
4221	Wool	Peru	Sampling	carbon dioxide	Gas	0.08700000000000000000	NULL	2025-06-24 04:31:02	2025-06-24 04:31:02
4222	Wool	Peru	Sampling	energy	Electricity	1.48100000000000000000	NULL	2025-06-24 04:31:02	2025-06-24 04:31:02
4223	Wool	Peru	Sampling	water	Water	0.31500000000000000000	NULL	2025-06-24 04:31:02	2025-06-24 04:31:02
4224	Wool	Peru	Spinning	carbon dioxide	Gas	0.68400000000000000000	NULL	2025-06-24 04:31:02	2025-06-24 04:31:02
4225	Wool	Peru	Spinning	energy	Electricity	5.65900000000000000000	NULL	2025-06-24 04:31:02	2025-06-24 04:31:02
4226	Wool	Peru	Spinning	water	Water	0.97600000000000000000	NULL	2025-06-24 04:31:02	2025-06-24 04:31:02
4227	Wool	Peru	Trims	carbon dioxide	Gas	0.08700000000000000000	NULL	2025-06-24 04:31:02	2025-06-24 04:31:02
4228	Wool	Peru	Trims	energy	Electricity	1.37700000000000000000	NULL	2025-06-24 04:31:02	2025-06-24 04:31:02
4229	Wool	Peru	Trims	water	Water	0.27600000000000000000	NULL	2025-06-24 04:31:02	2025-06-24 04:31:02
4230	Wool	Peru	Weaving	carbon dioxide	Gas	0.89500000000000000000	NULL	2025-06-24 04:31:02	2025-06-24 04:31:02
4231	Wool	Peru	Weaving	energy	Electricity	5.98100000000000000000	NULL	2025-06-24 04:31:02	2025-06-24 04:31:02
4232	Wool	Peru	Weaving	water	Water	2.78900000000000000000	NULL	2025-06-24 04:31:02	2025-06-24 04:31:02
4233	Abaca	Philippines	Dyeing	carbon dioxide	Gas	2.57700000000000000000	NULL	2025-06-24 04:31:02	2025-06-24 04:31:02
4234	Abaca	Philippines	Dyeing	energy	Electricity	14.41500000000000000000	NULL	2025-06-24 04:31:02	2025-06-24 04:31:02
4235	Abaca	Philippines	Dyeing	water	Water	30.72300000000000000000	NULL	2025-06-24 04:31:02	2025-06-24 04:31:02
4236	Abaca	Philippines	Manufacturing	carbon dioxide	Gas	0.14600000000000000000	NULL	2025-06-24 04:31:02	2025-06-24 04:31:02
4237	Abaca	Philippines	Manufacturing	energy	Electricity	2.43300000000000000000	NULL	2025-06-24 04:31:02	2025-06-24 04:31:02
4238	Abaca	Philippines	Manufacturing	water	Water	2.43200000000000000000	NULL	2025-06-24 04:31:02	2025-06-24 04:31:02
4239	Abaca	Philippines	Raw Material	carbon dioxide	Gas	0.55600000000000000000	NULL	2025-06-24 04:31:02	2025-06-24 04:31:02
4240	Abaca	Philippines	Raw Material	energy	Electricity	8.42700000000000000000	NULL	2025-06-24 04:31:02	2025-06-24 04:31:02
4241	Abaca	Philippines	Raw Material	water	Water	541.01900000000000000000	NULL	2025-06-24 04:31:02	2025-06-24 04:31:02
4242	Abaca	Philippines	Sampling	carbon dioxide	Gas	0.07200000000000000000	NULL	2025-06-24 04:31:02	2025-06-24 04:31:02
4243	Abaca	Philippines	Sampling	energy	Electricity	1.04900000000000000000	NULL	2025-06-24 04:31:02	2025-06-24 04:31:02
4244	Abaca	Philippines	Sampling	water	Water	0.26000000000000000000	NULL	2025-06-24 04:31:02	2025-06-24 04:31:02
4245	Abaca	Philippines	Spinning	carbon dioxide	Gas	0.54000000000000000000	NULL	2025-06-24 04:31:02	2025-06-24 04:31:02
4246	Abaca	Philippines	Spinning	energy	Electricity	3.55400000000000000000	NULL	2025-06-24 04:31:02	2025-06-24 04:31:02
4247	Abaca	Philippines	Spinning	water	Water	0.75400000000000000000	NULL	2025-06-24 04:31:02	2025-06-24 04:31:02
4248	Abaca	Philippines	Trims	carbon dioxide	Gas	0.08100000000000000000	NULL	2025-06-24 04:31:02	2025-06-24 04:31:02
4249	Abaca	Philippines	Trims	energy	Electricity	1.01000000000000000000	NULL	2025-06-24 04:31:02	2025-06-24 04:31:02
4250	Abaca	Philippines	Trims	water	Water	0.24500000000000000000	NULL	2025-06-24 04:31:02	2025-06-24 04:31:02
4251	Abaca	Philippines	Weaving	carbon dioxide	Gas	0.73800000000000000000	NULL	2025-06-24 04:31:02	2025-06-24 04:31:02
4252	Abaca	Philippines	Weaving	energy	Electricity	4.57800000000000000000	NULL	2025-06-24 04:31:02	2025-06-24 04:31:02
4253	Abaca	Philippines	Weaving	water	Water	2.29100000000000000000	NULL	2025-06-24 04:31:02	2025-06-24 04:31:02
4254	Cotton	Philippines	Dyeing	carbon dioxide	Gas	2.82800000000000000000	NULL	2025-06-24 04:31:02	2025-06-24 04:31:02
4255	Cotton	Philippines	Dyeing	energy	Electricity	17.06500000000000000000	NULL	2025-06-24 04:31:02	2025-06-24 04:31:02
4256	Cotton	Philippines	Dyeing	water	Water	52.04900000000000000000	NULL	2025-06-24 04:31:02	2025-06-24 04:31:02
4257	Cotton	Philippines	Manufacturing	carbon dioxide	Gas	0.21300000000000000000	NULL	2025-06-24 04:31:02	2025-06-24 04:31:02
4258	Cotton	Philippines	Manufacturing	energy	Electricity	3.55600000000000000000	NULL	2025-06-24 04:31:02	2025-06-24 04:31:02
4259	Cotton	Philippines	Manufacturing	water	Water	4.72400000000000000000	NULL	2025-06-24 04:31:02	2025-06-24 04:31:02
4260	Cotton	Philippines	Raw Material	carbon dioxide	Gas	1.71500000000000000000	NULL	2025-06-24 04:31:02	2025-06-24 04:31:02
4261	Cotton	Philippines	Raw Material	energy	Electricity	10.70000000000000000000	NULL	2025-06-24 04:31:02	2025-06-24 04:31:02
4262	Cotton	Philippines	Raw Material	water	Water	9335.85900000000000000000	NULL	2025-06-24 04:31:02	2025-06-24 04:31:02
4263	Cotton	Philippines	Sampling	carbon dioxide	Gas	0.10700000000000000000	NULL	2025-06-24 04:31:02	2025-06-24 04:31:02
4264	Cotton	Philippines	Sampling	energy	Electricity	1.96400000000000000000	NULL	2025-06-24 04:31:02	2025-06-24 04:31:02
4265	Cotton	Philippines	Sampling	water	Water	0.51600000000000000000	NULL	2025-06-24 04:31:02	2025-06-24 04:31:02
4266	Cotton	Philippines	Spinning	carbon dioxide	Gas	0.59700000000000000000	NULL	2025-06-24 04:31:02	2025-06-24 04:31:02
4267	Cotton	Philippines	Spinning	energy	Electricity	5.95000000000000000000	NULL	2025-06-24 04:31:02	2025-06-24 04:31:02
4268	Cotton	Philippines	Spinning	water	Water	1.79500000000000000000	NULL	2025-06-24 04:31:02	2025-06-24 04:31:02
4269	Cotton	Philippines	Trims	carbon dioxide	Gas	0.10600000000000000000	NULL	2025-06-24 04:31:02	2025-06-24 04:31:02
4270	Cotton	Philippines	Trims	energy	Electricity	1.74600000000000000000	NULL	2025-06-24 04:31:02	2025-06-24 04:31:02
4271	Cotton	Philippines	Trims	water	Water	0.53400000000000000000	NULL	2025-06-24 04:31:02	2025-06-24 04:31:02
4272	Cotton	Philippines	Weaving	carbon dioxide	Gas	0.96800000000000000000	NULL	2025-06-24 04:31:02	2025-06-24 04:31:02
4273	Cotton	Philippines	Weaving	energy	Electricity	7.37200000000000000000	NULL	2025-06-24 04:31:02	2025-06-24 04:31:02
4274	Cotton	Philippines	Weaving	water	Water	4.85200000000000000000	NULL	2025-06-24 04:31:02	2025-06-24 04:31:02
4275	Hemp	Philippines	Dyeing	carbon dioxide	Gas	2.29600000000000000000	NULL	2025-06-24 04:31:02	2025-06-24 04:31:02
4276	Hemp	Philippines	Dyeing	energy	Electricity	12.68500000000000000000	NULL	2025-06-24 04:31:02	2025-06-24 04:31:02
4277	Hemp	Philippines	Dyeing	water	Water	27.64900000000000000000	NULL	2025-06-24 04:31:02	2025-06-24 04:31:02
4278	Hemp	Philippines	Manufacturing	carbon dioxide	Gas	0.12800000000000000000	NULL	2025-06-24 04:31:02	2025-06-24 04:31:02
4279	Hemp	Philippines	Manufacturing	energy	Electricity	2.37200000000000000000	NULL	2025-06-24 04:31:02	2025-06-24 04:31:02
4280	Hemp	Philippines	Manufacturing	water	Water	2.43600000000000000000	NULL	2025-06-24 04:31:02	2025-06-24 04:31:02
4281	Hemp	Philippines	Raw Material	carbon dioxide	Gas	0.20400000000000000000	NULL	2025-06-24 04:31:02	2025-06-24 04:31:02
4282	Hemp	Philippines	Raw Material	energy	Electricity	4.94800000000000000000	NULL	2025-06-24 04:31:02	2025-06-24 04:31:02
4283	Hemp	Philippines	Raw Material	water	Water	545.65300000000000000000	NULL	2025-06-24 04:31:02	2025-06-24 04:31:02
4284	Hemp	Philippines	Sampling	carbon dioxide	Gas	0.07900000000000000000	NULL	2025-06-24 04:31:02	2025-06-24 04:31:02
4285	Hemp	Philippines	Sampling	energy	Electricity	0.98000000000000000000	NULL	2025-06-24 04:31:02	2025-06-24 04:31:02
4286	Hemp	Philippines	Sampling	water	Water	0.26200000000000000000	NULL	2025-06-24 04:31:02	2025-06-24 04:31:02
4287	Hemp	Philippines	Spinning	carbon dioxide	Gas	0.44200000000000000000	NULL	2025-06-24 04:31:02	2025-06-24 04:31:02
4288	Hemp	Philippines	Spinning	energy	Electricity	2.77700000000000000000	NULL	2025-06-24 04:31:02	2025-06-24 04:31:02
4289	Hemp	Philippines	Spinning	water	Water	0.83800000000000000000	NULL	2025-06-24 04:31:02	2025-06-24 04:31:02
4290	Hemp	Philippines	Trims	carbon dioxide	Gas	0.07500000000000000000	NULL	2025-06-24 04:31:02	2025-06-24 04:31:02
4291	Hemp	Philippines	Trims	energy	Electricity	0.94200000000000000000	NULL	2025-06-24 04:31:02	2025-06-24 04:31:02
4292	Hemp	Philippines	Trims	water	Water	0.23900000000000000000	NULL	2025-06-24 04:31:02	2025-06-24 04:31:02
4293	Hemp	Philippines	Weaving	carbon dioxide	Gas	0.60800000000000000000	NULL	2025-06-24 04:31:02	2025-06-24 04:31:02
4294	Hemp	Philippines	Weaving	energy	Electricity	4.14700000000000000000	NULL	2025-06-24 04:31:02	2025-06-24 04:31:02
4295	Hemp	Philippines	Weaving	water	Water	2.67700000000000000000	NULL	2025-06-24 04:31:02	2025-06-24 04:31:02
4296	Polyester	Philippines	Dyeing	carbon dioxide	Gas	3.69100000000000000000	NULL	2025-06-24 04:31:02	2025-06-24 04:31:02
4297	Polyester	Philippines	Dyeing	energy	Electricity	22.35800000000000000000	NULL	2025-06-24 04:31:02	2025-06-24 04:31:02
4298	Polyester	Philippines	Dyeing	water	Water	9.55500000000000000000	NULL	2025-06-24 04:31:02	2025-06-24 04:31:02
4299	Polyester	Philippines	Manufacturing	carbon dioxide	Gas	0.17800000000000000000	NULL	2025-06-24 04:31:02	2025-06-24 04:31:02
4300	Polyester	Philippines	Manufacturing	energy	Electricity	2.80700000000000000000	NULL	2025-06-24 04:31:02	2025-06-24 04:31:02
4301	Polyester	Philippines	Manufacturing	water	Water	2.03100000000000000000	NULL	2025-06-24 04:31:02	2025-06-24 04:31:02
4302	Polyester	Philippines	Raw Material	carbon dioxide	Gas	3.05000000000000000000	NULL	2025-06-24 04:31:02	2025-06-24 04:31:02
4303	Polyester	Philippines	Raw Material	energy	Electricity	65.94900000000000000000	NULL	2025-06-24 04:31:02	2025-06-24 04:31:02
4304	Polyester	Philippines	Raw Material	water	Water	19.76300000000000000000	NULL	2025-06-24 04:31:02	2025-06-24 04:31:02
4305	Polyester	Philippines	Sampling	carbon dioxide	Gas	0.09100000000000000000	NULL	2025-06-24 04:31:02	2025-06-24 04:31:02
4306	Polyester	Philippines	Sampling	energy	Electricity	1.14000000000000000000	NULL	2025-06-24 04:31:02	2025-06-24 04:31:02
4307	Polyester	Philippines	Sampling	water	Water	0.21800000000000000000	NULL	2025-06-24 04:31:02	2025-06-24 04:31:02
4308	Polyester	Philippines	Spinning	carbon dioxide	Gas	0.92000000000000000000	NULL	2025-06-24 04:31:02	2025-06-24 04:31:02
4309	Polyester	Philippines	Spinning	energy	Electricity	3.82000000000000000000	NULL	2025-06-24 04:31:02	2025-06-24 04:31:02
4310	Polyester	Philippines	Spinning	water	Water	0.45500000000000000000	NULL	2025-06-24 04:31:02	2025-06-24 04:31:02
4311	Polyester	Philippines	Trims	carbon dioxide	Gas	0.09000000000000000000	NULL	2025-06-24 04:31:02	2025-06-24 04:31:02
4312	Polyester	Philippines	Trims	energy	Electricity	1.11500000000000000000	NULL	2025-06-24 04:31:02	2025-06-24 04:31:02
4313	Polyester	Philippines	Trims	water	Water	0.18300000000000000000	NULL	2025-06-24 04:31:02	2025-06-24 04:31:02
4314	Polyester	Philippines	Weaving	carbon dioxide	Gas	1.20900000000000000000	NULL	2025-06-24 04:31:02	2025-06-24 04:31:02
4315	Polyester	Philippines	Weaving	energy	Electricity	5.14500000000000000000	NULL	2025-06-24 04:31:02	2025-06-24 04:31:02
4316	Polyester	Philippines	Weaving	water	Water	2.06300000000000000000	NULL	2025-06-24 04:31:02	2025-06-24 04:31:02
4317	Silk	Philippines	Dyeing	carbon dioxide	Gas	3.04200000000000000000	NULL	2025-06-24 04:31:02	2025-06-24 04:31:02
4318	Silk	Philippines	Dyeing	energy	Electricity	18.67200000000000000000	NULL	2025-06-24 04:31:02	2025-06-24 04:31:02
4319	Silk	Philippines	Dyeing	water	Water	46.03400000000000000000	NULL	2025-06-24 04:31:02	2025-06-24 04:31:02
4320	Silk	Philippines	Manufacturing	carbon dioxide	Gas	0.23400000000000000000	NULL	2025-06-24 04:31:02	2025-06-24 04:31:02
4321	Silk	Philippines	Manufacturing	energy	Electricity	3.85400000000000000000	NULL	2025-06-24 04:31:02	2025-06-24 04:31:02
4322	Silk	Philippines	Manufacturing	water	Water	3.94900000000000000000	NULL	2025-06-24 04:31:02	2025-06-24 04:31:02
4323	Silk	Philippines	Raw Material	carbon dioxide	Gas	1.96800000000000000000	NULL	2025-06-24 04:31:02	2025-06-24 04:31:02
4324	Silk	Philippines	Raw Material	energy	Electricity	27.07200000000000000000	NULL	2025-06-24 04:31:02	2025-06-24 04:31:02
4325	Silk	Philippines	Raw Material	water	Water	10992.20600000000000000000	NULL	2025-06-24 04:31:02	2025-06-24 04:31:02
4326	Silk	Philippines	Sampling	carbon dioxide	Gas	0.10200000000000000000	NULL	2025-06-24 04:31:02	2025-06-24 04:31:02
4327	Silk	Philippines	Sampling	energy	Electricity	1.65300000000000000000	NULL	2025-06-24 04:31:02	2025-06-24 04:31:02
4328	Silk	Philippines	Sampling	water	Water	0.41800000000000000000	NULL	2025-06-24 04:31:02	2025-06-24 04:31:02
4329	Silk	Philippines	Spinning	carbon dioxide	Gas	0.64300000000000000000	NULL	2025-06-24 04:31:02	2025-06-24 04:31:02
4330	Silk	Philippines	Spinning	energy	Electricity	7.40600000000000000000	NULL	2025-06-24 04:31:02	2025-06-24 04:31:02
4331	Silk	Philippines	Spinning	water	Water	1.50200000000000000000	NULL	2025-06-24 04:31:02	2025-06-24 04:31:02
4332	Silk	Philippines	Trims	carbon dioxide	Gas	0.11400000000000000000	NULL	2025-06-24 04:31:02	2025-06-24 04:31:02
4333	Silk	Philippines	Trims	energy	Electricity	1.51600000000000000000	NULL	2025-06-24 04:31:02	2025-06-24 04:31:02
4334	Silk	Philippines	Trims	water	Water	0.38500000000000000000	NULL	2025-06-24 04:31:02	2025-06-24 04:31:02
4335	Silk	Philippines	Weaving	carbon dioxide	Gas	0.95400000000000000000	NULL	2025-06-24 04:31:02	2025-06-24 04:31:02
4336	Silk	Philippines	Weaving	energy	Electricity	8.68100000000000000000	NULL	2025-06-24 04:31:02	2025-06-24 04:31:02
4337	Silk	Philippines	Weaving	water	Water	3.92300000000000000000	NULL	2025-06-24 04:31:02	2025-06-24 04:31:02
4338	Cotton	Poland	Dyeing	carbon dioxide	Gas	3.14400000000000000000	NULL	2025-06-24 04:31:02	2025-06-24 04:31:02
4339	Cotton	Poland	Dyeing	energy	Electricity	16.73100000000000000000	NULL	2025-06-24 04:31:02	2025-06-24 04:31:02
4340	Cotton	Poland	Dyeing	water	Water	52.02300000000000000000	NULL	2025-06-24 04:31:02	2025-06-24 04:31:02
4341	Cotton	Poland	Manufacturing	carbon dioxide	Gas	0.23300000000000000000	NULL	2025-06-24 04:31:02	2025-06-24 04:31:02
4342	Cotton	Poland	Manufacturing	energy	Electricity	3.74500000000000000000	NULL	2025-06-24 04:31:02	2025-06-24 04:31:02
4343	Cotton	Poland	Manufacturing	water	Water	5.37700000000000000000	NULL	2025-06-24 04:31:02	2025-06-24 04:31:02
4344	Cotton	Poland	Raw Material	carbon dioxide	Gas	2.07100000000000000000	NULL	2025-06-24 04:31:02	2025-06-24 04:31:02
4345	Cotton	Poland	Raw Material	energy	Electricity	10.84400000000000000000	NULL	2025-06-24 04:31:02	2025-06-24 04:31:02
4346	Cotton	Poland	Raw Material	water	Water	10749.05400000000000000000	NULL	2025-06-24 04:31:02	2025-06-24 04:31:02
4347	Cotton	Poland	Sampling	carbon dioxide	Gas	0.10900000000000000000	NULL	2025-06-24 04:31:02	2025-06-24 04:31:02
4348	Cotton	Poland	Sampling	energy	Electricity	1.72800000000000000000	NULL	2025-06-24 04:31:02	2025-06-24 04:31:02
4349	Cotton	Poland	Sampling	water	Water	0.51700000000000000000	NULL	2025-06-24 04:31:02	2025-06-24 04:31:02
4350	Cotton	Poland	Spinning	carbon dioxide	Gas	0.53400000000000000000	NULL	2025-06-24 04:31:02	2025-06-24 04:31:02
4351	Cotton	Poland	Spinning	energy	Electricity	5.88000000000000000000	NULL	2025-06-24 04:31:02	2025-06-24 04:31:02
4352	Cotton	Poland	Spinning	water	Water	1.72700000000000000000	NULL	2025-06-24 04:31:02	2025-06-24 04:31:02
4353	Cotton	Poland	Trims	carbon dioxide	Gas	0.11000000000000000000	NULL	2025-06-24 04:31:02	2025-06-24 04:31:02
4354	Cotton	Poland	Trims	energy	Electricity	1.65100000000000000000	NULL	2025-06-24 04:31:02	2025-06-24 04:31:02
4355	Cotton	Poland	Trims	water	Water	0.45100000000000000000	NULL	2025-06-24 04:31:02	2025-06-24 04:31:02
4356	Cotton	Poland	Weaving	carbon dioxide	Gas	0.94400000000000000000	NULL	2025-06-24 04:31:02	2025-06-24 04:31:02
4357	Cotton	Poland	Weaving	energy	Electricity	7.10700000000000000000	NULL	2025-06-24 04:31:02	2025-06-24 04:31:02
4358	Cotton	Poland	Weaving	water	Water	5.06200000000000000000	NULL	2025-06-24 04:31:02	2025-06-24 04:31:02
4359	Hemp	Poland	Dyeing	carbon dioxide	Gas	2.52300000000000000000	NULL	2025-06-24 04:31:02	2025-06-24 04:31:02
4360	Hemp	Poland	Dyeing	energy	Electricity	13.43000000000000000000	NULL	2025-06-24 04:31:02	2025-06-24 04:31:02
4361	Hemp	Poland	Dyeing	water	Water	30.12300000000000000000	NULL	2025-06-24 04:31:02	2025-06-24 04:31:02
4362	Hemp	Poland	Manufacturing	carbon dioxide	Gas	0.14100000000000000000	NULL	2025-06-24 04:31:02	2025-06-24 04:31:02
4363	Hemp	Poland	Manufacturing	energy	Electricity	2.59400000000000000000	NULL	2025-06-24 04:31:02	2025-06-24 04:31:02
4364	Hemp	Poland	Manufacturing	water	Water	2.31000000000000000000	NULL	2025-06-24 04:31:02	2025-06-24 04:31:02
4365	Hemp	Poland	Raw Material	carbon dioxide	Gas	0.24500000000000000000	NULL	2025-06-24 04:31:02	2025-06-24 04:31:02
4366	Hemp	Poland	Raw Material	energy	Electricity	4.85100000000000000000	NULL	2025-06-24 04:31:02	2025-06-24 04:31:02
4367	Hemp	Poland	Raw Material	water	Water	471.73800000000000000000	NULL	2025-06-24 04:31:02	2025-06-24 04:31:02
4368	Hemp	Poland	Sampling	carbon dioxide	Gas	0.07900000000000000000	NULL	2025-06-24 04:31:02	2025-06-24 04:31:02
4369	Hemp	Poland	Sampling	energy	Electricity	0.91000000000000000000	NULL	2025-06-24 04:31:02	2025-06-24 04:31:02
4370	Hemp	Poland	Sampling	water	Water	0.24900000000000000000	NULL	2025-06-24 04:31:02	2025-06-24 04:31:02
4371	Hemp	Poland	Spinning	carbon dioxide	Gas	0.45900000000000000000	NULL	2025-06-24 04:31:02	2025-06-24 04:31:02
4372	Hemp	Poland	Spinning	energy	Electricity	2.60700000000000000000	NULL	2025-06-24 04:31:02	2025-06-24 04:31:02
4373	Hemp	Poland	Spinning	water	Water	0.79600000000000000000	NULL	2025-06-24 04:31:02	2025-06-24 04:31:02
4374	Hemp	Poland	Trims	carbon dioxide	Gas	0.07700000000000000000	NULL	2025-06-24 04:31:02	2025-06-24 04:31:02
4375	Hemp	Poland	Trims	energy	Electricity	0.94400000000000000000	NULL	2025-06-24 04:31:02	2025-06-24 04:31:02
4376	Hemp	Poland	Trims	water	Water	0.24700000000000000000	NULL	2025-06-24 04:31:02	2025-06-24 04:31:02
4377	Hemp	Poland	Weaving	carbon dioxide	Gas	0.72200000000000000000	NULL	2025-06-24 04:31:02	2025-06-24 04:31:02
4378	Hemp	Poland	Weaving	energy	Electricity	4.48900000000000000000	NULL	2025-06-24 04:31:02	2025-06-24 04:31:02
4379	Hemp	Poland	Weaving	water	Water	2.62000000000000000000	NULL	2025-06-24 04:31:02	2025-06-24 04:31:02
4380	Nylon	Poland	Dyeing	carbon dioxide	Gas	3.39200000000000000000	NULL	2025-06-24 04:31:02	2025-06-24 04:31:02
4381	Nylon	Poland	Dyeing	energy	Electricity	20.75500000000000000000	NULL	2025-06-24 04:31:02	2025-06-24 04:31:02
4382	Nylon	Poland	Dyeing	water	Water	15.13800000000000000000	NULL	2025-06-24 04:31:02	2025-06-24 04:31:02
4383	Nylon	Poland	Manufacturing	carbon dioxide	Gas	0.20500000000000000000	NULL	2025-06-24 04:31:02	2025-06-24 04:31:02
4384	Nylon	Poland	Manufacturing	energy	Electricity	3.12500000000000000000	NULL	2025-06-24 04:31:02	2025-06-24 04:31:02
4385	Nylon	Poland	Manufacturing	water	Water	2.01200000000000000000	NULL	2025-06-24 04:31:02	2025-06-24 04:31:02
4386	Nylon	Poland	Raw Material	carbon dioxide	Gas	5.84500000000000000000	NULL	2025-06-24 04:31:02	2025-06-24 04:31:02
4387	Nylon	Poland	Raw Material	energy	Electricity	59.21700000000000000000	NULL	2025-06-24 04:31:02	2025-06-24 04:31:02
4388	Nylon	Poland	Raw Material	water	Water	20.19200000000000000000	NULL	2025-06-24 04:31:02	2025-06-24 04:31:02
4389	Nylon	Poland	Sampling	carbon dioxide	Gas	0.10700000000000000000	NULL	2025-06-24 04:31:02	2025-06-24 04:31:02
4390	Nylon	Poland	Sampling	energy	Electricity	1.05900000000000000000	NULL	2025-06-24 04:31:02	2025-06-24 04:31:02
4391	Nylon	Poland	Sampling	water	Water	0.20700000000000000000	NULL	2025-06-24 04:31:02	2025-06-24 04:31:02
4392	Nylon	Poland	Spinning	carbon dioxide	Gas	1.05000000000000000000	NULL	2025-06-24 04:31:02	2025-06-24 04:31:02
4393	Nylon	Poland	Spinning	energy	Electricity	4.10900000000000000000	NULL	2025-06-24 04:31:02	2025-06-24 04:31:02
4394	Nylon	Poland	Spinning	water	Water	0.52400000000000000000	NULL	2025-06-24 04:31:02	2025-06-24 04:31:02
4395	Nylon	Poland	Trims	carbon dioxide	Gas	0.10400000000000000000	NULL	2025-06-24 04:31:02	2025-06-24 04:31:02
4396	Nylon	Poland	Trims	energy	Electricity	1.05400000000000000000	NULL	2025-06-24 04:31:02	2025-06-24 04:31:02
4397	Nylon	Poland	Trims	water	Water	0.20600000000000000000	NULL	2025-06-24 04:31:02	2025-06-24 04:31:02
4398	Nylon	Poland	Weaving	carbon dioxide	Gas	1.23100000000000000000	NULL	2025-06-24 04:31:02	2025-06-24 04:31:02
4399	Nylon	Poland	Weaving	energy	Electricity	5.68300000000000000000	NULL	2025-06-24 04:31:02	2025-06-24 04:31:02
4400	Nylon	Poland	Weaving	water	Water	2.02900000000000000000	NULL	2025-06-24 04:31:02	2025-06-24 04:31:02
4401	Polyester	Poland	Dyeing	carbon dioxide	Gas	3.97200000000000000000	NULL	2025-06-24 04:31:02	2025-06-24 04:31:02
4402	Polyester	Poland	Dyeing	energy	Electricity	23.17500000000000000000	NULL	2025-06-24 04:31:02	2025-06-24 04:31:02
4403	Polyester	Poland	Dyeing	water	Water	10.26700000000000000000	NULL	2025-06-24 04:31:02	2025-06-24 04:31:02
4404	Polyester	Poland	Manufacturing	carbon dioxide	Gas	0.17100000000000000000	NULL	2025-06-24 04:31:02	2025-06-24 04:31:02
4405	Polyester	Poland	Manufacturing	energy	Electricity	2.63900000000000000000	NULL	2025-06-24 04:31:02	2025-06-24 04:31:02
4406	Polyester	Poland	Manufacturing	water	Water	1.93700000000000000000	NULL	2025-06-24 04:31:02	2025-06-24 04:31:02
4407	Polyester	Poland	Raw Material	carbon dioxide	Gas	3.77500000000000000000	NULL	2025-06-24 04:31:02	2025-06-24 04:31:02
4408	Polyester	Poland	Raw Material	energy	Electricity	66.36000000000000000000	NULL	2025-06-24 04:31:02	2025-06-24 04:31:02
4409	Polyester	Poland	Raw Material	water	Water	21.89600000000000000000	NULL	2025-06-24 04:31:02	2025-06-24 04:31:02
4410	Polyester	Poland	Sampling	carbon dioxide	Gas	0.09100000000000000000	NULL	2025-06-24 04:31:02	2025-06-24 04:31:02
4411	Polyester	Poland	Sampling	energy	Electricity	1.16000000000000000000	NULL	2025-06-24 04:31:02	2025-06-24 04:31:02
4412	Polyester	Poland	Sampling	water	Water	0.21800000000000000000	NULL	2025-06-24 04:31:02	2025-06-24 04:31:02
4413	Polyester	Poland	Spinning	carbon dioxide	Gas	0.94000000000000000000	NULL	2025-06-24 04:31:02	2025-06-24 04:31:02
4414	Polyester	Poland	Spinning	energy	Electricity	3.95600000000000000000	NULL	2025-06-24 04:31:02	2025-06-24 04:31:02
4415	Polyester	Poland	Spinning	water	Water	0.46500000000000000000	NULL	2025-06-24 04:31:02	2025-06-24 04:31:02
4416	Polyester	Poland	Trims	carbon dioxide	Gas	0.09100000000000000000	NULL	2025-06-24 04:31:02	2025-06-24 04:31:02
4417	Polyester	Poland	Trims	energy	Electricity	1.17100000000000000000	NULL	2025-06-24 04:31:02	2025-06-24 04:31:02
4418	Polyester	Poland	Trims	water	Water	0.21600000000000000000	NULL	2025-06-24 04:31:02	2025-06-24 04:31:02
4419	Polyester	Poland	Weaving	carbon dioxide	Gas	1.06800000000000000000	NULL	2025-06-24 04:31:02	2025-06-24 04:31:02
4420	Polyester	Poland	Weaving	energy	Electricity	5.88600000000000000000	NULL	2025-06-24 04:31:02	2025-06-24 04:31:02
4421	Polyester	Poland	Weaving	water	Water	1.88700000000000000000	NULL	2025-06-24 04:31:02	2025-06-24 04:31:02
4422	Silk	Poland	Dyeing	carbon dioxide	Gas	3.16500000000000000000	NULL	2025-06-24 04:31:02	2025-06-24 04:31:02
4423	Silk	Poland	Dyeing	energy	Electricity	19.15900000000000000000	NULL	2025-06-24 04:31:02	2025-06-24 04:31:02
4424	Silk	Poland	Dyeing	water	Water	45.09500000000000000000	NULL	2025-06-24 04:31:02	2025-06-24 04:31:02
4425	Silk	Poland	Manufacturing	carbon dioxide	Gas	0.27400000000000000000	NULL	2025-06-24 04:31:02	2025-06-24 04:31:02
4426	Silk	Poland	Manufacturing	energy	Electricity	3.86700000000000000000	NULL	2025-06-24 04:31:02	2025-06-24 04:31:02
4427	Silk	Poland	Manufacturing	water	Water	3.89100000000000000000	NULL	2025-06-24 04:31:02	2025-06-24 04:31:02
4428	Silk	Poland	Raw Material	carbon dioxide	Gas	2.00300000000000000000	NULL	2025-06-24 04:31:02	2025-06-24 04:31:02
4429	Silk	Poland	Raw Material	energy	Electricity	31.56700000000000000000	NULL	2025-06-24 04:31:02	2025-06-24 04:31:02
4430	Silk	Poland	Raw Material	water	Water	10902.88200000000000000000	NULL	2025-06-24 04:31:02	2025-06-24 04:31:02
4431	Silk	Poland	Sampling	carbon dioxide	Gas	0.11900000000000000000	NULL	2025-06-24 04:31:02	2025-06-24 04:31:02
4432	Silk	Poland	Sampling	energy	Electricity	1.59800000000000000000	NULL	2025-06-24 04:31:02	2025-06-24 04:31:02
4433	Silk	Poland	Sampling	water	Water	0.37000000000000000000	NULL	2025-06-24 04:31:02	2025-06-24 04:31:02
4434	Silk	Poland	Spinning	carbon dioxide	Gas	0.69700000000000000000	NULL	2025-06-24 04:31:02	2025-06-24 04:31:02
4435	Silk	Poland	Spinning	energy	Electricity	7.09800000000000000000	NULL	2025-06-24 04:31:02	2025-06-24 04:31:02
4436	Silk	Poland	Spinning	water	Water	1.35100000000000000000	NULL	2025-06-24 04:31:02	2025-06-24 04:31:02
4437	Silk	Poland	Trims	carbon dioxide	Gas	0.12300000000000000000	NULL	2025-06-24 04:31:02	2025-06-24 04:31:02
4438	Silk	Poland	Trims	energy	Electricity	1.74100000000000000000	NULL	2025-06-24 04:31:02	2025-06-24 04:31:02
4439	Silk	Poland	Trims	water	Water	0.40600000000000000000	NULL	2025-06-24 04:31:02	2025-06-24 04:31:02
4440	Silk	Poland	Weaving	carbon dioxide	Gas	0.97000000000000000000	NULL	2025-06-24 04:31:02	2025-06-24 04:31:02
4441	Silk	Poland	Weaving	energy	Electricity	8.48000000000000000000	NULL	2025-06-24 04:31:02	2025-06-24 04:31:02
4442	Silk	Poland	Weaving	water	Water	3.69500000000000000000	NULL	2025-06-24 04:31:02	2025-06-24 04:31:02
4443	Wool	Poland	Dyeing	carbon dioxide	Gas	3.62700000000000000000	NULL	2025-06-24 04:31:02	2025-06-24 04:31:02
4444	Wool	Poland	Dyeing	energy	Electricity	16.25100000000000000000	NULL	2025-06-24 04:31:02	2025-06-24 04:31:02
4445	Wool	Poland	Dyeing	water	Water	37.44200000000000000000	NULL	2025-06-24 04:31:02	2025-06-24 04:31:02
4446	Wool	Poland	Manufacturing	carbon dioxide	Gas	0.22200000000000000000	NULL	2025-06-24 04:31:02	2025-06-24 04:31:02
4447	Wool	Poland	Manufacturing	energy	Electricity	3.13400000000000000000	NULL	2025-06-24 04:31:02	2025-06-24 04:31:02
4448	Wool	Poland	Manufacturing	water	Water	2.92100000000000000000	NULL	2025-06-24 04:31:02	2025-06-24 04:31:02
4449	Wool	Poland	Raw Material	carbon dioxide	Gas	8.56000000000000000000	NULL	2025-06-24 04:31:02	2025-06-24 04:31:02
4450	Wool	Poland	Raw Material	energy	Electricity	18.69500000000000000000	NULL	2025-06-24 04:31:02	2025-06-24 04:31:02
4451	Wool	Poland	Raw Material	water	Water	763.68800000000000000000	NULL	2025-06-24 04:31:02	2025-06-24 04:31:02
4452	Wool	Poland	Sampling	carbon dioxide	Gas	0.09700000000000000000	NULL	2025-06-24 04:31:02	2025-06-24 04:31:02
4453	Wool	Poland	Sampling	energy	Electricity	1.32600000000000000000	NULL	2025-06-24 04:31:02	2025-06-24 04:31:02
4454	Wool	Poland	Sampling	water	Water	0.27700000000000000000	NULL	2025-06-24 04:31:02	2025-06-24 04:31:02
4455	Wool	Poland	Spinning	carbon dioxide	Gas	0.72700000000000000000	NULL	2025-06-24 04:31:02	2025-06-24 04:31:02
4456	Wool	Poland	Spinning	energy	Electricity	5.08600000000000000000	NULL	2025-06-24 04:31:02	2025-06-24 04:31:02
4457	Wool	Poland	Spinning	water	Water	1.01600000000000000000	NULL	2025-06-24 04:31:02	2025-06-24 04:31:02
4458	Wool	Poland	Trims	carbon dioxide	Gas	0.10000000000000000000	NULL	2025-06-24 04:31:02	2025-06-24 04:31:02
4459	Wool	Poland	Trims	energy	Electricity	1.45900000000000000000	NULL	2025-06-24 04:31:02	2025-06-24 04:31:02
4460	Wool	Poland	Trims	water	Water	0.31900000000000000000	NULL	2025-06-24 04:31:02	2025-06-24 04:31:02
4461	Wool	Poland	Weaving	carbon dioxide	Gas	1.09000000000000000000	NULL	2025-06-24 04:31:02	2025-06-24 04:31:02
4462	Wool	Poland	Weaving	energy	Electricity	6.02900000000000000000	NULL	2025-06-24 04:31:02	2025-06-24 04:31:02
4463	Wool	Poland	Weaving	water	Water	3.30000000000000000000	NULL	2025-06-24 04:31:02	2025-06-24 04:31:02
4464	Cotton	Portugal	Dyeing	carbon dioxide	Gas	2.02500000000000000000	NULL	2025-06-24 04:31:02	2025-06-24 04:31:02
4465	Cotton	Portugal	Dyeing	energy	Electricity	16.85800000000000000000	NULL	2025-06-24 04:31:02	2025-06-24 04:31:02
4466	Cotton	Portugal	Dyeing	water	Water	52.51000000000000000000	NULL	2025-06-24 04:31:02	2025-06-24 04:31:02
4467	Cotton	Portugal	Manufacturing	carbon dioxide	Gas	0.15300000000000000000	NULL	2025-06-24 04:31:02	2025-06-24 04:31:02
4468	Cotton	Portugal	Manufacturing	energy	Electricity	3.48900000000000000000	NULL	2025-06-24 04:31:02	2025-06-24 04:31:02
4469	Cotton	Portugal	Manufacturing	water	Water	4.92300000000000000000	NULL	2025-06-24 04:31:02	2025-06-24 04:31:02
4470	Cotton	Portugal	Raw Material	carbon dioxide	Gas	1.35000000000000000000	NULL	2025-06-24 04:31:02	2025-06-24 04:31:02
4471	Cotton	Portugal	Raw Material	energy	Electricity	9.39900000000000000000	NULL	2025-06-24 04:31:02	2025-06-24 04:31:02
4472	Cotton	Portugal	Raw Material	water	Water	10455.45100000000000000000	NULL	2025-06-24 04:31:02	2025-06-24 04:31:02
4473	Cotton	Portugal	Sampling	carbon dioxide	Gas	0.08400000000000000000	NULL	2025-06-24 04:31:02	2025-06-24 04:31:02
4474	Cotton	Portugal	Sampling	energy	Electricity	1.74500000000000000000	NULL	2025-06-24 04:31:02	2025-06-24 04:31:02
4475	Cotton	Portugal	Sampling	water	Water	0.46200000000000000000	NULL	2025-06-24 04:31:02	2025-06-24 04:31:02
4476	Cotton	Portugal	Spinning	carbon dioxide	Gas	0.44000000000000000000	NULL	2025-06-24 04:31:02	2025-06-24 04:31:02
4477	Cotton	Portugal	Spinning	energy	Electricity	6.24400000000000000000	NULL	2025-06-24 04:31:02	2025-06-24 04:31:02
4478	Cotton	Portugal	Spinning	water	Water	1.68000000000000000000	NULL	2025-06-24 04:31:02	2025-06-24 04:31:02
4479	Cotton	Portugal	Trims	carbon dioxide	Gas	0.08000000000000000000	NULL	2025-06-24 04:31:02	2025-06-24 04:31:02
4480	Cotton	Portugal	Trims	energy	Electricity	1.79600000000000000000	NULL	2025-06-24 04:31:02	2025-06-24 04:31:02
4481	Cotton	Portugal	Trims	water	Water	0.46800000000000000000	NULL	2025-06-24 04:31:02	2025-06-24 04:31:02
4482	Cotton	Portugal	Weaving	carbon dioxide	Gas	0.62800000000000000000	NULL	2025-06-24 04:31:02	2025-06-24 04:31:02
4483	Cotton	Portugal	Weaving	energy	Electricity	6.91800000000000000000	NULL	2025-06-24 04:31:02	2025-06-24 04:31:02
4484	Cotton	Portugal	Weaving	water	Water	5.01800000000000000000	NULL	2025-06-24 04:31:02	2025-06-24 04:31:02
4485	Hemp	Portugal	Dyeing	carbon dioxide	Gas	1.51300000000000000000	NULL	2025-06-24 04:31:02	2025-06-24 04:31:02
4486	Hemp	Portugal	Dyeing	energy	Electricity	11.48000000000000000000	NULL	2025-06-24 04:31:02	2025-06-24 04:31:02
4487	Hemp	Portugal	Dyeing	water	Water	28.07200000000000000000	NULL	2025-06-24 04:31:02	2025-06-24 04:31:02
4488	Hemp	Portugal	Manufacturing	carbon dioxide	Gas	0.09200000000000000000	NULL	2025-06-24 04:31:02	2025-06-24 04:31:02
4489	Hemp	Portugal	Manufacturing	energy	Electricity	2.75200000000000000000	NULL	2025-06-24 04:31:02	2025-06-24 04:31:02
4490	Hemp	Portugal	Manufacturing	water	Water	2.65100000000000000000	NULL	2025-06-24 04:31:02	2025-06-24 04:31:02
4491	Hemp	Portugal	Raw Material	carbon dioxide	Gas	0.15600000000000000000	NULL	2025-06-24 04:31:02	2025-06-24 04:31:02
4492	Hemp	Portugal	Raw Material	energy	Electricity	5.49700000000000000000	NULL	2025-06-24 04:31:02	2025-06-24 04:31:02
4493	Hemp	Portugal	Raw Material	water	Water	493.58800000000000000000	NULL	2025-06-24 04:31:02	2025-06-24 04:31:02
4494	Hemp	Portugal	Sampling	carbon dioxide	Gas	0.05900000000000000000	NULL	2025-06-24 04:31:02	2025-06-24 04:31:02
4495	Hemp	Portugal	Sampling	energy	Electricity	0.83900000000000000000	NULL	2025-06-24 04:31:02	2025-06-24 04:31:02
4496	Hemp	Portugal	Sampling	water	Water	0.23300000000000000000	NULL	2025-06-24 04:31:02	2025-06-24 04:31:02
4497	Hemp	Portugal	Spinning	carbon dioxide	Gas	0.32300000000000000000	NULL	2025-06-24 04:31:02	2025-06-24 04:31:02
4498	Hemp	Portugal	Spinning	energy	Electricity	2.61700000000000000000	NULL	2025-06-24 04:31:02	2025-06-24 04:31:02
4499	Hemp	Portugal	Spinning	water	Water	0.75800000000000000000	NULL	2025-06-24 04:31:02	2025-06-24 04:31:02
4500	Hemp	Portugal	Trims	carbon dioxide	Gas	0.05400000000000000000	NULL	2025-06-24 04:31:02	2025-06-24 04:31:02
4501	Hemp	Portugal	Trims	energy	Electricity	0.81100000000000000000	NULL	2025-06-24 04:31:02	2025-06-24 04:31:02
4502	Hemp	Portugal	Trims	water	Water	0.23300000000000000000	NULL	2025-06-24 04:31:02	2025-06-24 04:31:02
4503	Hemp	Portugal	Weaving	carbon dioxide	Gas	0.47800000000000000000	NULL	2025-06-24 04:31:02	2025-06-24 04:31:02
4504	Hemp	Portugal	Weaving	energy	Electricity	4.65300000000000000000	NULL	2025-06-24 04:31:02	2025-06-24 04:31:02
4505	Hemp	Portugal	Weaving	water	Water	2.52000000000000000000	NULL	2025-06-24 04:31:02	2025-06-24 04:31:02
4506	Nylon	Portugal	Dyeing	carbon dioxide	Gas	2.49800000000000000000	NULL	2025-06-24 04:31:02	2025-06-24 04:31:02
4507	Nylon	Portugal	Dyeing	energy	Electricity	18.92600000000000000000	NULL	2025-06-24 04:31:02	2025-06-24 04:31:02
4508	Nylon	Portugal	Dyeing	water	Water	15.21200000000000000000	NULL	2025-06-24 04:31:02	2025-06-24 04:31:02
4509	Nylon	Portugal	Manufacturing	carbon dioxide	Gas	0.14100000000000000000	NULL	2025-06-24 04:31:02	2025-06-24 04:31:02
4510	Nylon	Portugal	Manufacturing	energy	Electricity	3.22900000000000000000	NULL	2025-06-24 04:31:02	2025-06-24 04:31:02
4511	Nylon	Portugal	Manufacturing	water	Water	2.03100000000000000000	NULL	2025-06-24 04:31:02	2025-06-24 04:31:02
4512	Nylon	Portugal	Raw Material	carbon dioxide	Gas	4.11400000000000000000	NULL	2025-06-24 04:31:02	2025-06-24 04:31:02
4513	Nylon	Portugal	Raw Material	energy	Electricity	57.10500000000000000000	NULL	2025-06-24 04:31:02	2025-06-24 04:31:02
4514	Nylon	Portugal	Raw Material	water	Water	19.26700000000000000000	NULL	2025-06-24 04:31:02	2025-06-24 04:31:02
4515	Nylon	Portugal	Sampling	carbon dioxide	Gas	0.07200000000000000000	NULL	2025-06-24 04:31:02	2025-06-24 04:31:02
4516	Nylon	Portugal	Sampling	energy	Electricity	1.03300000000000000000	NULL	2025-06-24 04:31:02	2025-06-24 04:31:02
4517	Nylon	Portugal	Sampling	water	Water	0.20100000000000000000	NULL	2025-06-24 04:31:02	2025-06-24 04:31:02
4518	Nylon	Portugal	Spinning	carbon dioxide	Gas	0.71000000000000000000	NULL	2025-06-24 04:31:02	2025-06-24 04:31:02
4519	Nylon	Portugal	Spinning	energy	Electricity	4.27600000000000000000	NULL	2025-06-24 04:31:02	2025-06-24 04:31:02
4520	Nylon	Portugal	Spinning	water	Water	0.48900000000000000000	NULL	2025-06-24 04:31:02	2025-06-24 04:31:02
4521	Nylon	Portugal	Trims	carbon dioxide	Gas	0.07400000000000000000	NULL	2025-06-24 04:31:02	2025-06-24 04:31:02
4522	Nylon	Portugal	Trims	energy	Electricity	1.12800000000000000000	NULL	2025-06-24 04:31:02	2025-06-24 04:31:02
4523	Nylon	Portugal	Trims	water	Water	0.19200000000000000000	NULL	2025-06-24 04:31:02	2025-06-24 04:31:02
4524	Nylon	Portugal	Weaving	carbon dioxide	Gas	0.88000000000000000000	NULL	2025-06-24 04:31:02	2025-06-24 04:31:02
4525	Nylon	Portugal	Weaving	energy	Electricity	5.86900000000000000000	NULL	2025-06-24 04:31:02	2025-06-24 04:31:02
4526	Nylon	Portugal	Weaving	water	Water	2.01100000000000000000	NULL	2025-06-24 04:31:02	2025-06-24 04:31:02
4527	Polyester	Portugal	Dyeing	carbon dioxide	Gas	2.85000000000000000000	NULL	2025-06-24 04:31:02	2025-06-24 04:31:02
4528	Polyester	Portugal	Dyeing	energy	Electricity	20.48600000000000000000	NULL	2025-06-24 04:31:02	2025-06-24 04:31:02
4529	Polyester	Portugal	Dyeing	water	Water	10.21300000000000000000	NULL	2025-06-24 04:31:02	2025-06-24 04:31:02
4530	Polyester	Portugal	Manufacturing	carbon dioxide	Gas	0.12600000000000000000	NULL	2025-06-24 04:31:02	2025-06-24 04:31:02
4531	Polyester	Portugal	Manufacturing	energy	Electricity	3.04900000000000000000	NULL	2025-06-24 04:31:02	2025-06-24 04:31:02
4532	Polyester	Portugal	Manufacturing	water	Water	1.87200000000000000000	NULL	2025-06-24 04:31:02	2025-06-24 04:31:02
4533	Polyester	Portugal	Raw Material	carbon dioxide	Gas	2.58800000000000000000	NULL	2025-06-24 04:31:02	2025-06-24 04:31:02
4534	Polyester	Portugal	Raw Material	energy	Electricity	74.70400000000000000000	NULL	2025-06-24 04:31:02	2025-06-24 04:31:02
4535	Polyester	Portugal	Raw Material	water	Water	18.63500000000000000000	NULL	2025-06-24 04:31:02	2025-06-24 04:31:02
4536	Polyester	Portugal	Sampling	carbon dioxide	Gas	0.07000000000000000000	NULL	2025-06-24 04:31:02	2025-06-24 04:31:02
4537	Polyester	Portugal	Sampling	energy	Electricity	1.07400000000000000000	NULL	2025-06-24 04:31:02	2025-06-24 04:31:02
4538	Polyester	Portugal	Sampling	water	Water	0.18300000000000000000	NULL	2025-06-24 04:31:02	2025-06-24 04:31:02
4539	Polyester	Portugal	Spinning	carbon dioxide	Gas	0.64000000000000000000	NULL	2025-06-24 04:31:02	2025-06-24 04:31:02
4540	Polyester	Portugal	Spinning	energy	Electricity	3.90700000000000000000	NULL	2025-06-24 04:31:02	2025-06-24 04:31:02
4541	Polyester	Portugal	Spinning	water	Water	0.54800000000000000000	NULL	2025-06-24 04:31:02	2025-06-24 04:31:02
4542	Polyester	Portugal	Trims	carbon dioxide	Gas	0.06600000000000000000	NULL	2025-06-24 04:31:02	2025-06-24 04:31:02
4543	Polyester	Portugal	Trims	energy	Electricity	1.06000000000000000000	NULL	2025-06-24 04:31:02	2025-06-24 04:31:02
4544	Polyester	Portugal	Trims	water	Water	0.21100000000000000000	NULL	2025-06-24 04:31:02	2025-06-24 04:31:02
4545	Polyester	Portugal	Weaving	carbon dioxide	Gas	0.73200000000000000000	NULL	2025-06-24 04:31:02	2025-06-24 04:31:02
4546	Polyester	Portugal	Weaving	energy	Electricity	5.26000000000000000000	NULL	2025-06-24 04:31:02	2025-06-24 04:31:02
4547	Polyester	Portugal	Weaving	water	Water	2.06700000000000000000	NULL	2025-06-24 04:31:02	2025-06-24 04:31:02
4548	Silk	Portugal	Dyeing	carbon dioxide	Gas	2.30300000000000000000	NULL	2025-06-24 04:31:02	2025-06-24 04:31:02
4549	Silk	Portugal	Dyeing	energy	Electricity	19.41000000000000000000	NULL	2025-06-24 04:31:02	2025-06-24 04:31:02
4550	Silk	Portugal	Dyeing	water	Water	43.19100000000000000000	NULL	2025-06-24 04:31:02	2025-06-24 04:31:02
4551	Silk	Portugal	Manufacturing	carbon dioxide	Gas	0.17300000000000000000	NULL	2025-06-24 04:31:02	2025-06-24 04:31:02
4552	Silk	Portugal	Manufacturing	energy	Electricity	3.83900000000000000000	NULL	2025-06-24 04:31:02	2025-06-24 04:31:02
4553	Silk	Portugal	Manufacturing	water	Water	3.94200000000000000000	NULL	2025-06-24 04:31:02	2025-06-24 04:31:02
4554	Silk	Portugal	Raw Material	carbon dioxide	Gas	1.60700000000000000000	NULL	2025-06-24 04:31:02	2025-06-24 04:31:02
4555	Silk	Portugal	Raw Material	energy	Electricity	31.21500000000000000000	NULL	2025-06-24 04:31:02	2025-06-24 04:31:02
4556	Silk	Portugal	Raw Material	water	Water	10508.51200000000000000000	NULL	2025-06-24 04:31:02	2025-06-24 04:31:02
4557	Silk	Portugal	Sampling	carbon dioxide	Gas	0.08400000000000000000	NULL	2025-06-24 04:31:02	2025-06-24 04:31:02
4558	Silk	Portugal	Sampling	energy	Electricity	1.77900000000000000000	NULL	2025-06-24 04:31:02	2025-06-24 04:31:02
4559	Silk	Portugal	Sampling	water	Water	0.43000000000000000000	NULL	2025-06-24 04:31:02	2025-06-24 04:31:02
4560	Silk	Portugal	Spinning	carbon dioxide	Gas	0.52800000000000000000	NULL	2025-06-24 04:31:02	2025-06-24 04:31:02
4561	Silk	Portugal	Spinning	energy	Electricity	7.83900000000000000000	NULL	2025-06-24 04:31:02	2025-06-24 04:31:02
4562	Silk	Portugal	Spinning	water	Water	1.35600000000000000000	NULL	2025-06-24 04:31:02	2025-06-24 04:31:02
4563	Silk	Portugal	Trims	carbon dioxide	Gas	0.08600000000000000000	NULL	2025-06-24 04:31:02	2025-06-24 04:31:02
4564	Silk	Portugal	Trims	energy	Electricity	1.67300000000000000000	NULL	2025-06-24 04:31:02	2025-06-24 04:31:02
4565	Silk	Portugal	Trims	water	Water	0.42700000000000000000	NULL	2025-06-24 04:31:02	2025-06-24 04:31:02
4566	Silk	Portugal	Weaving	carbon dioxide	Gas	0.63300000000000000000	NULL	2025-06-24 04:31:02	2025-06-24 04:31:02
4567	Silk	Portugal	Weaving	energy	Electricity	7.34100000000000000000	NULL	2025-06-24 04:31:02	2025-06-24 04:31:02
4568	Silk	Portugal	Weaving	water	Water	4.22700000000000000000	NULL	2025-06-24 04:31:02	2025-06-24 04:31:02
4569	Wool	Portugal	Dyeing	carbon dioxide	Gas	2.38500000000000000000	NULL	2025-06-24 04:31:02	2025-06-24 04:31:02
4570	Wool	Portugal	Dyeing	energy	Electricity	18.54800000000000000000	NULL	2025-06-24 04:31:02	2025-06-24 04:31:02
4571	Wool	Portugal	Dyeing	water	Water	36.37100000000000000000	NULL	2025-06-24 04:31:02	2025-06-24 04:31:02
4572	Wool	Portugal	Manufacturing	carbon dioxide	Gas	0.14200000000000000000	NULL	2025-06-24 04:31:02	2025-06-24 04:31:02
4573	Wool	Portugal	Manufacturing	energy	Electricity	3.24500000000000000000	NULL	2025-06-24 04:31:02	2025-06-24 04:31:02
4574	Wool	Portugal	Manufacturing	water	Water	2.85300000000000000000	NULL	2025-06-24 04:31:02	2025-06-24 04:31:02
4575	Wool	Portugal	Raw Material	carbon dioxide	Gas	6.72700000000000000000	NULL	2025-06-24 04:31:02	2025-06-24 04:31:02
4576	Wool	Portugal	Raw Material	energy	Electricity	18.07300000000000000000	NULL	2025-06-24 04:31:02	2025-06-24 04:31:02
4577	Wool	Portugal	Raw Material	water	Water	836.12600000000000000000	NULL	2025-06-24 04:31:02	2025-06-24 04:31:02
4578	Wool	Portugal	Sampling	carbon dioxide	Gas	0.07000000000000000000	NULL	2025-06-24 04:31:02	2025-06-24 04:31:02
4579	Wool	Portugal	Sampling	energy	Electricity	1.45800000000000000000	NULL	2025-06-24 04:31:02	2025-06-24 04:31:02
4580	Wool	Portugal	Sampling	water	Water	0.27000000000000000000	NULL	2025-06-24 04:31:02	2025-06-24 04:31:02
4581	Wool	Portugal	Spinning	carbon dioxide	Gas	0.56800000000000000000	NULL	2025-06-24 04:31:02	2025-06-24 04:31:02
4582	Wool	Portugal	Spinning	energy	Electricity	5.37900000000000000000	NULL	2025-06-24 04:31:02	2025-06-24 04:31:02
4583	Wool	Portugal	Spinning	water	Water	1.06400000000000000000	NULL	2025-06-24 04:31:02	2025-06-24 04:31:02
4584	Wool	Portugal	Trims	carbon dioxide	Gas	0.07200000000000000000	NULL	2025-06-24 04:31:02	2025-06-24 04:31:02
4585	Wool	Portugal	Trims	energy	Electricity	1.57500000000000000000	NULL	2025-06-24 04:31:02	2025-06-24 04:31:02
4586	Wool	Portugal	Trims	water	Water	0.30000000000000000000	NULL	2025-06-24 04:31:02	2025-06-24 04:31:02
4587	Wool	Portugal	Weaving	carbon dioxide	Gas	0.73100000000000000000	NULL	2025-06-24 04:31:02	2025-06-24 04:31:02
4588	Wool	Portugal	Weaving	energy	Electricity	6.46500000000000000000	NULL	2025-06-24 04:31:02	2025-06-24 04:31:02
4589	Wool	Portugal	Weaving	water	Water	2.81000000000000000000	NULL	2025-06-24 04:31:02	2025-06-24 04:31:02
4590	Cotton	Romania	Dyeing	carbon dioxide	Gas	2.38400000000000000000	NULL	2025-06-24 04:31:02	2025-06-24 04:31:02
4591	Cotton	Romania	Dyeing	energy	Electricity	15.49500000000000000000	NULL	2025-06-24 04:31:02	2025-06-24 04:31:02
4592	Cotton	Romania	Dyeing	water	Water	50.76200000000000000000	NULL	2025-06-24 04:31:02	2025-06-24 04:31:02
4593	Cotton	Romania	Manufacturing	carbon dioxide	Gas	0.18600000000000000000	NULL	2025-06-24 04:31:02	2025-06-24 04:31:02
4594	Cotton	Romania	Manufacturing	energy	Electricity	3.65200000000000000000	NULL	2025-06-24 04:31:02	2025-06-24 04:31:02
4595	Cotton	Romania	Manufacturing	water	Water	4.84000000000000000000	NULL	2025-06-24 04:31:02	2025-06-24 04:31:02
4596	Cotton	Romania	Raw Material	carbon dioxide	Gas	1.53300000000000000000	NULL	2025-06-24 04:31:02	2025-06-24 04:31:02
4597	Cotton	Romania	Raw Material	energy	Electricity	9.15800000000000000000	NULL	2025-06-24 04:31:02	2025-06-24 04:31:02
4598	Cotton	Romania	Raw Material	water	Water	9291.87900000000000000000	NULL	2025-06-24 04:31:02	2025-06-24 04:31:02
4599	Cotton	Romania	Sampling	carbon dioxide	Gas	0.09400000000000000000	NULL	2025-06-24 04:31:02	2025-06-24 04:31:02
4600	Cotton	Romania	Sampling	energy	Electricity	1.67500000000000000000	NULL	2025-06-24 04:31:02	2025-06-24 04:31:02
4601	Cotton	Romania	Sampling	water	Water	0.52100000000000000000	NULL	2025-06-24 04:31:02	2025-06-24 04:31:02
4602	Cotton	Romania	Spinning	carbon dioxide	Gas	0.53200000000000000000	NULL	2025-06-24 04:31:02	2025-06-24 04:31:02
4603	Cotton	Romania	Spinning	energy	Electricity	6.52400000000000000000	NULL	2025-06-24 04:31:02	2025-06-24 04:31:02
4604	Cotton	Romania	Spinning	water	Water	1.76300000000000000000	NULL	2025-06-24 04:31:02	2025-06-24 04:31:02
4605	Cotton	Romania	Trims	carbon dioxide	Gas	0.09900000000000000000	NULL	2025-06-24 04:31:02	2025-06-24 04:31:02
4606	Cotton	Romania	Trims	energy	Electricity	1.71300000000000000000	NULL	2025-06-24 04:31:02	2025-06-24 04:31:02
4607	Cotton	Romania	Trims	water	Water	0.53600000000000000000	NULL	2025-06-24 04:31:02	2025-06-24 04:31:02
4608	Cotton	Romania	Weaving	carbon dioxide	Gas	0.84100000000000000000	NULL	2025-06-24 04:31:02	2025-06-24 04:31:02
4609	Cotton	Romania	Weaving	energy	Electricity	7.29600000000000000000	NULL	2025-06-24 04:31:02	2025-06-24 04:31:02
4610	Cotton	Romania	Weaving	water	Water	4.99200000000000000000	NULL	2025-06-24 04:31:02	2025-06-24 04:31:02
4611	Hemp	Romania	Dyeing	carbon dioxide	Gas	1.87000000000000000000	NULL	2025-06-24 04:31:02	2025-06-24 04:31:02
4612	Hemp	Romania	Dyeing	energy	Electricity	13.36300000000000000000	NULL	2025-06-24 04:31:02	2025-06-24 04:31:02
4613	Hemp	Romania	Dyeing	water	Water	28.43700000000000000000	NULL	2025-06-24 04:31:02	2025-06-24 04:31:02
4614	Hemp	Romania	Manufacturing	carbon dioxide	Gas	0.11900000000000000000	NULL	2025-06-24 04:31:02	2025-06-24 04:31:02
4615	Hemp	Romania	Manufacturing	energy	Electricity	2.38800000000000000000	NULL	2025-06-24 04:31:02	2025-06-24 04:31:02
4616	Hemp	Romania	Manufacturing	water	Water	2.39200000000000000000	NULL	2025-06-24 04:31:02	2025-06-24 04:31:02
4617	Hemp	Romania	Raw Material	carbon dioxide	Gas	0.22000000000000000000	NULL	2025-06-24 04:31:02	2025-06-24 04:31:02
4618	Hemp	Romania	Raw Material	energy	Electricity	4.84500000000000000000	NULL	2025-06-24 04:31:02	2025-06-24 04:31:02
4619	Hemp	Romania	Raw Material	water	Water	453.81000000000000000000	NULL	2025-06-24 04:31:02	2025-06-24 04:31:02
4620	Hemp	Romania	Sampling	carbon dioxide	Gas	0.06300000000000000000	NULL	2025-06-24 04:31:02	2025-06-24 04:31:02
4621	Hemp	Romania	Sampling	energy	Electricity	0.93600000000000000000	NULL	2025-06-24 04:31:02	2025-06-24 04:31:02
4622	Hemp	Romania	Sampling	water	Water	0.25600000000000000000	NULL	2025-06-24 04:31:02	2025-06-24 04:31:02
4623	Hemp	Romania	Spinning	carbon dioxide	Gas	0.43200000000000000000	NULL	2025-06-24 04:31:02	2025-06-24 04:31:02
4624	Hemp	Romania	Spinning	energy	Electricity	2.83800000000000000000	NULL	2025-06-24 04:31:02	2025-06-24 04:31:02
4625	Hemp	Romania	Spinning	water	Water	0.80200000000000000000	NULL	2025-06-24 04:31:02	2025-06-24 04:31:02
4626	Hemp	Romania	Trims	carbon dioxide	Gas	0.07700000000000000000	NULL	2025-06-24 04:31:02	2025-06-24 04:31:02
4627	Hemp	Romania	Trims	energy	Electricity	0.95700000000000000000	NULL	2025-06-24 04:31:02	2025-06-24 04:31:02
4628	Hemp	Romania	Trims	water	Water	0.25800000000000000000	NULL	2025-06-24 04:31:02	2025-06-24 04:31:02
4629	Hemp	Romania	Weaving	carbon dioxide	Gas	0.54700000000000000000	NULL	2025-06-24 04:31:02	2025-06-24 04:31:02
4630	Hemp	Romania	Weaving	energy	Electricity	4.62400000000000000000	NULL	2025-06-24 04:31:02	2025-06-24 04:31:02
4631	Hemp	Romania	Weaving	water	Water	2.45700000000000000000	NULL	2025-06-24 04:31:02	2025-06-24 04:31:02
4632	Nylon	Romania	Dyeing	carbon dioxide	Gas	3.12200000000000000000	NULL	2025-06-24 04:31:02	2025-06-24 04:31:02
4633	Nylon	Romania	Dyeing	energy	Electricity	19.70800000000000000000	NULL	2025-06-24 04:31:02	2025-06-24 04:31:02
4634	Nylon	Romania	Dyeing	water	Water	15.35700000000000000000	NULL	2025-06-24 04:31:02	2025-06-24 04:31:02
4635	Nylon	Romania	Manufacturing	carbon dioxide	Gas	0.17700000000000000000	NULL	2025-06-24 04:31:02	2025-06-24 04:31:02
4636	Nylon	Romania	Manufacturing	energy	Electricity	3.25700000000000000000	NULL	2025-06-24 04:31:02	2025-06-24 04:31:02
4637	Nylon	Romania	Manufacturing	water	Water	2.02500000000000000000	NULL	2025-06-24 04:31:02	2025-06-24 04:31:02
4638	Nylon	Romania	Raw Material	carbon dioxide	Gas	4.94700000000000000000	NULL	2025-06-24 04:31:02	2025-06-24 04:31:02
4639	Nylon	Romania	Raw Material	energy	Electricity	61.82200000000000000000	NULL	2025-06-24 04:31:02	2025-06-24 04:31:02
4640	Nylon	Romania	Raw Material	water	Water	20.66800000000000000000	NULL	2025-06-24 04:31:02	2025-06-24 04:31:02
4641	Nylon	Romania	Sampling	carbon dioxide	Gas	0.08900000000000000000	NULL	2025-06-24 04:31:02	2025-06-24 04:31:02
4642	Nylon	Romania	Sampling	energy	Electricity	1.04100000000000000000	NULL	2025-06-24 04:31:02	2025-06-24 04:31:02
4643	Nylon	Romania	Sampling	water	Water	0.20400000000000000000	NULL	2025-06-24 04:31:02	2025-06-24 04:31:02
4644	Nylon	Romania	Spinning	carbon dioxide	Gas	0.89600000000000000000	NULL	2025-06-24 04:31:02	2025-06-24 04:31:02
4645	Nylon	Romania	Spinning	energy	Electricity	4.12100000000000000000	NULL	2025-06-24 04:31:02	2025-06-24 04:31:02
4646	Nylon	Romania	Spinning	water	Water	0.47900000000000000000	NULL	2025-06-24 04:31:02	2025-06-24 04:31:02
4647	Nylon	Romania	Trims	carbon dioxide	Gas	0.09100000000000000000	NULL	2025-06-24 04:31:02	2025-06-24 04:31:02
4648	Nylon	Romania	Trims	energy	Electricity	1.12400000000000000000	NULL	2025-06-24 04:31:02	2025-06-24 04:31:02
4649	Nylon	Romania	Trims	water	Water	0.20400000000000000000	NULL	2025-06-24 04:31:02	2025-06-24 04:31:02
4650	Nylon	Romania	Weaving	carbon dioxide	Gas	1.13400000000000000000	NULL	2025-06-24 04:31:02	2025-06-24 04:31:02
4651	Nylon	Romania	Weaving	energy	Electricity	5.74600000000000000000	NULL	2025-06-24 04:31:02	2025-06-24 04:31:02
4652	Nylon	Romania	Weaving	water	Water	2.02900000000000000000	NULL	2025-06-24 04:31:02	2025-06-24 04:31:02
4653	Polyester	Romania	Dyeing	carbon dioxide	Gas	3.27700000000000000000	NULL	2025-06-24 04:31:02	2025-06-24 04:31:02
4654	Polyester	Romania	Dyeing	energy	Electricity	21.61900000000000000000	NULL	2025-06-24 04:31:02	2025-06-24 04:31:02
4655	Polyester	Romania	Dyeing	water	Water	10.53900000000000000000	NULL	2025-06-24 04:31:02	2025-06-24 04:31:02
4656	Polyester	Romania	Manufacturing	carbon dioxide	Gas	0.15200000000000000000	NULL	2025-06-24 04:31:02	2025-06-24 04:31:02
4657	Polyester	Romania	Manufacturing	energy	Electricity	3.14900000000000000000	NULL	2025-06-24 04:31:02	2025-06-24 04:31:02
4658	Polyester	Romania	Manufacturing	water	Water	1.93800000000000000000	NULL	2025-06-24 04:31:02	2025-06-24 04:31:02
4659	Polyester	Romania	Raw Material	carbon dioxide	Gas	3.01200000000000000000	NULL	2025-06-24 04:31:02	2025-06-24 04:31:02
4660	Polyester	Romania	Raw Material	energy	Electricity	70.51900000000000000000	NULL	2025-06-24 04:31:02	2025-06-24 04:31:02
4661	Polyester	Romania	Raw Material	water	Water	20.73200000000000000000	NULL	2025-06-24 04:31:02	2025-06-24 04:31:02
4662	Polyester	Romania	Sampling	carbon dioxide	Gas	0.08400000000000000000	NULL	2025-06-24 04:31:02	2025-06-24 04:31:02
4663	Polyester	Romania	Sampling	energy	Electricity	1.18400000000000000000	NULL	2025-06-24 04:31:02	2025-06-24 04:31:02
4664	Polyester	Romania	Sampling	water	Water	0.18300000000000000000	NULL	2025-06-24 04:31:02	2025-06-24 04:31:02
4665	Polyester	Romania	Spinning	carbon dioxide	Gas	0.73200000000000000000	NULL	2025-06-24 04:31:02	2025-06-24 04:31:02
4666	Polyester	Romania	Spinning	energy	Electricity	3.93300000000000000000	NULL	2025-06-24 04:31:02	2025-06-24 04:31:02
4667	Polyester	Romania	Spinning	water	Water	0.46200000000000000000	NULL	2025-06-24 04:31:02	2025-06-24 04:31:02
4668	Polyester	Romania	Trims	carbon dioxide	Gas	0.08400000000000000000	NULL	2025-06-24 04:31:02	2025-06-24 04:31:02
4669	Polyester	Romania	Trims	energy	Electricity	1.02100000000000000000	NULL	2025-06-24 04:31:02	2025-06-24 04:31:02
4670	Polyester	Romania	Trims	water	Water	0.19400000000000000000	NULL	2025-06-24 04:31:02	2025-06-24 04:31:02
4671	Polyester	Romania	Weaving	carbon dioxide	Gas	1.01000000000000000000	NULL	2025-06-24 04:31:02	2025-06-24 04:31:02
4672	Polyester	Romania	Weaving	energy	Electricity	5.02700000000000000000	NULL	2025-06-24 04:31:02	2025-06-24 04:31:02
4673	Polyester	Romania	Weaving	water	Water	1.85500000000000000000	NULL	2025-06-24 04:31:02	2025-06-24 04:31:02
4674	Silk	Romania	Dyeing	carbon dioxide	Gas	3.02900000000000000000	NULL	2025-06-24 04:31:02	2025-06-24 04:31:02
4675	Silk	Romania	Dyeing	energy	Electricity	21.41700000000000000000	NULL	2025-06-24 04:31:02	2025-06-24 04:31:02
4676	Silk	Romania	Dyeing	water	Water	41.60300000000000000000	NULL	2025-06-24 04:31:02	2025-06-24 04:31:02
4677	Silk	Romania	Manufacturing	carbon dioxide	Gas	0.20100000000000000000	NULL	2025-06-24 04:31:02	2025-06-24 04:31:02
4678	Silk	Romania	Manufacturing	energy	Electricity	3.57200000000000000000	NULL	2025-06-24 04:31:02	2025-06-24 04:31:02
4679	Silk	Romania	Manufacturing	water	Water	4.06100000000000000000	NULL	2025-06-24 04:31:02	2025-06-24 04:31:02
4680	Silk	Romania	Raw Material	carbon dioxide	Gas	1.67600000000000000000	NULL	2025-06-24 04:31:02	2025-06-24 04:31:02
4681	Silk	Romania	Raw Material	energy	Electricity	32.31400000000000000000	NULL	2025-06-24 04:31:02	2025-06-24 04:31:02
4682	Silk	Romania	Raw Material	water	Water	10575.40100000000000000000	NULL	2025-06-24 04:31:02	2025-06-24 04:31:02
4683	Silk	Romania	Sampling	carbon dioxide	Gas	0.09200000000000000000	NULL	2025-06-24 04:31:02	2025-06-24 04:31:02
4684	Silk	Romania	Sampling	energy	Electricity	1.56400000000000000000	NULL	2025-06-24 04:31:02	2025-06-24 04:31:02
4685	Silk	Romania	Sampling	water	Water	0.39800000000000000000	NULL	2025-06-24 04:31:02	2025-06-24 04:31:02
4686	Silk	Romania	Spinning	carbon dioxide	Gas	0.65400000000000000000	NULL	2025-06-24 04:31:02	2025-06-24 04:31:02
4687	Silk	Romania	Spinning	energy	Electricity	7.66800000000000000000	NULL	2025-06-24 04:31:02	2025-06-24 04:31:02
4688	Silk	Romania	Spinning	water	Water	1.63100000000000000000	NULL	2025-06-24 04:31:02	2025-06-24 04:31:02
4689	Silk	Romania	Trims	carbon dioxide	Gas	0.09700000000000000000	NULL	2025-06-24 04:31:02	2025-06-24 04:31:02
4690	Silk	Romania	Trims	energy	Electricity	1.60100000000000000000	NULL	2025-06-24 04:31:02	2025-06-24 04:31:02
4691	Silk	Romania	Trims	water	Water	0.38000000000000000000	NULL	2025-06-24 04:31:02	2025-06-24 04:31:02
4692	Silk	Romania	Weaving	carbon dioxide	Gas	0.85600000000000000000	NULL	2025-06-24 04:31:02	2025-06-24 04:31:02
4693	Silk	Romania	Weaving	energy	Electricity	8.39100000000000000000	NULL	2025-06-24 04:31:02	2025-06-24 04:31:02
4694	Silk	Romania	Weaving	water	Water	4.22500000000000000000	NULL	2025-06-24 04:31:02	2025-06-24 04:31:02
4695	Wool	Romania	Dyeing	carbon dioxide	Gas	2.97900000000000000000	NULL	2025-06-24 04:31:02	2025-06-24 04:31:02
4696	Wool	Romania	Dyeing	energy	Electricity	16.32500000000000000000	NULL	2025-06-24 04:31:02	2025-06-24 04:31:02
4697	Wool	Romania	Dyeing	water	Water	37.40500000000000000000	NULL	2025-06-24 04:31:02	2025-06-24 04:31:02
4698	Wool	Romania	Manufacturing	carbon dioxide	Gas	0.16500000000000000000	NULL	2025-06-24 04:31:02	2025-06-24 04:31:02
4699	Wool	Romania	Manufacturing	energy	Electricity	3.49500000000000000000	NULL	2025-06-24 04:31:02	2025-06-24 04:31:02
4700	Wool	Romania	Manufacturing	water	Water	2.73500000000000000000	NULL	2025-06-24 04:31:02	2025-06-24 04:31:02
4701	Wool	Romania	Raw Material	carbon dioxide	Gas	7.79800000000000000000	NULL	2025-06-24 04:31:02	2025-06-24 04:31:02
4702	Wool	Romania	Raw Material	energy	Electricity	21.89100000000000000000	NULL	2025-06-24 04:31:02	2025-06-24 04:31:02
4703	Wool	Romania	Raw Material	water	Water	789.94700000000000000000	NULL	2025-06-24 04:31:02	2025-06-24 04:31:02
4704	Wool	Romania	Sampling	carbon dioxide	Gas	0.09800000000000000000	NULL	2025-06-24 04:31:02	2025-06-24 04:31:02
4705	Wool	Romania	Sampling	energy	Electricity	1.49400000000000000000	NULL	2025-06-24 04:31:02	2025-06-24 04:31:02
4706	Wool	Romania	Sampling	water	Water	0.30400000000000000000	NULL	2025-06-24 04:31:02	2025-06-24 04:31:02
4707	Wool	Romania	Spinning	carbon dioxide	Gas	0.76700000000000000000	NULL	2025-06-24 04:31:02	2025-06-24 04:31:02
4708	Wool	Romania	Spinning	energy	Electricity	5.39100000000000000000	NULL	2025-06-24 04:31:02	2025-06-24 04:31:02
4709	Wool	Romania	Spinning	water	Water	1.03900000000000000000	NULL	2025-06-24 04:31:02	2025-06-24 04:31:02
4710	Wool	Romania	Trims	carbon dioxide	Gas	0.09600000000000000000	NULL	2025-06-24 04:31:02	2025-06-24 04:31:02
4711	Wool	Romania	Trims	energy	Electricity	1.35000000000000000000	NULL	2025-06-24 04:31:02	2025-06-24 04:31:02
4712	Wool	Romania	Trims	water	Water	0.32500000000000000000	NULL	2025-06-24 04:31:02	2025-06-24 04:31:02
4713	Wool	Romania	Weaving	carbon dioxide	Gas	0.94100000000000000000	NULL	2025-06-24 04:31:02	2025-06-24 04:31:02
4714	Wool	Romania	Weaving	energy	Electricity	7.09200000000000000000	NULL	2025-06-24 04:31:02	2025-06-24 04:31:02
4715	Wool	Romania	Weaving	water	Water	3.26300000000000000000	NULL	2025-06-24 04:31:02	2025-06-24 04:31:02
4716	Cotton	South Africa	Dyeing	carbon dioxide	Gas	2.94200000000000000000	NULL	2025-06-24 04:31:02	2025-06-24 04:31:02
4717	Cotton	South Africa	Dyeing	energy	Electricity	16.20600000000000000000	NULL	2025-06-24 04:31:02	2025-06-24 04:31:02
4718	Cotton	South Africa	Dyeing	water	Water	53.32900000000000000000	NULL	2025-06-24 04:31:02	2025-06-24 04:31:02
4719	Cotton	South Africa	Manufacturing	carbon dioxide	Gas	0.22400000000000000000	NULL	2025-06-24 04:31:02	2025-06-24 04:31:02
4720	Cotton	South Africa	Manufacturing	energy	Electricity	3.43800000000000000000	NULL	2025-06-24 04:31:02	2025-06-24 04:31:02
4721	Cotton	South Africa	Manufacturing	water	Water	5.12300000000000000000	NULL	2025-06-24 04:31:02	2025-06-24 04:31:02
4722	Cotton	South Africa	Raw Material	carbon dioxide	Gas	1.84400000000000000000	NULL	2025-06-24 04:31:02	2025-06-24 04:31:02
4723	Cotton	South Africa	Raw Material	energy	Electricity	10.67900000000000000000	NULL	2025-06-24 04:31:02	2025-06-24 04:31:02
4724	Cotton	South Africa	Raw Material	water	Water	9202.03900000000000000000	NULL	2025-06-24 04:31:02	2025-06-24 04:31:02
4725	Cotton	South Africa	Sampling	carbon dioxide	Gas	0.11300000000000000000	NULL	2025-06-24 04:31:02	2025-06-24 04:31:02
4726	Cotton	South Africa	Sampling	energy	Electricity	1.68200000000000000000	NULL	2025-06-24 04:31:02	2025-06-24 04:31:02
4727	Cotton	South Africa	Sampling	water	Water	0.53200000000000000000	NULL	2025-06-24 04:31:02	2025-06-24 04:31:02
4728	Cotton	South Africa	Spinning	carbon dioxide	Gas	0.65600000000000000000	NULL	2025-06-24 04:31:02	2025-06-24 04:31:02
4729	Cotton	South Africa	Spinning	energy	Electricity	6.32400000000000000000	NULL	2025-06-24 04:31:02	2025-06-24 04:31:02
4730	Cotton	South Africa	Spinning	water	Water	1.60600000000000000000	NULL	2025-06-24 04:31:02	2025-06-24 04:31:02
4731	Cotton	South Africa	Trims	carbon dioxide	Gas	0.13100000000000000000	NULL	2025-06-24 04:31:02	2025-06-24 04:31:02
4732	Cotton	South Africa	Trims	energy	Electricity	1.73600000000000000000	NULL	2025-06-24 04:31:02	2025-06-24 04:31:02
4733	Cotton	South Africa	Trims	water	Water	0.46000000000000000000	NULL	2025-06-24 04:31:02	2025-06-24 04:31:02
4734	Cotton	South Africa	Weaving	carbon dioxide	Gas	1.05600000000000000000	NULL	2025-06-24 04:31:02	2025-06-24 04:31:02
4735	Cotton	South Africa	Weaving	energy	Electricity	7.18500000000000000000	NULL	2025-06-24 04:31:02	2025-06-24 04:31:02
4736	Cotton	South Africa	Weaving	water	Water	5.39600000000000000000	NULL	2025-06-24 04:31:02	2025-06-24 04:31:02
4737	Hemp	South Africa	Dyeing	carbon dioxide	Gas	2.49600000000000000000	NULL	2025-06-24 04:31:02	2025-06-24 04:31:02
4738	Hemp	South Africa	Dyeing	energy	Electricity	12.73900000000000000000	NULL	2025-06-24 04:31:02	2025-06-24 04:31:02
4739	Hemp	South Africa	Dyeing	water	Water	30.58300000000000000000	NULL	2025-06-24 04:31:02	2025-06-24 04:31:02
4740	Hemp	South Africa	Manufacturing	carbon dioxide	Gas	0.13700000000000000000	NULL	2025-06-24 04:31:02	2025-06-24 04:31:02
4741	Hemp	South Africa	Manufacturing	energy	Electricity	2.35000000000000000000	NULL	2025-06-24 04:31:02	2025-06-24 04:31:02
4742	Hemp	South Africa	Manufacturing	water	Water	2.40100000000000000000	NULL	2025-06-24 04:31:02	2025-06-24 04:31:02
4743	Hemp	South Africa	Raw Material	carbon dioxide	Gas	0.23600000000000000000	NULL	2025-06-24 04:31:02	2025-06-24 04:31:02
4744	Hemp	South Africa	Raw Material	energy	Electricity	5.32800000000000000000	NULL	2025-06-24 04:31:02	2025-06-24 04:31:02
4745	Hemp	South Africa	Raw Material	water	Water	531.34200000000000000000	NULL	2025-06-24 04:31:02	2025-06-24 04:31:02
4746	Hemp	South Africa	Sampling	carbon dioxide	Gas	0.07800000000000000000	NULL	2025-06-24 04:31:02	2025-06-24 04:31:02
4747	Hemp	South Africa	Sampling	energy	Electricity	0.85100000000000000000	NULL	2025-06-24 04:31:02	2025-06-24 04:31:02
4748	Hemp	South Africa	Sampling	water	Water	0.24400000000000000000	NULL	2025-06-24 04:31:02	2025-06-24 04:31:02
4749	Hemp	South Africa	Spinning	carbon dioxide	Gas	0.47100000000000000000	NULL	2025-06-24 04:31:02	2025-06-24 04:31:02
4750	Hemp	South Africa	Spinning	energy	Electricity	3.08100000000000000000	NULL	2025-06-24 04:31:02	2025-06-24 04:31:02
4751	Hemp	South Africa	Spinning	water	Water	0.73400000000000000000	NULL	2025-06-24 04:31:02	2025-06-24 04:31:02
4752	Hemp	South Africa	Trims	carbon dioxide	Gas	0.08100000000000000000	NULL	2025-06-24 04:31:02	2025-06-24 04:31:02
4753	Hemp	South Africa	Trims	energy	Electricity	0.87900000000000000000	NULL	2025-06-24 04:31:02	2025-06-24 04:31:02
4754	Hemp	South Africa	Trims	water	Water	0.23000000000000000000	NULL	2025-06-24 04:31:02	2025-06-24 04:31:02
4755	Hemp	South Africa	Weaving	carbon dioxide	Gas	0.73100000000000000000	NULL	2025-06-24 04:31:02	2025-06-24 04:31:02
4756	Hemp	South Africa	Weaving	energy	Electricity	4.56400000000000000000	NULL	2025-06-24 04:31:02	2025-06-24 04:31:02
4757	Hemp	South Africa	Weaving	water	Water	2.28000000000000000000	NULL	2025-06-24 04:31:02	2025-06-24 04:31:02
4758	Polyester	South Africa	Dyeing	carbon dioxide	Gas	3.78300000000000000000	NULL	2025-06-24 04:31:02	2025-06-24 04:31:02
4759	Polyester	South Africa	Dyeing	energy	Electricity	22.99600000000000000000	NULL	2025-06-24 04:31:02	2025-06-24 04:31:02
4760	Polyester	South Africa	Dyeing	water	Water	10.05400000000000000000	NULL	2025-06-24 04:31:02	2025-06-24 04:31:02
4761	Polyester	South Africa	Manufacturing	carbon dioxide	Gas	0.18300000000000000000	NULL	2025-06-24 04:31:02	2025-06-24 04:31:02
4762	Polyester	South Africa	Manufacturing	energy	Electricity	2.78600000000000000000	NULL	2025-06-24 04:31:02	2025-06-24 04:31:02
4763	Polyester	South Africa	Manufacturing	water	Water	1.99000000000000000000	NULL	2025-06-24 04:31:02	2025-06-24 04:31:02
4764	Polyester	South Africa	Raw Material	carbon dioxide	Gas	3.71400000000000000000	NULL	2025-06-24 04:31:02	2025-06-24 04:31:02
4765	Polyester	South Africa	Raw Material	energy	Electricity	73.44200000000000000000	NULL	2025-06-24 04:31:02	2025-06-24 04:31:02
4766	Polyester	South Africa	Raw Material	water	Water	18.75100000000000000000	NULL	2025-06-24 04:31:02	2025-06-24 04:31:02
4767	Polyester	South Africa	Sampling	carbon dioxide	Gas	0.10200000000000000000	NULL	2025-06-24 04:31:02	2025-06-24 04:31:02
4768	Polyester	South Africa	Sampling	energy	Electricity	1.14500000000000000000	NULL	2025-06-24 04:31:02	2025-06-24 04:31:02
4769	Polyester	South Africa	Sampling	water	Water	0.20100000000000000000	NULL	2025-06-24 04:31:02	2025-06-24 04:31:02
4770	Polyester	South Africa	Spinning	carbon dioxide	Gas	0.99200000000000000000	NULL	2025-06-24 04:31:02	2025-06-24 04:31:02
4771	Polyester	South Africa	Spinning	energy	Electricity	3.53700000000000000000	NULL	2025-06-24 04:31:02	2025-06-24 04:31:02
4772	Polyester	South Africa	Spinning	water	Water	0.45300000000000000000	NULL	2025-06-24 04:31:02	2025-06-24 04:31:02
4773	Polyester	South Africa	Trims	carbon dioxide	Gas	0.10500000000000000000	NULL	2025-06-24 04:31:02	2025-06-24 04:31:02
4774	Polyester	South Africa	Trims	energy	Electricity	1.02100000000000000000	NULL	2025-06-24 04:31:02	2025-06-24 04:31:02
4775	Polyester	South Africa	Trims	water	Water	0.20600000000000000000	NULL	2025-06-24 04:31:02	2025-06-24 04:31:02
4776	Polyester	South Africa	Weaving	carbon dioxide	Gas	1.11600000000000000000	NULL	2025-06-24 04:31:02	2025-06-24 04:31:02
4777	Polyester	South Africa	Weaving	energy	Electricity	5.92400000000000000000	NULL	2025-06-24 04:31:02	2025-06-24 04:31:02
4778	Polyester	South Africa	Weaving	water	Water	1.93800000000000000000	NULL	2025-06-24 04:31:02	2025-06-24 04:31:02
4779	Silk	South Africa	Dyeing	carbon dioxide	Gas	3.07600000000000000000	NULL	2025-06-24 04:31:02	2025-06-24 04:31:02
4780	Silk	South Africa	Dyeing	energy	Electricity	17.97000000000000000000	NULL	2025-06-24 04:31:02	2025-06-24 04:31:02
4781	Silk	South Africa	Dyeing	water	Water	44.90600000000000000000	NULL	2025-06-24 04:31:02	2025-06-24 04:31:02
4782	Silk	South Africa	Manufacturing	carbon dioxide	Gas	0.28500000000000000000	NULL	2025-06-24 04:31:02	2025-06-24 04:31:02
4783	Silk	South Africa	Manufacturing	energy	Electricity	3.83500000000000000000	NULL	2025-06-24 04:31:02	2025-06-24 04:31:02
4784	Silk	South Africa	Manufacturing	water	Water	4.31300000000000000000	NULL	2025-06-24 04:31:02	2025-06-24 04:31:02
4785	Silk	South Africa	Raw Material	carbon dioxide	Gas	2.21500000000000000000	NULL	2025-06-24 04:31:02	2025-06-24 04:31:02
4786	Silk	South Africa	Raw Material	energy	Electricity	32.01500000000000000000	NULL	2025-06-24 04:31:02	2025-06-24 04:31:02
4787	Silk	South Africa	Raw Material	water	Water	10940.28000000000000000000	NULL	2025-06-24 04:31:02	2025-06-24 04:31:02
4788	Silk	South Africa	Sampling	carbon dioxide	Gas	0.10900000000000000000	NULL	2025-06-24 04:31:02	2025-06-24 04:31:02
4789	Silk	South Africa	Sampling	energy	Electricity	1.56100000000000000000	NULL	2025-06-24 04:31:02	2025-06-24 04:31:02
4790	Silk	South Africa	Sampling	water	Water	0.38900000000000000000	NULL	2025-06-24 04:31:02	2025-06-24 04:31:02
4791	Silk	South Africa	Spinning	carbon dioxide	Gas	0.78400000000000000000	NULL	2025-06-24 04:31:02	2025-06-24 04:31:02
4792	Silk	South Africa	Spinning	energy	Electricity	7.15900000000000000000	NULL	2025-06-24 04:31:02	2025-06-24 04:31:02
4793	Silk	South Africa	Spinning	water	Water	1.55700000000000000000	NULL	2025-06-24 04:31:02	2025-06-24 04:31:02
4794	Silk	South Africa	Trims	carbon dioxide	Gas	0.11600000000000000000	NULL	2025-06-24 04:31:02	2025-06-24 04:31:02
4795	Silk	South Africa	Trims	energy	Electricity	1.67200000000000000000	NULL	2025-06-24 04:31:02	2025-06-24 04:31:02
4796	Silk	South Africa	Trims	water	Water	0.39400000000000000000	NULL	2025-06-24 04:31:02	2025-06-24 04:31:02
4797	Silk	South Africa	Weaving	carbon dioxide	Gas	1.06600000000000000000	NULL	2025-06-24 04:31:02	2025-06-24 04:31:02
4798	Silk	South Africa	Weaving	energy	Electricity	7.58400000000000000000	NULL	2025-06-24 04:31:02	2025-06-24 04:31:02
4799	Silk	South Africa	Weaving	water	Water	3.81800000000000000000	NULL	2025-06-24 04:31:02	2025-06-24 04:31:02
4800	Wool	South Africa	Dyeing	carbon dioxide	Gas	3.77400000000000000000	NULL	2025-06-24 04:31:02	2025-06-24 04:31:02
4801	Wool	South Africa	Dyeing	energy	Electricity	18.18400000000000000000	NULL	2025-06-24 04:31:02	2025-06-24 04:31:02
4802	Wool	South Africa	Dyeing	water	Water	39.07500000000000000000	NULL	2025-06-24 04:31:02	2025-06-24 04:31:02
4803	Wool	South Africa	Manufacturing	carbon dioxide	Gas	0.23300000000000000000	NULL	2025-06-24 04:31:02	2025-06-24 04:31:02
4804	Wool	South Africa	Manufacturing	energy	Electricity	3.33900000000000000000	NULL	2025-06-24 04:31:02	2025-06-24 04:31:02
4805	Wool	South Africa	Manufacturing	water	Water	3.13000000000000000000	NULL	2025-06-24 04:31:02	2025-06-24 04:31:02
4806	Wool	South Africa	Raw Material	carbon dioxide	Gas	9.07300000000000000000	NULL	2025-06-24 04:31:02	2025-06-24 04:31:02
4807	Wool	South Africa	Raw Material	energy	Electricity	21.66500000000000000000	NULL	2025-06-24 04:31:02	2025-06-24 04:31:02
4808	Wool	South Africa	Raw Material	water	Water	836.54300000000000000000	NULL	2025-06-24 04:31:02	2025-06-24 04:31:02
4809	Wool	South Africa	Sampling	carbon dioxide	Gas	0.10400000000000000000	NULL	2025-06-24 04:31:02	2025-06-24 04:31:02
4810	Wool	South Africa	Sampling	energy	Electricity	1.55900000000000000000	NULL	2025-06-24 04:31:02	2025-06-24 04:31:02
4811	Wool	South Africa	Sampling	water	Water	0.31100000000000000000	NULL	2025-06-24 04:31:02	2025-06-24 04:31:02
4812	Wool	South Africa	Spinning	carbon dioxide	Gas	0.80900000000000000000	NULL	2025-06-24 04:31:02	2025-06-24 04:31:02
4813	Wool	South Africa	Spinning	energy	Electricity	5.93100000000000000000	NULL	2025-06-24 04:31:02	2025-06-24 04:31:02
4814	Wool	South Africa	Spinning	water	Water	0.95500000000000000000	NULL	2025-06-24 04:31:02	2025-06-24 04:31:02
4815	Wool	South Africa	Trims	carbon dioxide	Gas	0.10400000000000000000	NULL	2025-06-24 04:31:02	2025-06-24 04:31:02
4816	Wool	South Africa	Trims	energy	Electricity	1.58200000000000000000	NULL	2025-06-24 04:31:02	2025-06-24 04:31:02
4817	Wool	South Africa	Trims	water	Water	0.27500000000000000000	NULL	2025-06-24 04:31:02	2025-06-24 04:31:02
4818	Wool	South Africa	Weaving	carbon dioxide	Gas	1.13300000000000000000	NULL	2025-06-24 04:31:02	2025-06-24 04:31:02
4819	Wool	South Africa	Weaving	energy	Electricity	6.93500000000000000000	NULL	2025-06-24 04:31:02	2025-06-24 04:31:02
4820	Wool	South Africa	Weaving	water	Water	2.85700000000000000000	NULL	2025-06-24 04:31:02	2025-06-24 04:31:02
4821	Cotton	South Korea	Dyeing	carbon dioxide	Gas	2.27100000000000000000	NULL	2025-06-24 04:31:02	2025-06-24 04:31:02
4822	Cotton	South Korea	Dyeing	energy	Electricity	15.10800000000000000000	NULL	2025-06-24 04:31:02	2025-06-24 04:31:02
4823	Cotton	South Korea	Dyeing	water	Water	47.58500000000000000000	NULL	2025-06-24 04:31:02	2025-06-24 04:31:02
4824	Cotton	South Korea	Manufacturing	carbon dioxide	Gas	0.20500000000000000000	NULL	2025-06-24 04:31:02	2025-06-24 04:31:02
4825	Cotton	South Korea	Manufacturing	energy	Electricity	3.29900000000000000000	NULL	2025-06-24 04:31:02	2025-06-24 04:31:02
4826	Cotton	South Korea	Manufacturing	water	Water	4.55700000000000000000	NULL	2025-06-24 04:31:02	2025-06-24 04:31:02
4827	Cotton	South Korea	Raw Material	carbon dioxide	Gas	1.62400000000000000000	NULL	2025-06-24 04:31:02	2025-06-24 04:31:02
4828	Cotton	South Korea	Raw Material	energy	Electricity	10.40200000000000000000	NULL	2025-06-24 04:31:02	2025-06-24 04:31:02
4829	Cotton	South Korea	Raw Material	water	Water	9031.30900000000000000000	NULL	2025-06-24 04:31:02	2025-06-24 04:31:02
4830	Cotton	South Korea	Sampling	carbon dioxide	Gas	0.09700000000000000000	NULL	2025-06-24 04:31:02	2025-06-24 04:31:02
4831	Cotton	South Korea	Sampling	energy	Electricity	1.69100000000000000000	NULL	2025-06-24 04:31:02	2025-06-24 04:31:02
4832	Cotton	South Korea	Sampling	water	Water	0.54200000000000000000	NULL	2025-06-24 04:31:02	2025-06-24 04:31:02
4833	Cotton	South Korea	Spinning	carbon dioxide	Gas	0.54700000000000000000	NULL	2025-06-24 04:31:02	2025-06-24 04:31:02
4834	Cotton	South Korea	Spinning	energy	Electricity	6.64300000000000000000	NULL	2025-06-24 04:31:02	2025-06-24 04:31:02
4835	Cotton	South Korea	Spinning	water	Water	1.54400000000000000000	NULL	2025-06-24 04:31:02	2025-06-24 04:31:02
4836	Cotton	South Korea	Trims	carbon dioxide	Gas	0.09000000000000000000	NULL	2025-06-24 04:31:02	2025-06-24 04:31:02
4837	Cotton	South Korea	Trims	energy	Electricity	1.69600000000000000000	NULL	2025-06-24 04:31:02	2025-06-24 04:31:02
4838	Cotton	South Korea	Trims	water	Water	0.52000000000000000000	NULL	2025-06-24 04:31:02	2025-06-24 04:31:02
4839	Cotton	South Korea	Weaving	carbon dioxide	Gas	0.81700000000000000000	NULL	2025-06-24 04:31:02	2025-06-24 04:31:02
4840	Cotton	South Korea	Weaving	energy	Electricity	7.30000000000000000000	NULL	2025-06-24 04:31:02	2025-06-24 04:31:02
4841	Cotton	South Korea	Weaving	water	Water	4.62500000000000000000	NULL	2025-06-24 04:31:02	2025-06-24 04:31:02
4842	Hemp	South Korea	Dyeing	carbon dioxide	Gas	2.17000000000000000000	NULL	2025-06-24 04:31:02	2025-06-24 04:31:02
4843	Hemp	South Korea	Dyeing	energy	Electricity	13.54600000000000000000	NULL	2025-06-24 04:31:02	2025-06-24 04:31:02
4844	Hemp	South Korea	Dyeing	water	Water	28.36500000000000000000	NULL	2025-06-24 04:31:02	2025-06-24 04:31:02
4845	Hemp	South Korea	Manufacturing	carbon dioxide	Gas	0.11000000000000000000	NULL	2025-06-24 04:31:02	2025-06-24 04:31:02
4846	Hemp	South Korea	Manufacturing	energy	Electricity	2.33800000000000000000	NULL	2025-06-24 04:31:02	2025-06-24 04:31:02
4847	Hemp	South Korea	Manufacturing	water	Water	2.48200000000000000000	NULL	2025-06-24 04:31:02	2025-06-24 04:31:02
4848	Hemp	South Korea	Raw Material	carbon dioxide	Gas	0.19200000000000000000	NULL	2025-06-24 04:31:02	2025-06-24 04:31:02
4849	Hemp	South Korea	Raw Material	energy	Electricity	4.94100000000000000000	NULL	2025-06-24 04:31:02	2025-06-24 04:31:02
4850	Hemp	South Korea	Raw Material	water	Water	487.16500000000000000000	NULL	2025-06-24 04:31:02	2025-06-24 04:31:02
4851	Hemp	South Korea	Sampling	carbon dioxide	Gas	0.06900000000000000000	NULL	2025-06-24 04:31:02	2025-06-24 04:31:02
4852	Hemp	South Korea	Sampling	energy	Electricity	0.87600000000000000000	NULL	2025-06-24 04:31:02	2025-06-24 04:31:02
4853	Hemp	South Korea	Sampling	water	Water	0.24600000000000000000	NULL	2025-06-24 04:31:02	2025-06-24 04:31:02
4854	Hemp	South Korea	Spinning	carbon dioxide	Gas	0.36900000000000000000	NULL	2025-06-24 04:31:02	2025-06-24 04:31:02
4855	Hemp	South Korea	Spinning	energy	Electricity	3.16600000000000000000	NULL	2025-06-24 04:31:02	2025-06-24 04:31:02
4856	Hemp	South Korea	Spinning	water	Water	0.74800000000000000000	NULL	2025-06-24 04:31:02	2025-06-24 04:31:02
4857	Hemp	South Korea	Trims	carbon dioxide	Gas	0.07400000000000000000	NULL	2025-06-24 04:31:02	2025-06-24 04:31:02
4858	Hemp	South Korea	Trims	energy	Electricity	0.88800000000000000000	NULL	2025-06-24 04:31:02	2025-06-24 04:31:02
4859	Hemp	South Korea	Trims	water	Water	0.26800000000000000000	NULL	2025-06-24 04:31:02	2025-06-24 04:31:02
4860	Hemp	South Korea	Weaving	carbon dioxide	Gas	0.56200000000000000000	NULL	2025-06-24 04:31:02	2025-06-24 04:31:02
4861	Hemp	South Korea	Weaving	energy	Electricity	4.21700000000000000000	NULL	2025-06-24 04:31:02	2025-06-24 04:31:02
4862	Hemp	South Korea	Weaving	water	Water	2.53900000000000000000	NULL	2025-06-24 04:31:02	2025-06-24 04:31:02
4863	Nylon	South Korea	Dyeing	carbon dioxide	Gas	2.90700000000000000000	NULL	2025-06-24 04:31:02	2025-06-24 04:31:02
4864	Nylon	South Korea	Dyeing	energy	Electricity	19.62300000000000000000	NULL	2025-06-24 04:31:02	2025-06-24 04:31:02
4865	Nylon	South Korea	Dyeing	water	Water	15.64800000000000000000	NULL	2025-06-24 04:31:02	2025-06-24 04:31:02
4866	Nylon	South Korea	Manufacturing	carbon dioxide	Gas	0.17600000000000000000	NULL	2025-06-24 04:31:02	2025-06-24 04:31:02
4867	Nylon	South Korea	Manufacturing	energy	Electricity	3.38000000000000000000	NULL	2025-06-24 04:31:02	2025-06-24 04:31:02
4868	Nylon	South Korea	Manufacturing	water	Water	2.03200000000000000000	NULL	2025-06-24 04:31:02	2025-06-24 04:31:02
4869	Nylon	South Korea	Raw Material	carbon dioxide	Gas	4.66500000000000000000	NULL	2025-06-24 04:31:02	2025-06-24 04:31:02
4870	Nylon	South Korea	Raw Material	energy	Electricity	58.73800000000000000000	NULL	2025-06-24 04:31:02	2025-06-24 04:31:02
4871	Nylon	South Korea	Raw Material	water	Water	20.78600000000000000000	NULL	2025-06-24 04:31:02	2025-06-24 04:31:02
4872	Nylon	South Korea	Sampling	carbon dioxide	Gas	0.09800000000000000000	NULL	2025-06-24 04:31:02	2025-06-24 04:31:02
4873	Nylon	South Korea	Sampling	energy	Electricity	0.98500000000000000000	NULL	2025-06-24 04:31:02	2025-06-24 04:31:02
4874	Nylon	South Korea	Sampling	water	Water	0.20600000000000000000	NULL	2025-06-24 04:31:02	2025-06-24 04:31:02
4875	Nylon	South Korea	Spinning	carbon dioxide	Gas	0.91900000000000000000	NULL	2025-06-24 04:31:02	2025-06-24 04:31:02
4876	Nylon	South Korea	Spinning	energy	Electricity	4.52700000000000000000	NULL	2025-06-24 04:31:02	2025-06-24 04:31:02
4877	Nylon	South Korea	Spinning	water	Water	0.48900000000000000000	NULL	2025-06-24 04:31:02	2025-06-24 04:31:02
4878	Nylon	South Korea	Trims	carbon dioxide	Gas	0.09600000000000000000	NULL	2025-06-24 04:31:02	2025-06-24 04:31:02
4879	Nylon	South Korea	Trims	energy	Electricity	0.99300000000000000000	NULL	2025-06-24 04:31:02	2025-06-24 04:31:02
4880	Nylon	South Korea	Trims	water	Water	0.20900000000000000000	NULL	2025-06-24 04:31:02	2025-06-24 04:31:02
4881	Nylon	South Korea	Weaving	carbon dioxide	Gas	1.20100000000000000000	NULL	2025-06-24 04:31:02	2025-06-24 04:31:02
4882	Nylon	South Korea	Weaving	energy	Electricity	5.94500000000000000000	NULL	2025-06-24 04:31:02	2025-06-24 04:31:02
4883	Nylon	South Korea	Weaving	water	Water	1.89700000000000000000	NULL	2025-06-24 04:31:02	2025-06-24 04:31:02
4884	Polyester	South Korea	Dyeing	carbon dioxide	Gas	3.59200000000000000000	NULL	2025-06-24 04:31:02	2025-06-24 04:31:02
4885	Polyester	South Korea	Dyeing	energy	Electricity	21.52700000000000000000	NULL	2025-06-24 04:31:02	2025-06-24 04:31:02
4886	Polyester	South Korea	Dyeing	water	Water	9.16800000000000000000	NULL	2025-06-24 04:31:02	2025-06-24 04:31:02
4887	Polyester	South Korea	Manufacturing	carbon dioxide	Gas	0.14000000000000000000	NULL	2025-06-24 04:31:02	2025-06-24 04:31:02
4888	Polyester	South Korea	Manufacturing	energy	Electricity	3.05600000000000000000	NULL	2025-06-24 04:31:02	2025-06-24 04:31:02
4889	Polyester	South Korea	Manufacturing	water	Water	2.13800000000000000000	NULL	2025-06-24 04:31:02	2025-06-24 04:31:02
4890	Polyester	South Korea	Raw Material	carbon dioxide	Gas	2.88900000000000000000	NULL	2025-06-24 04:31:02	2025-06-24 04:31:02
4891	Polyester	South Korea	Raw Material	energy	Electricity	70.22000000000000000000	NULL	2025-06-24 04:31:02	2025-06-24 04:31:02
4892	Polyester	South Korea	Raw Material	water	Water	21.97000000000000000000	NULL	2025-06-24 04:31:02	2025-06-24 04:31:02
4893	Polyester	South Korea	Sampling	carbon dioxide	Gas	0.08700000000000000000	NULL	2025-06-24 04:31:02	2025-06-24 04:31:02
4894	Polyester	South Korea	Sampling	energy	Electricity	1.15900000000000000000	NULL	2025-06-24 04:31:02	2025-06-24 04:31:02
4895	Polyester	South Korea	Sampling	water	Water	0.21700000000000000000	NULL	2025-06-24 04:31:02	2025-06-24 04:31:02
4896	Polyester	South Korea	Spinning	carbon dioxide	Gas	0.85200000000000000000	NULL	2025-06-24 04:31:02	2025-06-24 04:31:02
4897	Polyester	South Korea	Spinning	energy	Electricity	3.49600000000000000000	NULL	2025-06-24 04:31:02	2025-06-24 04:31:02
4898	Polyester	South Korea	Spinning	water	Water	0.53200000000000000000	NULL	2025-06-24 04:31:02	2025-06-24 04:31:02
4899	Polyester	South Korea	Trims	carbon dioxide	Gas	0.08500000000000000000	NULL	2025-06-24 04:31:02	2025-06-24 04:31:02
4900	Polyester	South Korea	Trims	energy	Electricity	1.17500000000000000000	NULL	2025-06-24 04:31:02	2025-06-24 04:31:02
4901	Polyester	South Korea	Trims	water	Water	0.19600000000000000000	NULL	2025-06-24 04:31:02	2025-06-24 04:31:02
4902	Polyester	South Korea	Weaving	carbon dioxide	Gas	1.09800000000000000000	NULL	2025-06-24 04:31:02	2025-06-24 04:31:02
4903	Polyester	South Korea	Weaving	energy	Electricity	5.76400000000000000000	NULL	2025-06-24 04:31:02	2025-06-24 04:31:02
4904	Polyester	South Korea	Weaving	water	Water	1.95000000000000000000	NULL	2025-06-24 04:31:02	2025-06-24 04:31:02
4905	Silk	South Korea	Dyeing	carbon dioxide	Gas	2.73000000000000000000	NULL	2025-06-24 04:31:02	2025-06-24 04:31:02
4906	Silk	South Korea	Dyeing	energy	Electricity	18.39700000000000000000	NULL	2025-06-24 04:31:02	2025-06-24 04:31:02
4907	Silk	South Korea	Dyeing	water	Water	48.17000000000000000000	NULL	2025-06-24 04:31:02	2025-06-24 04:31:02
4908	Silk	South Korea	Manufacturing	carbon dioxide	Gas	0.20500000000000000000	NULL	2025-06-24 04:31:02	2025-06-24 04:31:02
4909	Silk	South Korea	Manufacturing	energy	Electricity	3.72000000000000000000	NULL	2025-06-24 04:31:02	2025-06-24 04:31:02
4910	Silk	South Korea	Manufacturing	water	Water	4.31200000000000000000	NULL	2025-06-24 04:31:02	2025-06-24 04:31:02
4911	Silk	South Korea	Raw Material	carbon dioxide	Gas	1.85100000000000000000	NULL	2025-06-24 04:31:02	2025-06-24 04:31:02
4912	Silk	South Korea	Raw Material	energy	Electricity	28.89100000000000000000	NULL	2025-06-24 04:31:02	2025-06-24 04:31:02
4913	Silk	South Korea	Raw Material	water	Water	10720.99300000000000000000	NULL	2025-06-24 04:31:02	2025-06-24 04:31:02
4914	Silk	South Korea	Sampling	carbon dioxide	Gas	0.09800000000000000000	NULL	2025-06-24 04:31:02	2025-06-24 04:31:02
4915	Silk	South Korea	Sampling	energy	Electricity	1.61600000000000000000	NULL	2025-06-24 04:31:02	2025-06-24 04:31:02
4916	Silk	South Korea	Sampling	water	Water	0.43300000000000000000	NULL	2025-06-24 04:31:02	2025-06-24 04:31:02
4917	Silk	South Korea	Spinning	carbon dioxide	Gas	0.62800000000000000000	NULL	2025-06-24 04:31:02	2025-06-24 04:31:02
4918	Silk	South Korea	Spinning	energy	Electricity	6.92900000000000000000	NULL	2025-06-24 04:31:02	2025-06-24 04:31:02
4919	Silk	South Korea	Spinning	water	Water	1.61800000000000000000	NULL	2025-06-24 04:31:02	2025-06-24 04:31:02
4920	Silk	South Korea	Trims	carbon dioxide	Gas	0.10300000000000000000	NULL	2025-06-24 04:31:02	2025-06-24 04:31:02
4921	Silk	South Korea	Trims	energy	Electricity	1.54900000000000000000	NULL	2025-06-24 04:31:02	2025-06-24 04:31:02
4922	Silk	South Korea	Trims	water	Water	0.40200000000000000000	NULL	2025-06-24 04:31:02	2025-06-24 04:31:02
4923	Silk	South Korea	Weaving	carbon dioxide	Gas	0.80700000000000000000	NULL	2025-06-24 04:31:02	2025-06-24 04:31:02
4924	Silk	South Korea	Weaving	energy	Electricity	7.72900000000000000000	NULL	2025-06-24 04:31:02	2025-06-24 04:31:02
4925	Silk	South Korea	Weaving	water	Water	3.93600000000000000000	NULL	2025-06-24 04:31:02	2025-06-24 04:31:02
4926	Cotton	Spain	Dyeing	carbon dioxide	Gas	2.14600000000000000000	NULL	2025-06-24 04:31:02	2025-06-24 04:31:02
4927	Cotton	Spain	Dyeing	energy	Electricity	15.35500000000000000000	NULL	2025-06-24 04:31:02	2025-06-24 04:31:02
4928	Cotton	Spain	Dyeing	water	Water	45.33600000000000000000	NULL	2025-06-24 04:31:02	2025-06-24 04:31:02
4929	Cotton	Spain	Manufacturing	carbon dioxide	Gas	0.15500000000000000000	NULL	2025-06-24 04:31:02	2025-06-24 04:31:02
4930	Cotton	Spain	Manufacturing	energy	Electricity	3.67100000000000000000	NULL	2025-06-24 04:31:02	2025-06-24 04:31:02
4931	Cotton	Spain	Manufacturing	water	Water	4.63000000000000000000	NULL	2025-06-24 04:31:02	2025-06-24 04:31:02
4932	Cotton	Spain	Raw Material	carbon dioxide	Gas	1.38100000000000000000	NULL	2025-06-24 04:31:02	2025-06-24 04:31:02
4933	Cotton	Spain	Raw Material	energy	Electricity	9.18000000000000000000	NULL	2025-06-24 04:31:02	2025-06-24 04:31:02
4934	Cotton	Spain	Raw Material	water	Water	9657.48200000000000000000	NULL	2025-06-24 04:31:02	2025-06-24 04:31:02
4935	Cotton	Spain	Sampling	carbon dioxide	Gas	0.08600000000000000000	NULL	2025-06-24 04:31:02	2025-06-24 04:31:02
4936	Cotton	Spain	Sampling	energy	Electricity	1.92100000000000000000	NULL	2025-06-24 04:31:02	2025-06-24 04:31:02
4937	Cotton	Spain	Sampling	water	Water	0.52200000000000000000	NULL	2025-06-24 04:31:02	2025-06-24 04:31:02
4938	Cotton	Spain	Spinning	carbon dioxide	Gas	0.40200000000000000000	NULL	2025-06-24 04:31:02	2025-06-24 04:31:02
4939	Cotton	Spain	Spinning	energy	Electricity	5.92700000000000000000	NULL	2025-06-24 04:31:02	2025-06-24 04:31:02
4940	Cotton	Spain	Spinning	water	Water	1.59400000000000000000	NULL	2025-06-24 04:31:02	2025-06-24 04:31:02
4941	Cotton	Spain	Trims	carbon dioxide	Gas	0.08500000000000000000	NULL	2025-06-24 04:31:02	2025-06-24 04:31:02
4942	Cotton	Spain	Trims	energy	Electricity	1.85600000000000000000	NULL	2025-06-24 04:31:02	2025-06-24 04:31:02
4943	Cotton	Spain	Trims	water	Water	0.51900000000000000000	NULL	2025-06-24 04:31:02	2025-06-24 04:31:02
4944	Cotton	Spain	Weaving	carbon dioxide	Gas	0.71300000000000000000	NULL	2025-06-24 04:31:02	2025-06-24 04:31:02
4945	Cotton	Spain	Weaving	energy	Electricity	6.63700000000000000000	NULL	2025-06-24 04:31:02	2025-06-24 04:31:02
4946	Cotton	Spain	Weaving	water	Water	5.36300000000000000000	NULL	2025-06-24 04:31:02	2025-06-24 04:31:02
4947	Hemp	Spain	Dyeing	carbon dioxide	Gas	1.75600000000000000000	NULL	2025-06-24 04:31:02	2025-06-24 04:31:02
4948	Hemp	Spain	Dyeing	energy	Electricity	12.22000000000000000000	NULL	2025-06-24 04:31:02	2025-06-24 04:31:02
4949	Hemp	Spain	Dyeing	water	Water	31.90800000000000000000	NULL	2025-06-24 04:31:02	2025-06-24 04:31:02
4950	Hemp	Spain	Manufacturing	carbon dioxide	Gas	0.11200000000000000000	NULL	2025-06-24 04:31:02	2025-06-24 04:31:02
4951	Hemp	Spain	Manufacturing	energy	Electricity	2.57800000000000000000	NULL	2025-06-24 04:31:02	2025-06-24 04:31:02
4952	Hemp	Spain	Manufacturing	water	Water	2.37700000000000000000	NULL	2025-06-24 04:31:02	2025-06-24 04:31:02
4953	Hemp	Spain	Raw Material	carbon dioxide	Gas	0.17300000000000000000	NULL	2025-06-24 04:31:02	2025-06-24 04:31:02
4954	Hemp	Spain	Raw Material	energy	Electricity	4.70600000000000000000	NULL	2025-06-24 04:31:02	2025-06-24 04:31:02
4955	Hemp	Spain	Raw Material	water	Water	490.25300000000000000000	NULL	2025-06-24 04:31:02	2025-06-24 04:31:02
4956	Hemp	Spain	Sampling	carbon dioxide	Gas	0.06100000000000000000	NULL	2025-06-24 04:31:02	2025-06-24 04:31:02
4957	Hemp	Spain	Sampling	energy	Electricity	0.97100000000000000000	NULL	2025-06-24 04:31:02	2025-06-24 04:31:02
4958	Hemp	Spain	Sampling	water	Water	0.24000000000000000000	NULL	2025-06-24 04:31:02	2025-06-24 04:31:02
4959	Hemp	Spain	Spinning	carbon dioxide	Gas	0.34900000000000000000	NULL	2025-06-24 04:31:02	2025-06-24 04:31:02
4960	Hemp	Spain	Spinning	energy	Electricity	3.04900000000000000000	NULL	2025-06-24 04:31:02	2025-06-24 04:31:02
4961	Hemp	Spain	Spinning	water	Water	0.87400000000000000000	NULL	2025-06-24 04:31:02	2025-06-24 04:31:02
4962	Hemp	Spain	Trims	carbon dioxide	Gas	0.05700000000000000000	NULL	2025-06-24 04:31:02	2025-06-24 04:31:02
4963	Hemp	Spain	Trims	energy	Electricity	0.97500000000000000000	NULL	2025-06-24 04:31:02	2025-06-24 04:31:02
4964	Hemp	Spain	Trims	water	Water	0.24400000000000000000	NULL	2025-06-24 04:31:02	2025-06-24 04:31:02
4965	Hemp	Spain	Weaving	carbon dioxide	Gas	0.47500000000000000000	NULL	2025-06-24 04:31:02	2025-06-24 04:31:02
4966	Hemp	Spain	Weaving	energy	Electricity	4.20800000000000000000	NULL	2025-06-24 04:31:02	2025-06-24 04:31:02
4967	Hemp	Spain	Weaving	water	Water	2.38900000000000000000	NULL	2025-06-24 04:31:02	2025-06-24 04:31:02
4968	Polyester	Spain	Dyeing	carbon dioxide	Gas	3.25100000000000000000	NULL	2025-06-24 04:31:02	2025-06-24 04:31:02
4969	Polyester	Spain	Dyeing	energy	Electricity	21.38000000000000000000	NULL	2025-06-24 04:31:02	2025-06-24 04:31:02
4970	Polyester	Spain	Dyeing	water	Water	10.16000000000000000000	NULL	2025-06-24 04:31:02	2025-06-24 04:31:02
4971	Polyester	Spain	Manufacturing	carbon dioxide	Gas	0.12800000000000000000	NULL	2025-06-24 04:31:02	2025-06-24 04:31:02
4972	Polyester	Spain	Manufacturing	energy	Electricity	3.05100000000000000000	NULL	2025-06-24 04:31:02	2025-06-24 04:31:02
4973	Polyester	Spain	Manufacturing	water	Water	2.00600000000000000000	NULL	2025-06-24 04:31:02	2025-06-24 04:31:02
4974	Polyester	Spain	Raw Material	carbon dioxide	Gas	2.70600000000000000000	NULL	2025-06-24 04:31:02	2025-06-24 04:31:02
4975	Polyester	Spain	Raw Material	energy	Electricity	69.15000000000000000000	NULL	2025-06-24 04:31:02	2025-06-24 04:31:02
4976	Polyester	Spain	Raw Material	water	Water	18.76800000000000000000	NULL	2025-06-24 04:31:02	2025-06-24 04:31:02
4977	Polyester	Spain	Sampling	carbon dioxide	Gas	0.06600000000000000000	NULL	2025-06-24 04:31:02	2025-06-24 04:31:02
4978	Polyester	Spain	Sampling	energy	Electricity	1.13400000000000000000	NULL	2025-06-24 04:31:02	2025-06-24 04:31:02
4979	Polyester	Spain	Sampling	water	Water	0.19800000000000000000	NULL	2025-06-24 04:31:02	2025-06-24 04:31:02
4980	Polyester	Spain	Spinning	carbon dioxide	Gas	0.69600000000000000000	NULL	2025-06-24 04:31:02	2025-06-24 04:31:02
4981	Polyester	Spain	Spinning	energy	Electricity	3.53400000000000000000	NULL	2025-06-24 04:31:02	2025-06-24 04:31:02
4982	Polyester	Spain	Spinning	water	Water	0.50200000000000000000	NULL	2025-06-24 04:31:02	2025-06-24 04:31:02
4983	Polyester	Spain	Trims	carbon dioxide	Gas	0.07000000000000000000	NULL	2025-06-24 04:31:02	2025-06-24 04:31:02
4984	Polyester	Spain	Trims	energy	Electricity	1.01700000000000000000	NULL	2025-06-24 04:31:02	2025-06-24 04:31:02
4985	Polyester	Spain	Trims	water	Water	0.20800000000000000000	NULL	2025-06-24 04:31:02	2025-06-24 04:31:02
4986	Polyester	Spain	Weaving	carbon dioxide	Gas	0.88500000000000000000	NULL	2025-06-24 04:31:02	2025-06-24 04:31:02
4987	Polyester	Spain	Weaving	energy	Electricity	5.58500000000000000000	NULL	2025-06-24 04:31:02	2025-06-24 04:31:02
4988	Polyester	Spain	Weaving	water	Water	2.15700000000000000000	NULL	2025-06-24 04:31:02	2025-06-24 04:31:02
4989	Silk	Spain	Dyeing	carbon dioxide	Gas	2.24700000000000000000	NULL	2025-06-24 04:31:02	2025-06-24 04:31:02
4990	Silk	Spain	Dyeing	energy	Electricity	19.42100000000000000000	NULL	2025-06-24 04:31:02	2025-06-24 04:31:02
4991	Silk	Spain	Dyeing	water	Water	42.58400000000000000000	NULL	2025-06-24 04:31:02	2025-06-24 04:31:02
4992	Silk	Spain	Manufacturing	carbon dioxide	Gas	0.19200000000000000000	NULL	2025-06-24 04:31:02	2025-06-24 04:31:02
4993	Silk	Spain	Manufacturing	energy	Electricity	3.83000000000000000000	NULL	2025-06-24 04:31:02	2025-06-24 04:31:02
4994	Silk	Spain	Manufacturing	water	Water	4.35500000000000000000	NULL	2025-06-24 04:31:02	2025-06-24 04:31:02
4995	Silk	Spain	Raw Material	carbon dioxide	Gas	1.43600000000000000000	NULL	2025-06-24 04:31:02	2025-06-24 04:31:02
4996	Silk	Spain	Raw Material	energy	Electricity	30.20500000000000000000	NULL	2025-06-24 04:31:02	2025-06-24 04:31:02
4997	Silk	Spain	Raw Material	water	Water	9598.49500000000000000000	NULL	2025-06-24 04:31:02	2025-06-24 04:31:02
4998	Silk	Spain	Sampling	carbon dioxide	Gas	0.08900000000000000000	NULL	2025-06-24 04:31:02	2025-06-24 04:31:02
4999	Silk	Spain	Sampling	energy	Electricity	1.66000000000000000000	NULL	2025-06-24 04:31:02	2025-06-24 04:31:02
5000	Silk	Spain	Sampling	water	Water	0.43300000000000000000	NULL	2025-06-24 04:31:02	2025-06-24 04:31:02
5001	Silk	Spain	Spinning	carbon dioxide	Gas	0.53600000000000000000	NULL	2025-06-24 04:31:02	2025-06-24 04:31:02
5002	Silk	Spain	Spinning	energy	Electricity	7.39200000000000000000	NULL	2025-06-24 04:31:02	2025-06-24 04:31:02
5003	Silk	Spain	Spinning	water	Water	1.53300000000000000000	NULL	2025-06-24 04:31:02	2025-06-24 04:31:02
5004	Silk	Spain	Trims	carbon dioxide	Gas	0.09100000000000000000	NULL	2025-06-24 04:31:02	2025-06-24 04:31:02
5005	Silk	Spain	Trims	energy	Electricity	1.61800000000000000000	NULL	2025-06-24 04:31:02	2025-06-24 04:31:02
5006	Silk	Spain	Trims	water	Water	0.37100000000000000000	NULL	2025-06-24 04:31:02	2025-06-24 04:31:02
5007	Silk	Spain	Weaving	carbon dioxide	Gas	0.79300000000000000000	NULL	2025-06-24 04:31:02	2025-06-24 04:31:02
5008	Silk	Spain	Weaving	energy	Electricity	7.64900000000000000000	NULL	2025-06-24 04:31:02	2025-06-24 04:31:02
5009	Silk	Spain	Weaving	water	Water	3.84500000000000000000	NULL	2025-06-24 04:31:02	2025-06-24 04:31:02
5010	Wool	Spain	Dyeing	carbon dioxide	Gas	2.66600000000000000000	NULL	2025-06-24 04:31:02	2025-06-24 04:31:02
5011	Wool	Spain	Dyeing	energy	Electricity	19.64500000000000000000	NULL	2025-06-24 04:31:02	2025-06-24 04:31:02
5012	Wool	Spain	Dyeing	water	Water	39.95200000000000000000	NULL	2025-06-24 04:31:02	2025-06-24 04:31:02
5013	Wool	Spain	Manufacturing	carbon dioxide	Gas	0.15700000000000000000	NULL	2025-06-24 04:31:02	2025-06-24 04:31:02
5014	Wool	Spain	Manufacturing	energy	Electricity	3.41700000000000000000	NULL	2025-06-24 04:31:02	2025-06-24 04:31:02
5015	Wool	Spain	Manufacturing	water	Water	3.15400000000000000000	NULL	2025-06-24 04:31:02	2025-06-24 04:31:02
5016	Wool	Spain	Raw Material	carbon dioxide	Gas	7.05400000000000000000	NULL	2025-06-24 04:31:02	2025-06-24 04:31:02
5017	Wool	Spain	Raw Material	energy	Electricity	18.36900000000000000000	NULL	2025-06-24 04:31:02	2025-06-24 04:31:02
5018	Wool	Spain	Raw Material	water	Water	842.54500000000000000000	NULL	2025-06-24 04:31:02	2025-06-24 04:31:02
5019	Wool	Spain	Sampling	carbon dioxide	Gas	0.07100000000000000000	NULL	2025-06-24 04:31:02	2025-06-24 04:31:02
5020	Wool	Spain	Sampling	energy	Electricity	1.43600000000000000000	NULL	2025-06-24 04:31:02	2025-06-24 04:31:02
5021	Wool	Spain	Sampling	water	Water	0.32000000000000000000	NULL	2025-06-24 04:31:02	2025-06-24 04:31:02
5022	Wool	Spain	Spinning	carbon dioxide	Gas	0.64600000000000000000	NULL	2025-06-24 04:31:02	2025-06-24 04:31:02
5023	Wool	Spain	Spinning	energy	Electricity	4.99300000000000000000	NULL	2025-06-24 04:31:02	2025-06-24 04:31:02
5024	Wool	Spain	Spinning	water	Water	0.93900000000000000000	NULL	2025-06-24 04:31:02	2025-06-24 04:31:02
5025	Wool	Spain	Trims	carbon dioxide	Gas	0.07400000000000000000	NULL	2025-06-24 04:31:02	2025-06-24 04:31:02
5026	Wool	Spain	Trims	energy	Electricity	1.46500000000000000000	NULL	2025-06-24 04:31:02	2025-06-24 04:31:02
5027	Wool	Spain	Trims	water	Water	0.32400000000000000000	NULL	2025-06-24 04:31:02	2025-06-24 04:31:02
5028	Wool	Spain	Weaving	carbon dioxide	Gas	0.79800000000000000000	NULL	2025-06-24 04:31:02	2025-06-24 04:31:02
5029	Wool	Spain	Weaving	energy	Electricity	6.36500000000000000000	NULL	2025-06-24 04:31:02	2025-06-24 04:31:02
5030	Wool	Spain	Weaving	water	Water	2.75500000000000000000	NULL	2025-06-24 04:31:02	2025-06-24 04:31:02
5031	Cotton	Sri Lanka	Dyeing	carbon dioxide	Gas	2.40100000000000000000	NULL	2025-06-24 04:31:02	2025-06-24 04:31:02
5032	Cotton	Sri Lanka	Dyeing	energy	Electricity	17.81000000000000000000	NULL	2025-06-24 04:31:02	2025-06-24 04:31:02
5033	Cotton	Sri Lanka	Dyeing	water	Water	54.80600000000000000000	NULL	2025-06-24 04:31:02	2025-06-24 04:31:02
5034	Cotton	Sri Lanka	Manufacturing	carbon dioxide	Gas	0.21200000000000000000	NULL	2025-06-24 04:31:02	2025-06-24 04:31:02
5035	Cotton	Sri Lanka	Manufacturing	energy	Electricity	3.53300000000000000000	NULL	2025-06-24 04:31:02	2025-06-24 04:31:02
5036	Cotton	Sri Lanka	Manufacturing	water	Water	4.55400000000000000000	NULL	2025-06-24 04:31:02	2025-06-24 04:31:02
5037	Cotton	Sri Lanka	Raw Material	carbon dioxide	Gas	1.71400000000000000000	NULL	2025-06-24 04:31:02	2025-06-24 04:31:02
5038	Cotton	Sri Lanka	Raw Material	energy	Electricity	9.50200000000000000000	NULL	2025-06-24 04:31:02	2025-06-24 04:31:02
5039	Cotton	Sri Lanka	Raw Material	water	Water	10105.45000000000000000000	NULL	2025-06-24 04:31:02	2025-06-24 04:31:02
5040	Cotton	Sri Lanka	Sampling	carbon dioxide	Gas	0.10800000000000000000	NULL	2025-06-24 04:31:02	2025-06-24 04:31:02
5041	Cotton	Sri Lanka	Sampling	energy	Electricity	1.91200000000000000000	NULL	2025-06-24 04:31:02	2025-06-24 04:31:02
5042	Cotton	Sri Lanka	Sampling	water	Water	0.50100000000000000000	NULL	2025-06-24 04:31:02	2025-06-24 04:31:02
5043	Cotton	Sri Lanka	Spinning	carbon dioxide	Gas	0.48100000000000000000	NULL	2025-06-24 04:31:02	2025-06-24 04:31:02
5044	Cotton	Sri Lanka	Spinning	energy	Electricity	6.98500000000000000000	NULL	2025-06-24 04:31:02	2025-06-24 04:31:02
5045	Cotton	Sri Lanka	Spinning	water	Water	1.61900000000000000000	NULL	2025-06-24 04:31:02	2025-06-24 04:31:02
5046	Cotton	Sri Lanka	Trims	carbon dioxide	Gas	0.09600000000000000000	NULL	2025-06-24 04:31:02	2025-06-24 04:31:02
5047	Cotton	Sri Lanka	Trims	energy	Electricity	1.87800000000000000000	NULL	2025-06-24 04:31:02	2025-06-24 04:31:02
5048	Cotton	Sri Lanka	Trims	water	Water	0.46200000000000000000	NULL	2025-06-24 04:31:02	2025-06-24 04:31:02
5049	Cotton	Sri Lanka	Weaving	carbon dioxide	Gas	0.87900000000000000000	NULL	2025-06-24 04:31:02	2025-06-24 04:31:02
5050	Cotton	Sri Lanka	Weaving	energy	Electricity	7.18100000000000000000	NULL	2025-06-24 04:31:02	2025-06-24 04:31:02
5051	Cotton	Sri Lanka	Weaving	water	Water	5.32800000000000000000	NULL	2025-06-24 04:31:02	2025-06-24 04:31:02
5052	Hemp	Sri Lanka	Dyeing	carbon dioxide	Gas	2.14600000000000000000	NULL	2025-06-24 04:31:02	2025-06-24 04:31:02
5053	Hemp	Sri Lanka	Dyeing	energy	Electricity	12.95900000000000000000	NULL	2025-06-24 04:31:02	2025-06-24 04:31:02
5054	Hemp	Sri Lanka	Dyeing	water	Water	29.61000000000000000000	NULL	2025-06-24 04:31:02	2025-06-24 04:31:02
5055	Hemp	Sri Lanka	Manufacturing	carbon dioxide	Gas	0.11000000000000000000	NULL	2025-06-24 04:31:02	2025-06-24 04:31:02
5056	Hemp	Sri Lanka	Manufacturing	energy	Electricity	2.71100000000000000000	NULL	2025-06-24 04:31:02	2025-06-24 04:31:02
5057	Hemp	Sri Lanka	Manufacturing	water	Water	2.58900000000000000000	NULL	2025-06-24 04:31:02	2025-06-24 04:31:02
5058	Hemp	Sri Lanka	Raw Material	carbon dioxide	Gas	0.21200000000000000000	NULL	2025-06-24 04:31:02	2025-06-24 04:31:02
5059	Hemp	Sri Lanka	Raw Material	energy	Electricity	5.35600000000000000000	NULL	2025-06-24 04:31:02	2025-06-24 04:31:02
5060	Hemp	Sri Lanka	Raw Material	water	Water	495.49000000000000000000	NULL	2025-06-24 04:31:02	2025-06-24 04:31:02
5061	Hemp	Sri Lanka	Sampling	carbon dioxide	Gas	0.06600000000000000000	NULL	2025-06-24 04:31:02	2025-06-24 04:31:02
5062	Hemp	Sri Lanka	Sampling	energy	Electricity	0.88500000000000000000	NULL	2025-06-24 04:31:02	2025-06-24 04:31:02
5063	Hemp	Sri Lanka	Sampling	water	Water	0.25300000000000000000	NULL	2025-06-24 04:31:02	2025-06-24 04:31:02
5064	Hemp	Sri Lanka	Spinning	carbon dioxide	Gas	0.40500000000000000000	NULL	2025-06-24 04:31:02	2025-06-24 04:31:02
5065	Hemp	Sri Lanka	Spinning	energy	Electricity	2.59300000000000000000	NULL	2025-06-24 04:31:02	2025-06-24 04:31:02
5066	Hemp	Sri Lanka	Spinning	water	Water	0.84100000000000000000	NULL	2025-06-24 04:31:02	2025-06-24 04:31:02
5067	Hemp	Sri Lanka	Trims	carbon dioxide	Gas	0.07200000000000000000	NULL	2025-06-24 04:31:02	2025-06-24 04:31:02
5068	Hemp	Sri Lanka	Trims	energy	Electricity	0.91600000000000000000	NULL	2025-06-24 04:31:02	2025-06-24 04:31:02
5069	Hemp	Sri Lanka	Trims	water	Water	0.23600000000000000000	NULL	2025-06-24 04:31:02	2025-06-24 04:31:02
5070	Hemp	Sri Lanka	Weaving	carbon dioxide	Gas	0.55400000000000000000	NULL	2025-06-24 04:31:02	2025-06-24 04:31:02
5071	Hemp	Sri Lanka	Weaving	energy	Electricity	4.27600000000000000000	NULL	2025-06-24 04:31:02	2025-06-24 04:31:02
5072	Hemp	Sri Lanka	Weaving	water	Water	2.69200000000000000000	NULL	2025-06-24 04:31:02	2025-06-24 04:31:02
5073	Nylon	Sri Lanka	Dyeing	carbon dioxide	Gas	3.24300000000000000000	NULL	2025-06-24 04:31:02	2025-06-24 04:31:02
5074	Nylon	Sri Lanka	Dyeing	energy	Electricity	21.20200000000000000000	NULL	2025-06-24 04:31:02	2025-06-24 04:31:02
5075	Nylon	Sri Lanka	Dyeing	water	Water	13.54700000000000000000	NULL	2025-06-24 04:31:02	2025-06-24 04:31:02
5076	Nylon	Sri Lanka	Manufacturing	carbon dioxide	Gas	0.18500000000000000000	NULL	2025-06-24 04:31:02	2025-06-24 04:31:02
5077	Nylon	Sri Lanka	Manufacturing	energy	Electricity	3.00600000000000000000	NULL	2025-06-24 04:31:02	2025-06-24 04:31:02
5078	Nylon	Sri Lanka	Manufacturing	water	Water	1.83800000000000000000	NULL	2025-06-24 04:31:02	2025-06-24 04:31:02
5079	Nylon	Sri Lanka	Raw Material	carbon dioxide	Gas	5.14500000000000000000	NULL	2025-06-24 04:31:02	2025-06-24 04:31:02
5080	Nylon	Sri Lanka	Raw Material	energy	Electricity	57.18300000000000000000	NULL	2025-06-24 04:31:02	2025-06-24 04:31:02
5081	Nylon	Sri Lanka	Raw Material	water	Water	19.13200000000000000000	NULL	2025-06-24 04:31:02	2025-06-24 04:31:02
5082	Nylon	Sri Lanka	Sampling	carbon dioxide	Gas	0.08200000000000000000	NULL	2025-06-24 04:31:02	2025-06-24 04:31:02
5083	Nylon	Sri Lanka	Sampling	energy	Electricity	1.01900000000000000000	NULL	2025-06-24 04:31:02	2025-06-24 04:31:02
5084	Nylon	Sri Lanka	Sampling	water	Water	0.18400000000000000000	NULL	2025-06-24 04:31:02	2025-06-24 04:31:02
5085	Nylon	Sri Lanka	Spinning	carbon dioxide	Gas	0.84700000000000000000	NULL	2025-06-24 04:31:02	2025-06-24 04:31:02
5086	Nylon	Sri Lanka	Spinning	energy	Electricity	4.62800000000000000000	NULL	2025-06-24 04:31:02	2025-06-24 04:31:02
5087	Nylon	Sri Lanka	Spinning	water	Water	0.53100000000000000000	NULL	2025-06-24 04:31:02	2025-06-24 04:31:02
5088	Nylon	Sri Lanka	Trims	carbon dioxide	Gas	0.08500000000000000000	NULL	2025-06-24 04:31:02	2025-06-24 04:31:02
5089	Nylon	Sri Lanka	Trims	energy	Electricity	1.00100000000000000000	NULL	2025-06-24 04:31:02	2025-06-24 04:31:02
5090	Nylon	Sri Lanka	Trims	water	Water	0.19700000000000000000	NULL	2025-06-24 04:31:02	2025-06-24 04:31:02
5091	Nylon	Sri Lanka	Weaving	carbon dioxide	Gas	1.07300000000000000000	NULL	2025-06-24 04:31:02	2025-06-24 04:31:02
5092	Nylon	Sri Lanka	Weaving	energy	Electricity	5.34500000000000000000	NULL	2025-06-24 04:31:02	2025-06-24 04:31:02
5093	Nylon	Sri Lanka	Weaving	water	Water	2.04900000000000000000	NULL	2025-06-24 04:31:02	2025-06-24 04:31:02
5094	Polyester	Sri Lanka	Dyeing	carbon dioxide	Gas	3.71000000000000000000	NULL	2025-06-24 04:31:02	2025-06-24 04:31:02
5095	Polyester	Sri Lanka	Dyeing	energy	Electricity	21.89100000000000000000	NULL	2025-06-24 04:31:02	2025-06-24 04:31:02
5096	Polyester	Sri Lanka	Dyeing	water	Water	10.38000000000000000000	NULL	2025-06-24 04:31:02	2025-06-24 04:31:02
5097	Polyester	Sri Lanka	Manufacturing	carbon dioxide	Gas	0.15500000000000000000	NULL	2025-06-24 04:31:02	2025-06-24 04:31:02
5098	Polyester	Sri Lanka	Manufacturing	energy	Electricity	2.84700000000000000000	NULL	2025-06-24 04:31:02	2025-06-24 04:31:02
5099	Polyester	Sri Lanka	Manufacturing	water	Water	1.87100000000000000000	NULL	2025-06-24 04:31:02	2025-06-24 04:31:02
5100	Polyester	Sri Lanka	Raw Material	carbon dioxide	Gas	3.22100000000000000000	NULL	2025-06-24 04:31:02	2025-06-24 04:31:02
5101	Polyester	Sri Lanka	Raw Material	energy	Electricity	72.84300000000000000000	NULL	2025-06-24 04:31:02	2025-06-24 04:31:02
5102	Polyester	Sri Lanka	Raw Material	water	Water	21.87900000000000000000	NULL	2025-06-24 04:31:02	2025-06-24 04:31:02
5103	Polyester	Sri Lanka	Sampling	carbon dioxide	Gas	0.08300000000000000000	NULL	2025-06-24 04:31:02	2025-06-24 04:31:02
5104	Polyester	Sri Lanka	Sampling	energy	Electricity	1.00400000000000000000	NULL	2025-06-24 04:31:02	2025-06-24 04:31:02
5105	Polyester	Sri Lanka	Sampling	water	Water	0.18900000000000000000	NULL	2025-06-24 04:31:02	2025-06-24 04:31:02
5106	Polyester	Sri Lanka	Spinning	carbon dioxide	Gas	0.81800000000000000000	NULL	2025-06-24 04:31:02	2025-06-24 04:31:02
5107	Polyester	Sri Lanka	Spinning	energy	Electricity	3.51300000000000000000	NULL	2025-06-24 04:31:02	2025-06-24 04:31:02
5108	Polyester	Sri Lanka	Spinning	water	Water	0.46800000000000000000	NULL	2025-06-24 04:31:02	2025-06-24 04:31:02
5109	Polyester	Sri Lanka	Trims	carbon dioxide	Gas	0.07900000000000000000	NULL	2025-06-24 04:31:02	2025-06-24 04:31:02
5110	Polyester	Sri Lanka	Trims	energy	Electricity	1.01000000000000000000	NULL	2025-06-24 04:31:02	2025-06-24 04:31:02
5111	Polyester	Sri Lanka	Trims	water	Water	0.21200000000000000000	NULL	2025-06-24 04:31:02	2025-06-24 04:31:02
5112	Polyester	Sri Lanka	Weaving	carbon dioxide	Gas	0.93100000000000000000	NULL	2025-06-24 04:31:02	2025-06-24 04:31:02
5113	Polyester	Sri Lanka	Weaving	energy	Electricity	5.47500000000000000000	NULL	2025-06-24 04:31:02	2025-06-24 04:31:02
5114	Polyester	Sri Lanka	Weaving	water	Water	1.93400000000000000000	NULL	2025-06-24 04:31:02	2025-06-24 04:31:02
5115	Silk	Sri Lanka	Dyeing	carbon dioxide	Gas	2.58300000000000000000	NULL	2025-06-24 04:31:02	2025-06-24 04:31:02
5116	Silk	Sri Lanka	Dyeing	energy	Electricity	21.63000000000000000000	NULL	2025-06-24 04:31:02	2025-06-24 04:31:02
5117	Silk	Sri Lanka	Dyeing	water	Water	47.81000000000000000000	NULL	2025-06-24 04:31:02	2025-06-24 04:31:02
5118	Silk	Sri Lanka	Manufacturing	carbon dioxide	Gas	0.22300000000000000000	NULL	2025-06-24 04:31:02	2025-06-24 04:31:02
5119	Silk	Sri Lanka	Manufacturing	energy	Electricity	4.30900000000000000000	NULL	2025-06-24 04:31:02	2025-06-24 04:31:02
5120	Silk	Sri Lanka	Manufacturing	water	Water	4.00000000000000000000	NULL	2025-06-24 04:31:02	2025-06-24 04:31:02
5121	Silk	Sri Lanka	Raw Material	carbon dioxide	Gas	1.85200000000000000000	NULL	2025-06-24 04:31:02	2025-06-24 04:31:02
5122	Silk	Sri Lanka	Raw Material	energy	Electricity	30.84800000000000000000	NULL	2025-06-24 04:31:02	2025-06-24 04:31:02
5123	Silk	Sri Lanka	Raw Material	water	Water	9136.40100000000000000000	NULL	2025-06-24 04:31:02	2025-06-24 04:31:02
5124	Silk	Sri Lanka	Sampling	carbon dioxide	Gas	0.09300000000000000000	NULL	2025-06-24 04:31:02	2025-06-24 04:31:02
5125	Silk	Sri Lanka	Sampling	energy	Electricity	1.65700000000000000000	NULL	2025-06-24 04:31:02	2025-06-24 04:31:02
5126	Silk	Sri Lanka	Sampling	water	Water	0.38400000000000000000	NULL	2025-06-24 04:31:02	2025-06-24 04:31:02
5127	Silk	Sri Lanka	Spinning	carbon dioxide	Gas	0.59500000000000000000	NULL	2025-06-24 04:31:02	2025-06-24 04:31:02
5128	Silk	Sri Lanka	Spinning	energy	Electricity	7.22200000000000000000	NULL	2025-06-24 04:31:02	2025-06-24 04:31:02
5129	Silk	Sri Lanka	Spinning	water	Water	1.37700000000000000000	NULL	2025-06-24 04:31:02	2025-06-24 04:31:02
5130	Silk	Sri Lanka	Trims	carbon dioxide	Gas	0.10200000000000000000	NULL	2025-06-24 04:31:02	2025-06-24 04:31:02
5131	Silk	Sri Lanka	Trims	energy	Electricity	1.64400000000000000000	NULL	2025-06-24 04:31:02	2025-06-24 04:31:02
5132	Silk	Sri Lanka	Trims	water	Water	0.39400000000000000000	NULL	2025-06-24 04:31:02	2025-06-24 04:31:02
5133	Silk	Sri Lanka	Weaving	carbon dioxide	Gas	0.91000000000000000000	NULL	2025-06-24 04:31:02	2025-06-24 04:31:02
5134	Silk	Sri Lanka	Weaving	energy	Electricity	7.96900000000000000000	NULL	2025-06-24 04:31:02	2025-06-24 04:31:02
5135	Silk	Sri Lanka	Weaving	water	Water	4.05700000000000000000	NULL	2025-06-24 04:31:02	2025-06-24 04:31:02
5136	Spandex	Sri Lanka	Dyeing	carbon dioxide	Gas	3.36000000000000000000	NULL	2025-06-24 04:31:02	2025-06-24 04:31:02
5137	Spandex	Sri Lanka	Dyeing	energy	Electricity	21.02000000000000000000	NULL	2025-06-24 04:31:02	2025-06-24 04:31:02
5138	Spandex	Sri Lanka	Dyeing	water	Water	16.15500000000000000000	NULL	2025-06-24 04:31:02	2025-06-24 04:31:02
5139	Spandex	Sri Lanka	Manufacturing	carbon dioxide	Gas	0.21900000000000000000	NULL	2025-06-24 04:31:02	2025-06-24 04:31:02
5140	Spandex	Sri Lanka	Manufacturing	energy	Electricity	3.89700000000000000000	NULL	2025-06-24 04:31:02	2025-06-24 04:31:02
5141	Spandex	Sri Lanka	Manufacturing	water	Water	1.83000000000000000000	NULL	2025-06-24 04:31:02	2025-06-24 04:31:02
5142	Spandex	Sri Lanka	Raw Material	carbon dioxide	Gas	5.16200000000000000000	NULL	2025-06-24 04:31:02	2025-06-24 04:31:02
5143	Spandex	Sri Lanka	Raw Material	energy	Electricity	62.12400000000000000000	NULL	2025-06-24 04:31:02	2025-06-24 04:31:02
5144	Spandex	Sri Lanka	Raw Material	water	Water	21.47300000000000000000	NULL	2025-06-24 04:31:02	2025-06-24 04:31:02
5145	Spandex	Sri Lanka	Sampling	carbon dioxide	Gas	0.10100000000000000000	NULL	2025-06-24 04:31:02	2025-06-24 04:31:02
5146	Spandex	Sri Lanka	Sampling	energy	Electricity	1.08300000000000000000	NULL	2025-06-24 04:31:02	2025-06-24 04:31:02
5147	Spandex	Sri Lanka	Sampling	water	Water	0.19800000000000000000	NULL	2025-06-24 04:31:02	2025-06-24 04:31:02
5148	Spandex	Sri Lanka	Spinning	carbon dioxide	Gas	0.94700000000000000000	NULL	2025-06-24 04:31:02	2025-06-24 04:31:02
5149	Spandex	Sri Lanka	Spinning	energy	Electricity	4.29500000000000000000	NULL	2025-06-24 04:31:02	2025-06-24 04:31:02
5150	Spandex	Sri Lanka	Spinning	water	Water	0.45900000000000000000	NULL	2025-06-24 04:31:02	2025-06-24 04:31:02
5151	Spandex	Sri Lanka	Trims	carbon dioxide	Gas	0.10500000000000000000	NULL	2025-06-24 04:31:02	2025-06-24 04:31:02
5152	Spandex	Sri Lanka	Trims	energy	Electricity	1.01700000000000000000	NULL	2025-06-24 04:31:02	2025-06-24 04:31:02
5153	Spandex	Sri Lanka	Trims	water	Water	0.19500000000000000000	NULL	2025-06-24 04:31:02	2025-06-24 04:31:02
5154	Spandex	Sri Lanka	Weaving	carbon dioxide	Gas	1.15500000000000000000	NULL	2025-06-24 04:31:02	2025-06-24 04:31:02
5155	Spandex	Sri Lanka	Weaving	energy	Electricity	6.26900000000000000000	NULL	2025-06-24 04:31:02	2025-06-24 04:31:02
5156	Spandex	Sri Lanka	Weaving	water	Water	1.85900000000000000000	NULL	2025-06-24 04:31:02	2025-06-24 04:31:02
5157	Wool	Sri Lanka	Dyeing	carbon dioxide	Gas	2.90800000000000000000	NULL	2025-06-24 04:31:02	2025-06-24 04:31:02
5158	Wool	Sri Lanka	Dyeing	energy	Electricity	18.39800000000000000000	NULL	2025-06-24 04:31:02	2025-06-24 04:31:02
5159	Wool	Sri Lanka	Dyeing	water	Water	41.64900000000000000000	NULL	2025-06-24 04:31:02	2025-06-24 04:31:02
5160	Wool	Sri Lanka	Manufacturing	carbon dioxide	Gas	0.16700000000000000000	NULL	2025-06-24 04:31:02	2025-06-24 04:31:02
5161	Wool	Sri Lanka	Manufacturing	energy	Electricity	3.37700000000000000000	NULL	2025-06-24 04:31:02	2025-06-24 04:31:02
5162	Wool	Sri Lanka	Manufacturing	water	Water	3.17300000000000000000	NULL	2025-06-24 04:31:02	2025-06-24 04:31:02
5163	Wool	Sri Lanka	Raw Material	carbon dioxide	Gas	8.43400000000000000000	NULL	2025-06-24 04:31:02	2025-06-24 04:31:02
5164	Wool	Sri Lanka	Raw Material	energy	Electricity	20.92300000000000000000	NULL	2025-06-24 04:31:02	2025-06-24 04:31:02
5165	Wool	Sri Lanka	Raw Material	water	Water	852.03900000000000000000	NULL	2025-06-24 04:31:02	2025-06-24 04:31:02
5166	Wool	Sri Lanka	Sampling	carbon dioxide	Gas	0.08700000000000000000	NULL	2025-06-24 04:31:02	2025-06-24 04:31:02
5167	Wool	Sri Lanka	Sampling	energy	Electricity	1.54100000000000000000	NULL	2025-06-24 04:31:02	2025-06-24 04:31:02
5168	Wool	Sri Lanka	Sampling	water	Water	0.27700000000000000000	NULL	2025-06-24 04:31:02	2025-06-24 04:31:02
5169	Wool	Sri Lanka	Spinning	carbon dioxide	Gas	0.66400000000000000000	NULL	2025-06-24 04:31:02	2025-06-24 04:31:02
5170	Wool	Sri Lanka	Spinning	energy	Electricity	5.16800000000000000000	NULL	2025-06-24 04:31:02	2025-06-24 04:31:02
5171	Wool	Sri Lanka	Spinning	water	Water	1.00900000000000000000	NULL	2025-06-24 04:31:02	2025-06-24 04:31:02
5172	Wool	Sri Lanka	Trims	carbon dioxide	Gas	0.08200000000000000000	NULL	2025-06-24 04:31:02	2025-06-24 04:31:02
5173	Wool	Sri Lanka	Trims	energy	Electricity	1.54700000000000000000	NULL	2025-06-24 04:31:02	2025-06-24 04:31:02
5174	Wool	Sri Lanka	Trims	water	Water	0.30800000000000000000	NULL	2025-06-24 04:31:02	2025-06-24 04:31:02
5175	Wool	Sri Lanka	Weaving	carbon dioxide	Gas	0.84600000000000000000	NULL	2025-06-24 04:31:02	2025-06-24 04:31:02
5176	Wool	Sri Lanka	Weaving	energy	Electricity	5.91300000000000000000	NULL	2025-06-24 04:31:02	2025-06-24 04:31:02
5177	Wool	Sri Lanka	Weaving	water	Water	2.96500000000000000000	NULL	2025-06-24 04:31:02	2025-06-24 04:31:02
5178	Cotton	Sweden	Dyeing	carbon dioxide	Gas	1.40800000000000000000	NULL	2025-06-24 04:31:02	2025-06-24 04:31:02
5179	Cotton	Sweden	Dyeing	energy	Electricity	14.73800000000000000000	NULL	2025-06-24 04:31:02	2025-06-24 04:31:02
5180	Cotton	Sweden	Dyeing	water	Water	45.64500000000000000000	NULL	2025-06-24 04:31:02	2025-06-24 04:31:02
5181	Cotton	Sweden	Manufacturing	carbon dioxide	Gas	0.11700000000000000000	NULL	2025-06-24 04:31:02	2025-06-24 04:31:02
5182	Cotton	Sweden	Manufacturing	energy	Electricity	3.87500000000000000000	NULL	2025-06-24 04:31:02	2025-06-24 04:31:02
5183	Cotton	Sweden	Manufacturing	water	Water	5.00700000000000000000	NULL	2025-06-24 04:31:02	2025-06-24 04:31:02
5184	Cotton	Sweden	Raw Material	carbon dioxide	Gas	0.91200000000000000000	NULL	2025-06-24 04:31:02	2025-06-24 04:31:02
5185	Cotton	Sweden	Raw Material	energy	Electricity	9.17200000000000000000	NULL	2025-06-24 04:31:02	2025-06-24 04:31:02
5186	Cotton	Sweden	Raw Material	water	Water	10447.01500000000000000000	NULL	2025-06-24 04:31:02	2025-06-24 04:31:02
5187	Cotton	Sweden	Sampling	carbon dioxide	Gas	0.06000000000000000000	NULL	2025-06-24 04:31:02	2025-06-24 04:31:02
5188	Cotton	Sweden	Sampling	energy	Electricity	1.86500000000000000000	NULL	2025-06-24 04:31:02	2025-06-24 04:31:02
5189	Cotton	Sweden	Sampling	water	Water	0.47900000000000000000	NULL	2025-06-24 04:31:02	2025-06-24 04:31:02
5190	Cotton	Sweden	Spinning	carbon dioxide	Gas	0.28500000000000000000	NULL	2025-06-24 04:31:02	2025-06-24 04:31:02
5191	Cotton	Sweden	Spinning	energy	Electricity	6.95800000000000000000	NULL	2025-06-24 04:31:02	2025-06-24 04:31:02
5192	Cotton	Sweden	Spinning	water	Water	1.80700000000000000000	NULL	2025-06-24 04:31:02	2025-06-24 04:31:02
5193	Cotton	Sweden	Trims	carbon dioxide	Gas	0.05900000000000000000	NULL	2025-06-24 04:31:02	2025-06-24 04:31:02
5194	Cotton	Sweden	Trims	energy	Electricity	1.70100000000000000000	NULL	2025-06-24 04:31:02	2025-06-24 04:31:02
5195	Cotton	Sweden	Trims	water	Water	0.47600000000000000000	NULL	2025-06-24 04:31:02	2025-06-24 04:31:02
5196	Cotton	Sweden	Weaving	carbon dioxide	Gas	0.46700000000000000000	NULL	2025-06-24 04:31:02	2025-06-24 04:31:02
5197	Cotton	Sweden	Weaving	energy	Electricity	7.71800000000000000000	NULL	2025-06-24 04:31:02	2025-06-24 04:31:02
5198	Cotton	Sweden	Weaving	water	Water	5.49600000000000000000	NULL	2025-06-24 04:31:02	2025-06-24 04:31:02
5199	Hemp	Sweden	Dyeing	carbon dioxide	Gas	1.11000000000000000000	NULL	2025-06-24 04:31:02	2025-06-24 04:31:02
5200	Hemp	Sweden	Dyeing	energy	Electricity	12.44400000000000000000	NULL	2025-06-24 04:31:02	2025-06-24 04:31:02
5201	Hemp	Sweden	Dyeing	water	Water	32.81900000000000000000	NULL	2025-06-24 04:31:02	2025-06-24 04:31:02
5202	Hemp	Sweden	Manufacturing	carbon dioxide	Gas	0.07300000000000000000	NULL	2025-06-24 04:31:02	2025-06-24 04:31:02
5203	Hemp	Sweden	Manufacturing	energy	Electricity	2.27300000000000000000	NULL	2025-06-24 04:31:02	2025-06-24 04:31:02
5204	Hemp	Sweden	Manufacturing	water	Water	2.33600000000000000000	NULL	2025-06-24 04:31:02	2025-06-24 04:31:02
5205	Hemp	Sweden	Raw Material	carbon dioxide	Gas	0.12900000000000000000	NULL	2025-06-24 04:31:02	2025-06-24 04:31:02
5206	Hemp	Sweden	Raw Material	energy	Electricity	4.51700000000000000000	NULL	2025-06-24 04:31:02	2025-06-24 04:31:02
5207	Hemp	Sweden	Raw Material	water	Water	537.75200000000000000000	NULL	2025-06-24 04:31:02	2025-06-24 04:31:02
5208	Hemp	Sweden	Sampling	carbon dioxide	Gas	0.04000000000000000000	NULL	2025-06-24 04:31:02	2025-06-24 04:31:02
5209	Hemp	Sweden	Sampling	energy	Electricity	0.98600000000000000000	NULL	2025-06-24 04:31:02	2025-06-24 04:31:02
5210	Hemp	Sweden	Sampling	water	Water	0.23800000000000000000	NULL	2025-06-24 04:31:02	2025-06-24 04:31:02
5211	Hemp	Sweden	Spinning	carbon dioxide	Gas	0.25900000000000000000	NULL	2025-06-24 04:31:02	2025-06-24 04:31:02
5212	Hemp	Sweden	Spinning	energy	Electricity	3.04000000000000000000	NULL	2025-06-24 04:31:02	2025-06-24 04:31:02
5213	Hemp	Sweden	Spinning	water	Water	0.83100000000000000000	NULL	2025-06-24 04:31:02	2025-06-24 04:31:02
5214	Hemp	Sweden	Trims	carbon dioxide	Gas	0.04200000000000000000	NULL	2025-06-24 04:31:02	2025-06-24 04:31:02
5215	Hemp	Sweden	Trims	energy	Electricity	0.95100000000000000000	NULL	2025-06-24 04:31:02	2025-06-24 04:31:02
5216	Hemp	Sweden	Trims	water	Water	0.26300000000000000000	NULL	2025-06-24 04:31:02	2025-06-24 04:31:02
5217	Hemp	Sweden	Weaving	carbon dioxide	Gas	0.37600000000000000000	NULL	2025-06-24 04:31:02	2025-06-24 04:31:02
5218	Hemp	Sweden	Weaving	energy	Electricity	4.55100000000000000000	NULL	2025-06-24 04:31:02	2025-06-24 04:31:02
5219	Hemp	Sweden	Weaving	water	Water	2.33500000000000000000	NULL	2025-06-24 04:31:02	2025-06-24 04:31:02
5220	Nylon	Sweden	Dyeing	carbon dioxide	Gas	1.80000000000000000000	NULL	2025-06-24 04:31:02	2025-06-24 04:31:02
5221	Nylon	Sweden	Dyeing	energy	Electricity	20.22900000000000000000	NULL	2025-06-24 04:31:02	2025-06-24 04:31:02
5222	Nylon	Sweden	Dyeing	water	Water	15.20800000000000000000	NULL	2025-06-24 04:31:02	2025-06-24 04:31:02
5223	Nylon	Sweden	Manufacturing	carbon dioxide	Gas	0.10400000000000000000	NULL	2025-06-24 04:31:02	2025-06-24 04:31:02
5224	Nylon	Sweden	Manufacturing	energy	Electricity	3.25200000000000000000	NULL	2025-06-24 04:31:02	2025-06-24 04:31:02
5225	Nylon	Sweden	Manufacturing	water	Water	1.93000000000000000000	NULL	2025-06-24 04:31:02	2025-06-24 04:31:02
5226	Nylon	Sweden	Raw Material	carbon dioxide	Gas	2.99700000000000000000	NULL	2025-06-24 04:31:02	2025-06-24 04:31:02
5227	Nylon	Sweden	Raw Material	energy	Electricity	61.27900000000000000000	NULL	2025-06-24 04:31:02	2025-06-24 04:31:02
5228	Nylon	Sweden	Raw Material	water	Water	20.25400000000000000000	NULL	2025-06-24 04:31:02	2025-06-24 04:31:02
5229	Nylon	Sweden	Sampling	carbon dioxide	Gas	0.05100000000000000000	NULL	2025-06-24 04:31:02	2025-06-24 04:31:02
5230	Nylon	Sweden	Sampling	energy	Electricity	1.12500000000000000000	NULL	2025-06-24 04:31:02	2025-06-24 04:31:02
5231	Nylon	Sweden	Sampling	water	Water	0.19400000000000000000	NULL	2025-06-24 04:31:02	2025-06-24 04:31:02
5232	Nylon	Sweden	Spinning	carbon dioxide	Gas	0.54700000000000000000	NULL	2025-06-24 04:31:02	2025-06-24 04:31:02
5233	Nylon	Sweden	Spinning	energy	Electricity	4.48700000000000000000	NULL	2025-06-24 04:31:02	2025-06-24 04:31:02
5234	Nylon	Sweden	Spinning	water	Water	0.47700000000000000000	NULL	2025-06-24 04:31:02	2025-06-24 04:31:02
5235	Nylon	Sweden	Trims	carbon dioxide	Gas	0.05400000000000000000	NULL	2025-06-24 04:31:02	2025-06-24 04:31:02
5236	Nylon	Sweden	Trims	energy	Electricity	1.07800000000000000000	NULL	2025-06-24 04:31:02	2025-06-24 04:31:02
5237	Nylon	Sweden	Trims	water	Water	0.20700000000000000000	NULL	2025-06-24 04:31:02	2025-06-24 04:31:02
5238	Nylon	Sweden	Weaving	carbon dioxide	Gas	0.63100000000000000000	NULL	2025-06-24 04:31:02	2025-06-24 04:31:02
5239	Nylon	Sweden	Weaving	energy	Electricity	5.62300000000000000000	NULL	2025-06-24 04:31:02	2025-06-24 04:31:02
5240	Nylon	Sweden	Weaving	water	Water	2.04000000000000000000	NULL	2025-06-24 04:31:02	2025-06-24 04:31:02
5241	Polyester	Sweden	Dyeing	carbon dioxide	Gas	2.03600000000000000000	NULL	2025-06-24 04:31:02	2025-06-24 04:31:02
5242	Polyester	Sweden	Dyeing	energy	Electricity	19.80600000000000000000	NULL	2025-06-24 04:31:02	2025-06-24 04:31:02
5243	Polyester	Sweden	Dyeing	water	Water	9.90100000000000000000	NULL	2025-06-24 04:31:02	2025-06-24 04:31:02
5244	Polyester	Sweden	Manufacturing	carbon dioxide	Gas	0.08700000000000000000	NULL	2025-06-24 04:31:02	2025-06-24 04:31:02
5245	Polyester	Sweden	Manufacturing	energy	Electricity	2.95500000000000000000	NULL	2025-06-24 04:31:02	2025-06-24 04:31:02
5246	Polyester	Sweden	Manufacturing	water	Water	1.92000000000000000000	NULL	2025-06-24 04:31:02	2025-06-24 04:31:02
5247	Polyester	Sweden	Raw Material	carbon dioxide	Gas	1.91000000000000000000	NULL	2025-06-24 04:31:02	2025-06-24 04:31:02
5248	Polyester	Sweden	Raw Material	energy	Electricity	64.96400000000000000000	NULL	2025-06-24 04:31:02	2025-06-24 04:31:02
5249	Polyester	Sweden	Raw Material	water	Water	21.09200000000000000000	NULL	2025-06-24 04:31:02	2025-06-24 04:31:02
5250	Polyester	Sweden	Sampling	carbon dioxide	Gas	0.05200000000000000000	NULL	2025-06-24 04:31:02	2025-06-24 04:31:02
5251	Polyester	Sweden	Sampling	energy	Electricity	1.00800000000000000000	NULL	2025-06-24 04:31:02	2025-06-24 04:31:02
5252	Polyester	Sweden	Sampling	water	Water	0.20000000000000000000	NULL	2025-06-24 04:31:02	2025-06-24 04:31:02
5253	Polyester	Sweden	Spinning	carbon dioxide	Gas	0.51200000000000000000	NULL	2025-06-24 04:31:02	2025-06-24 04:31:02
5254	Polyester	Sweden	Spinning	energy	Electricity	3.76000000000000000000	NULL	2025-06-24 04:31:02	2025-06-24 04:31:02
5255	Polyester	Sweden	Spinning	water	Water	0.46900000000000000000	NULL	2025-06-24 04:31:02	2025-06-24 04:31:02
5256	Polyester	Sweden	Trims	carbon dioxide	Gas	0.05200000000000000000	NULL	2025-06-24 04:31:02	2025-06-24 04:31:02
5257	Polyester	Sweden	Trims	energy	Electricity	1.10900000000000000000	NULL	2025-06-24 04:31:02	2025-06-24 04:31:02
5258	Polyester	Sweden	Trims	water	Water	0.20400000000000000000	NULL	2025-06-24 04:31:02	2025-06-24 04:31:02
5259	Polyester	Sweden	Weaving	carbon dioxide	Gas	0.57900000000000000000	NULL	2025-06-24 04:31:02	2025-06-24 04:31:02
5260	Polyester	Sweden	Weaving	energy	Electricity	5.92200000000000000000	NULL	2025-06-24 04:31:02	2025-06-24 04:31:02
5261	Polyester	Sweden	Weaving	water	Water	1.81500000000000000000	NULL	2025-06-24 04:31:02	2025-06-24 04:31:02
5262	Silk	Sweden	Dyeing	carbon dioxide	Gas	1.60500000000000000000	NULL	2025-06-24 04:31:02	2025-06-24 04:31:02
5263	Silk	Sweden	Dyeing	energy	Electricity	20.21900000000000000000	NULL	2025-06-24 04:31:02	2025-06-24 04:31:02
5264	Silk	Sweden	Dyeing	water	Water	41.24300000000000000000	NULL	2025-06-24 04:31:02	2025-06-24 04:31:02
5265	Silk	Sweden	Manufacturing	carbon dioxide	Gas	0.13100000000000000000	NULL	2025-06-24 04:31:02	2025-06-24 04:31:02
5266	Silk	Sweden	Manufacturing	energy	Electricity	3.95600000000000000000	NULL	2025-06-24 04:31:02	2025-06-24 04:31:02
5267	Silk	Sweden	Manufacturing	water	Water	3.70100000000000000000	NULL	2025-06-24 04:31:02	2025-06-24 04:31:02
5268	Silk	Sweden	Raw Material	carbon dioxide	Gas	1.09800000000000000000	NULL	2025-06-24 04:31:02	2025-06-24 04:31:02
5269	Silk	Sweden	Raw Material	energy	Electricity	32.27100000000000000000	NULL	2025-06-24 04:31:02	2025-06-24 04:31:02
5270	Silk	Sweden	Raw Material	water	Water	9102.52600000000000000000	NULL	2025-06-24 04:31:02	2025-06-24 04:31:02
5271	Silk	Sweden	Sampling	carbon dioxide	Gas	0.05700000000000000000	NULL	2025-06-24 04:31:02	2025-06-24 04:31:02
5272	Silk	Sweden	Sampling	energy	Electricity	1.45800000000000000000	NULL	2025-06-24 04:31:02	2025-06-24 04:31:02
5273	Silk	Sweden	Sampling	water	Water	0.39000000000000000000	NULL	2025-06-24 04:31:02	2025-06-24 04:31:02
5274	Silk	Sweden	Spinning	carbon dioxide	Gas	0.33900000000000000000	NULL	2025-06-24 04:31:02	2025-06-24 04:31:02
5275	Silk	Sweden	Spinning	energy	Electricity	7.49300000000000000000	NULL	2025-06-24 04:31:02	2025-06-24 04:31:02
5276	Silk	Sweden	Spinning	water	Water	1.64300000000000000000	NULL	2025-06-24 04:31:02	2025-06-24 04:31:02
5277	Silk	Sweden	Trims	carbon dioxide	Gas	0.05700000000000000000	NULL	2025-06-24 04:31:02	2025-06-24 04:31:02
5278	Silk	Sweden	Trims	energy	Electricity	1.73200000000000000000	NULL	2025-06-24 04:31:02	2025-06-24 04:31:02
5279	Silk	Sweden	Trims	water	Water	0.37300000000000000000	NULL	2025-06-24 04:31:02	2025-06-24 04:31:02
5280	Silk	Sweden	Weaving	carbon dioxide	Gas	0.49000000000000000000	NULL	2025-06-24 04:31:02	2025-06-24 04:31:02
5281	Silk	Sweden	Weaving	energy	Electricity	8.40700000000000000000	NULL	2025-06-24 04:31:02	2025-06-24 04:31:02
5282	Silk	Sweden	Weaving	water	Water	4.37100000000000000000	NULL	2025-06-24 04:31:02	2025-06-24 04:31:02
5283	Wool	Sweden	Dyeing	carbon dioxide	Gas	1.64600000000000000000	NULL	2025-06-24 04:31:02	2025-06-24 04:31:02
5284	Wool	Sweden	Dyeing	energy	Electricity	18.99800000000000000000	NULL	2025-06-24 04:31:02	2025-06-24 04:31:02
5285	Wool	Sweden	Dyeing	water	Water	42.93700000000000000000	NULL	2025-06-24 04:31:02	2025-06-24 04:31:02
5286	Wool	Sweden	Manufacturing	carbon dioxide	Gas	0.10600000000000000000	NULL	2025-06-24 04:31:02	2025-06-24 04:31:02
5287	Wool	Sweden	Manufacturing	energy	Electricity	2.95600000000000000000	NULL	2025-06-24 04:31:02	2025-06-24 04:31:02
5288	Wool	Sweden	Manufacturing	water	Water	2.85500000000000000000	NULL	2025-06-24 04:31:02	2025-06-24 04:31:02
5289	Wool	Sweden	Raw Material	carbon dioxide	Gas	4.77300000000000000000	NULL	2025-06-24 04:31:02	2025-06-24 04:31:02
5290	Wool	Sweden	Raw Material	energy	Electricity	18.02900000000000000000	NULL	2025-06-24 04:31:02	2025-06-24 04:31:02
5291	Wool	Sweden	Raw Material	water	Water	802.39700000000000000000	NULL	2025-06-24 04:31:02	2025-06-24 04:31:02
5292	Wool	Sweden	Sampling	carbon dioxide	Gas	0.05400000000000000000	NULL	2025-06-24 04:31:02	2025-06-24 04:31:02
5293	Wool	Sweden	Sampling	energy	Electricity	1.41400000000000000000	NULL	2025-06-24 04:31:02	2025-06-24 04:31:02
5294	Wool	Sweden	Sampling	water	Water	0.27400000000000000000	NULL	2025-06-24 04:31:02	2025-06-24 04:31:02
5295	Wool	Sweden	Spinning	carbon dioxide	Gas	0.41400000000000000000	NULL	2025-06-24 04:31:02	2025-06-24 04:31:02
5296	Wool	Sweden	Spinning	energy	Electricity	5.11500000000000000000	NULL	2025-06-24 04:31:02	2025-06-24 04:31:02
5297	Wool	Sweden	Spinning	water	Water	0.99900000000000000000	NULL	2025-06-24 04:31:02	2025-06-24 04:31:02
5298	Wool	Sweden	Trims	carbon dioxide	Gas	0.05500000000000000000	NULL	2025-06-24 04:31:02	2025-06-24 04:31:02
5299	Wool	Sweden	Trims	energy	Electricity	1.40400000000000000000	NULL	2025-06-24 04:31:02	2025-06-24 04:31:02
5300	Wool	Sweden	Trims	water	Water	0.29600000000000000000	NULL	2025-06-24 04:31:02	2025-06-24 04:31:02
5301	Wool	Sweden	Weaving	carbon dioxide	Gas	0.53400000000000000000	NULL	2025-06-24 04:31:02	2025-06-24 04:31:02
5302	Wool	Sweden	Weaving	energy	Electricity	6.81400000000000000000	NULL	2025-06-24 04:31:02	2025-06-24 04:31:02
5303	Wool	Sweden	Weaving	water	Water	3.15800000000000000000	NULL	2025-06-24 04:31:02	2025-06-24 04:31:02
5304	Cotton	Taiwan	Dyeing	carbon dioxide	Gas	2.68200000000000000000	NULL	2025-06-24 04:31:02	2025-06-24 04:31:02
5305	Cotton	Taiwan	Dyeing	energy	Electricity	17.71700000000000000000	NULL	2025-06-24 04:31:02	2025-06-24 04:31:02
5306	Cotton	Taiwan	Dyeing	water	Water	47.62600000000000000000	NULL	2025-06-24 04:31:02	2025-06-24 04:31:02
5307	Cotton	Taiwan	Manufacturing	carbon dioxide	Gas	0.20700000000000000000	NULL	2025-06-24 04:31:02	2025-06-24 04:31:02
5308	Cotton	Taiwan	Manufacturing	energy	Electricity	3.46700000000000000000	NULL	2025-06-24 04:31:02	2025-06-24 04:31:02
5309	Cotton	Taiwan	Manufacturing	water	Water	5.35000000000000000000	NULL	2025-06-24 04:31:02	2025-06-24 04:31:02
5310	Cotton	Taiwan	Raw Material	carbon dioxide	Gas	1.82100000000000000000	NULL	2025-06-24 04:31:02	2025-06-24 04:31:02
5311	Cotton	Taiwan	Raw Material	energy	Electricity	9.39800000000000000000	NULL	2025-06-24 04:31:02	2025-06-24 04:31:02
5312	Cotton	Taiwan	Raw Material	water	Water	10430.25800000000000000000	NULL	2025-06-24 04:31:02	2025-06-24 04:31:02
5313	Cotton	Taiwan	Sampling	carbon dioxide	Gas	0.10400000000000000000	NULL	2025-06-24 04:31:02	2025-06-24 04:31:02
5314	Cotton	Taiwan	Sampling	energy	Electricity	1.75800000000000000000	NULL	2025-06-24 04:31:02	2025-06-24 04:31:02
5315	Cotton	Taiwan	Sampling	water	Water	0.46500000000000000000	NULL	2025-06-24 04:31:02	2025-06-24 04:31:02
5316	Cotton	Taiwan	Spinning	carbon dioxide	Gas	0.48300000000000000000	NULL	2025-06-24 04:31:02	2025-06-24 04:31:02
5317	Cotton	Taiwan	Spinning	energy	Electricity	6.85600000000000000000	NULL	2025-06-24 04:31:02	2025-06-24 04:31:02
5318	Cotton	Taiwan	Spinning	water	Water	1.67200000000000000000	NULL	2025-06-24 04:31:02	2025-06-24 04:31:02
5319	Cotton	Taiwan	Trims	carbon dioxide	Gas	0.11400000000000000000	NULL	2025-06-24 04:31:02	2025-06-24 04:31:02
5320	Cotton	Taiwan	Trims	energy	Electricity	1.65100000000000000000	NULL	2025-06-24 04:31:02	2025-06-24 04:31:02
5321	Cotton	Taiwan	Trims	water	Water	0.50400000000000000000	NULL	2025-06-24 04:31:02	2025-06-24 04:31:02
5322	Cotton	Taiwan	Weaving	carbon dioxide	Gas	0.90700000000000000000	NULL	2025-06-24 04:31:02	2025-06-24 04:31:02
5323	Cotton	Taiwan	Weaving	energy	Electricity	7.30000000000000000000	NULL	2025-06-24 04:31:02	2025-06-24 04:31:02
5324	Cotton	Taiwan	Weaving	water	Water	5.44500000000000000000	NULL	2025-06-24 04:31:02	2025-06-24 04:31:02
5325	Hemp	Taiwan	Dyeing	carbon dioxide	Gas	2.11500000000000000000	NULL	2025-06-24 04:31:02	2025-06-24 04:31:02
5326	Hemp	Taiwan	Dyeing	energy	Electricity	13.17900000000000000000	NULL	2025-06-24 04:31:02	2025-06-24 04:31:02
5327	Hemp	Taiwan	Dyeing	water	Water	32.71600000000000000000	NULL	2025-06-24 04:31:02	2025-06-24 04:31:02
5328	Hemp	Taiwan	Manufacturing	carbon dioxide	Gas	0.12800000000000000000	NULL	2025-06-24 04:31:02	2025-06-24 04:31:02
5329	Hemp	Taiwan	Manufacturing	energy	Electricity	2.69500000000000000000	NULL	2025-06-24 04:31:02	2025-06-24 04:31:02
5330	Hemp	Taiwan	Manufacturing	water	Water	2.73300000000000000000	NULL	2025-06-24 04:31:02	2025-06-24 04:31:02
5331	Hemp	Taiwan	Raw Material	carbon dioxide	Gas	0.21300000000000000000	NULL	2025-06-24 04:31:02	2025-06-24 04:31:02
5332	Hemp	Taiwan	Raw Material	energy	Electricity	4.54200000000000000000	NULL	2025-06-24 04:31:02	2025-06-24 04:31:02
5333	Hemp	Taiwan	Raw Material	water	Water	482.37400000000000000000	NULL	2025-06-24 04:31:02	2025-06-24 04:31:02
5334	Hemp	Taiwan	Sampling	carbon dioxide	Gas	0.07200000000000000000	NULL	2025-06-24 04:31:02	2025-06-24 04:31:02
5335	Hemp	Taiwan	Sampling	energy	Electricity	0.83500000000000000000	NULL	2025-06-24 04:31:02	2025-06-24 04:31:02
5336	Hemp	Taiwan	Sampling	water	Water	0.24900000000000000000	NULL	2025-06-24 04:31:02	2025-06-24 04:31:02
5337	Hemp	Taiwan	Spinning	carbon dioxide	Gas	0.43000000000000000000	NULL	2025-06-24 04:31:02	2025-06-24 04:31:02
5338	Hemp	Taiwan	Spinning	energy	Electricity	3.02900000000000000000	NULL	2025-06-24 04:31:02	2025-06-24 04:31:02
5339	Hemp	Taiwan	Spinning	water	Water	0.72000000000000000000	NULL	2025-06-24 04:31:02	2025-06-24 04:31:02
5340	Hemp	Taiwan	Trims	carbon dioxide	Gas	0.06900000000000000000	NULL	2025-06-24 04:31:02	2025-06-24 04:31:02
5341	Hemp	Taiwan	Trims	energy	Electricity	0.92400000000000000000	NULL	2025-06-24 04:31:02	2025-06-24 04:31:02
5342	Hemp	Taiwan	Trims	water	Water	0.25300000000000000000	NULL	2025-06-24 04:31:02	2025-06-24 04:31:02
5343	Hemp	Taiwan	Weaving	carbon dioxide	Gas	0.69200000000000000000	NULL	2025-06-24 04:31:02	2025-06-24 04:31:02
5344	Hemp	Taiwan	Weaving	energy	Electricity	4.38600000000000000000	NULL	2025-06-24 04:31:02	2025-06-24 04:31:02
5345	Hemp	Taiwan	Weaving	water	Water	2.25600000000000000000	NULL	2025-06-24 04:31:02	2025-06-24 04:31:02
5346	Nylon	Taiwan	Dyeing	carbon dioxide	Gas	3.35600000000000000000	NULL	2025-06-24 04:31:02	2025-06-24 04:31:02
5347	Nylon	Taiwan	Dyeing	energy	Electricity	19.11100000000000000000	NULL	2025-06-24 04:31:02	2025-06-24 04:31:02
5348	Nylon	Taiwan	Dyeing	water	Water	13.60000000000000000000	NULL	2025-06-24 04:31:02	2025-06-24 04:31:02
5349	Nylon	Taiwan	Manufacturing	carbon dioxide	Gas	0.20300000000000000000	NULL	2025-06-24 04:31:02	2025-06-24 04:31:02
5350	Nylon	Taiwan	Manufacturing	energy	Electricity	2.97800000000000000000	NULL	2025-06-24 04:31:02	2025-06-24 04:31:02
5351	Nylon	Taiwan	Manufacturing	water	Water	2.14600000000000000000	NULL	2025-06-24 04:31:02	2025-06-24 04:31:02
5352	Nylon	Taiwan	Raw Material	carbon dioxide	Gas	5.25700000000000000000	NULL	2025-06-24 04:31:02	2025-06-24 04:31:02
5353	Nylon	Taiwan	Raw Material	energy	Electricity	64.88900000000000000000	NULL	2025-06-24 04:31:02	2025-06-24 04:31:02
5354	Nylon	Taiwan	Raw Material	water	Water	21.21900000000000000000	NULL	2025-06-24 04:31:02	2025-06-24 04:31:02
5355	Nylon	Taiwan	Sampling	carbon dioxide	Gas	0.10100000000000000000	NULL	2025-06-24 04:31:02	2025-06-24 04:31:02
5356	Nylon	Taiwan	Sampling	energy	Electricity	1.17300000000000000000	NULL	2025-06-24 04:31:02	2025-06-24 04:31:02
5357	Nylon	Taiwan	Sampling	water	Water	0.20000000000000000000	NULL	2025-06-24 04:31:02	2025-06-24 04:31:02
5358	Nylon	Taiwan	Spinning	carbon dioxide	Gas	0.95100000000000000000	NULL	2025-06-24 04:31:02	2025-06-24 04:31:02
5359	Nylon	Taiwan	Spinning	energy	Electricity	4.06900000000000000000	NULL	2025-06-24 04:31:02	2025-06-24 04:31:02
5360	Nylon	Taiwan	Spinning	water	Water	0.46500000000000000000	NULL	2025-06-24 04:31:02	2025-06-24 04:31:02
5361	Nylon	Taiwan	Trims	carbon dioxide	Gas	0.10000000000000000000	NULL	2025-06-24 04:31:02	2025-06-24 04:31:02
5362	Nylon	Taiwan	Trims	energy	Electricity	1.07700000000000000000	NULL	2025-06-24 04:31:02	2025-06-24 04:31:02
5363	Nylon	Taiwan	Trims	water	Water	0.18100000000000000000	NULL	2025-06-24 04:31:02	2025-06-24 04:31:02
5364	Nylon	Taiwan	Weaving	carbon dioxide	Gas	1.21000000000000000000	NULL	2025-06-24 04:31:02	2025-06-24 04:31:02
5365	Nylon	Taiwan	Weaving	energy	Electricity	5.20800000000000000000	NULL	2025-06-24 04:31:02	2025-06-24 04:31:02
5366	Nylon	Taiwan	Weaving	water	Water	1.80900000000000000000	NULL	2025-06-24 04:31:02	2025-06-24 04:31:02
5367	Polyester	Taiwan	Dyeing	carbon dioxide	Gas	3.34500000000000000000	NULL	2025-06-24 04:31:02	2025-06-24 04:31:02
5368	Polyester	Taiwan	Dyeing	energy	Electricity	22.93000000000000000000	NULL	2025-06-24 04:31:02	2025-06-24 04:31:02
5369	Polyester	Taiwan	Dyeing	water	Water	9.46800000000000000000	NULL	2025-06-24 04:31:02	2025-06-24 04:31:02
5370	Polyester	Taiwan	Manufacturing	carbon dioxide	Gas	0.17200000000000000000	NULL	2025-06-24 04:31:02	2025-06-24 04:31:02
5371	Polyester	Taiwan	Manufacturing	energy	Electricity	2.65500000000000000000	NULL	2025-06-24 04:31:02	2025-06-24 04:31:02
5372	Polyester	Taiwan	Manufacturing	water	Water	1.91300000000000000000	NULL	2025-06-24 04:31:02	2025-06-24 04:31:02
5373	Polyester	Taiwan	Raw Material	carbon dioxide	Gas	3.31100000000000000000	NULL	2025-06-24 04:31:02	2025-06-24 04:31:02
5374	Polyester	Taiwan	Raw Material	energy	Electricity	67.63000000000000000000	NULL	2025-06-24 04:31:02	2025-06-24 04:31:02
5375	Polyester	Taiwan	Raw Material	water	Water	18.57900000000000000000	NULL	2025-06-24 04:31:02	2025-06-24 04:31:02
5376	Polyester	Taiwan	Sampling	carbon dioxide	Gas	0.09200000000000000000	NULL	2025-06-24 04:31:02	2025-06-24 04:31:02
5377	Polyester	Taiwan	Sampling	energy	Electricity	1.17200000000000000000	NULL	2025-06-24 04:31:02	2025-06-24 04:31:02
5378	Polyester	Taiwan	Sampling	water	Water	0.20300000000000000000	NULL	2025-06-24 04:31:02	2025-06-24 04:31:02
5379	Polyester	Taiwan	Spinning	carbon dioxide	Gas	0.86700000000000000000	NULL	2025-06-24 04:31:02	2025-06-24 04:31:02
5380	Polyester	Taiwan	Spinning	energy	Electricity	3.52200000000000000000	NULL	2025-06-24 04:31:02	2025-06-24 04:31:02
5381	Polyester	Taiwan	Spinning	water	Water	0.51100000000000000000	NULL	2025-06-24 04:31:02	2025-06-24 04:31:02
5382	Polyester	Taiwan	Trims	carbon dioxide	Gas	0.08600000000000000000	NULL	2025-06-24 04:31:02	2025-06-24 04:31:02
5383	Polyester	Taiwan	Trims	energy	Electricity	1.04700000000000000000	NULL	2025-06-24 04:31:02	2025-06-24 04:31:02
5384	Polyester	Taiwan	Trims	water	Water	0.20800000000000000000	NULL	2025-06-24 04:31:02	2025-06-24 04:31:02
5385	Polyester	Taiwan	Weaving	carbon dioxide	Gas	1.11600000000000000000	NULL	2025-06-24 04:31:02	2025-06-24 04:31:02
5386	Polyester	Taiwan	Weaving	energy	Electricity	5.48700000000000000000	NULL	2025-06-24 04:31:02	2025-06-24 04:31:02
5387	Polyester	Taiwan	Weaving	water	Water	2.16900000000000000000	NULL	2025-06-24 04:31:02	2025-06-24 04:31:02
5388	Silk	Taiwan	Dyeing	carbon dioxide	Gas	3.16200000000000000000	NULL	2025-06-24 04:31:02	2025-06-24 04:31:02
5389	Silk	Taiwan	Dyeing	energy	Electricity	20.35000000000000000000	NULL	2025-06-24 04:31:02	2025-06-24 04:31:02
5390	Silk	Taiwan	Dyeing	water	Water	44.32800000000000000000	NULL	2025-06-24 04:31:02	2025-06-24 04:31:02
5391	Silk	Taiwan	Manufacturing	carbon dioxide	Gas	0.22600000000000000000	NULL	2025-06-24 04:31:02	2025-06-24 04:31:02
5392	Silk	Taiwan	Manufacturing	energy	Electricity	4.32000000000000000000	NULL	2025-06-24 04:31:02	2025-06-24 04:31:02
5393	Silk	Taiwan	Manufacturing	water	Water	3.89400000000000000000	NULL	2025-06-24 04:31:02	2025-06-24 04:31:02
5394	Silk	Taiwan	Raw Material	carbon dioxide	Gas	1.88100000000000000000	NULL	2025-06-24 04:31:02	2025-06-24 04:31:02
5395	Silk	Taiwan	Raw Material	energy	Electricity	32.89000000000000000000	NULL	2025-06-24 04:31:02	2025-06-24 04:31:02
5396	Silk	Taiwan	Raw Material	water	Water	10793.48700000000000000000	NULL	2025-06-24 04:31:02	2025-06-24 04:31:02
5397	Silk	Taiwan	Sampling	carbon dioxide	Gas	0.09900000000000000000	NULL	2025-06-24 04:31:02	2025-06-24 04:31:02
5398	Silk	Taiwan	Sampling	energy	Electricity	1.53600000000000000000	NULL	2025-06-24 04:31:02	2025-06-24 04:31:02
5399	Silk	Taiwan	Sampling	water	Water	0.42300000000000000000	NULL	2025-06-24 04:31:02	2025-06-24 04:31:02
5400	Silk	Taiwan	Spinning	carbon dioxide	Gas	0.62700000000000000000	NULL	2025-06-24 04:31:02	2025-06-24 04:31:02
5401	Silk	Taiwan	Spinning	energy	Electricity	7.30800000000000000000	NULL	2025-06-24 04:31:02	2025-06-24 04:31:02
5402	Silk	Taiwan	Spinning	water	Water	1.39900000000000000000	NULL	2025-06-24 04:31:02	2025-06-24 04:31:02
5403	Silk	Taiwan	Trims	carbon dioxide	Gas	0.10000000000000000000	NULL	2025-06-24 04:31:02	2025-06-24 04:31:02
5404	Silk	Taiwan	Trims	energy	Electricity	1.61100000000000000000	NULL	2025-06-24 04:31:02	2025-06-24 04:31:02
5405	Silk	Taiwan	Trims	water	Water	0.36200000000000000000	NULL	2025-06-24 04:31:02	2025-06-24 04:31:02
5406	Silk	Taiwan	Weaving	carbon dioxide	Gas	0.80600000000000000000	NULL	2025-06-24 04:31:02	2025-06-24 04:31:02
5407	Silk	Taiwan	Weaving	energy	Electricity	8.67300000000000000000	NULL	2025-06-24 04:31:02	2025-06-24 04:31:02
5408	Silk	Taiwan	Weaving	water	Water	4.14200000000000000000	NULL	2025-06-24 04:31:02	2025-06-24 04:31:02
5409	Spandex	Taiwan	Dyeing	carbon dioxide	Gas	3.56500000000000000000	NULL	2025-06-24 04:31:02	2025-06-24 04:31:02
5410	Spandex	Taiwan	Dyeing	energy	Electricity	20.35700000000000000000	NULL	2025-06-24 04:31:02	2025-06-24 04:31:02
5411	Spandex	Taiwan	Dyeing	water	Water	16.39100000000000000000	NULL	2025-06-24 04:31:02	2025-06-24 04:31:02
5412	Spandex	Taiwan	Manufacturing	carbon dioxide	Gas	0.23100000000000000000	NULL	2025-06-24 04:31:02	2025-06-24 04:31:02
5413	Spandex	Taiwan	Manufacturing	energy	Electricity	3.37500000000000000000	NULL	2025-06-24 04:31:02	2025-06-24 04:31:02
5414	Spandex	Taiwan	Manufacturing	water	Water	1.97700000000000000000	NULL	2025-06-24 04:31:02	2025-06-24 04:31:02
5415	Spandex	Taiwan	Raw Material	carbon dioxide	Gas	5.95300000000000000000	NULL	2025-06-24 04:31:02	2025-06-24 04:31:02
5416	Spandex	Taiwan	Raw Material	energy	Electricity	69.88200000000000000000	NULL	2025-06-24 04:31:02	2025-06-24 04:31:02
5417	Spandex	Taiwan	Raw Material	water	Water	19.80400000000000000000	NULL	2025-06-24 04:31:02	2025-06-24 04:31:02
5418	Spandex	Taiwan	Sampling	carbon dioxide	Gas	0.11500000000000000000	NULL	2025-06-24 04:31:02	2025-06-24 04:31:02
5419	Spandex	Taiwan	Sampling	energy	Electricity	1.11400000000000000000	NULL	2025-06-24 04:31:02	2025-06-24 04:31:02
5420	Spandex	Taiwan	Sampling	water	Water	0.20800000000000000000	NULL	2025-06-24 04:31:02	2025-06-24 04:31:02
5421	Spandex	Taiwan	Spinning	carbon dioxide	Gas	1.11100000000000000000	NULL	2025-06-24 04:31:02	2025-06-24 04:31:02
5422	Spandex	Taiwan	Spinning	energy	Electricity	4.29400000000000000000	NULL	2025-06-24 04:31:02	2025-06-24 04:31:02
5423	Spandex	Taiwan	Spinning	water	Water	0.47100000000000000000	NULL	2025-06-24 04:31:02	2025-06-24 04:31:02
5424	Spandex	Taiwan	Trims	carbon dioxide	Gas	0.09500000000000000000	NULL	2025-06-24 04:31:02	2025-06-24 04:31:02
5425	Spandex	Taiwan	Trims	energy	Electricity	1.17500000000000000000	NULL	2025-06-24 04:31:02	2025-06-24 04:31:02
5426	Spandex	Taiwan	Trims	water	Water	0.18400000000000000000	NULL	2025-06-24 04:31:02	2025-06-24 04:31:02
5427	Spandex	Taiwan	Weaving	carbon dioxide	Gas	1.38300000000000000000	NULL	2025-06-24 04:31:02	2025-06-24 04:31:02
5428	Spandex	Taiwan	Weaving	energy	Electricity	5.69900000000000000000	NULL	2025-06-24 04:31:02	2025-06-24 04:31:02
5429	Spandex	Taiwan	Weaving	water	Water	1.81800000000000000000	NULL	2025-06-24 04:31:02	2025-06-24 04:31:02
5430	Cotton	Thailand	Dyeing	carbon dioxide	Gas	2.98000000000000000000	NULL	2025-06-24 04:31:02	2025-06-24 04:31:02
5431	Cotton	Thailand	Dyeing	energy	Electricity	15.30700000000000000000	NULL	2025-06-24 04:31:02	2025-06-24 04:31:02
5432	Cotton	Thailand	Dyeing	water	Water	51.52800000000000000000	NULL	2025-06-24 04:31:02	2025-06-24 04:31:02
5433	Cotton	Thailand	Manufacturing	carbon dioxide	Gas	0.21600000000000000000	NULL	2025-06-24 04:31:02	2025-06-24 04:31:02
5434	Cotton	Thailand	Manufacturing	energy	Electricity	3.78100000000000000000	NULL	2025-06-24 04:31:02	2025-06-24 04:31:02
5435	Cotton	Thailand	Manufacturing	water	Water	4.96200000000000000000	NULL	2025-06-24 04:31:02	2025-06-24 04:31:02
5436	Cotton	Thailand	Raw Material	carbon dioxide	Gas	1.92000000000000000000	NULL	2025-06-24 04:31:02	2025-06-24 04:31:02
5437	Cotton	Thailand	Raw Material	energy	Electricity	10.47000000000000000000	NULL	2025-06-24 04:31:02	2025-06-24 04:31:02
5438	Cotton	Thailand	Raw Material	water	Water	10335.28700000000000000000	NULL	2025-06-24 04:31:02	2025-06-24 04:31:02
5439	Cotton	Thailand	Sampling	carbon dioxide	Gas	0.10700000000000000000	NULL	2025-06-24 04:31:02	2025-06-24 04:31:02
5440	Cotton	Thailand	Sampling	energy	Electricity	1.88700000000000000000	NULL	2025-06-24 04:31:02	2025-06-24 04:31:02
5441	Cotton	Thailand	Sampling	water	Water	0.46600000000000000000	NULL	2025-06-24 04:31:02	2025-06-24 04:31:02
5442	Cotton	Thailand	Spinning	carbon dioxide	Gas	0.50500000000000000000	NULL	2025-06-24 04:31:02	2025-06-24 04:31:02
5443	Cotton	Thailand	Spinning	energy	Electricity	7.06400000000000000000	NULL	2025-06-24 04:31:02	2025-06-24 04:31:02
5444	Cotton	Thailand	Spinning	water	Water	1.76500000000000000000	NULL	2025-06-24 04:31:02	2025-06-24 04:31:02
5445	Cotton	Thailand	Trims	carbon dioxide	Gas	0.10700000000000000000	NULL	2025-06-24 04:31:02	2025-06-24 04:31:02
5446	Cotton	Thailand	Trims	energy	Electricity	1.68300000000000000000	NULL	2025-06-24 04:31:02	2025-06-24 04:31:02
5447	Cotton	Thailand	Trims	water	Water	0.54300000000000000000	NULL	2025-06-24 04:31:02	2025-06-24 04:31:02
5448	Cotton	Thailand	Weaving	carbon dioxide	Gas	0.83700000000000000000	NULL	2025-06-24 04:31:02	2025-06-24 04:31:02
5449	Cotton	Thailand	Weaving	energy	Electricity	7.37200000000000000000	NULL	2025-06-24 04:31:02	2025-06-24 04:31:02
5450	Cotton	Thailand	Weaving	water	Water	5.07500000000000000000	NULL	2025-06-24 04:31:02	2025-06-24 04:31:02
5451	Hemp	Thailand	Dyeing	carbon dioxide	Gas	2.33400000000000000000	NULL	2025-06-24 04:31:02	2025-06-24 04:31:02
5452	Hemp	Thailand	Dyeing	energy	Electricity	12.45900000000000000000	NULL	2025-06-24 04:31:02	2025-06-24 04:31:02
5453	Hemp	Thailand	Dyeing	water	Water	27.41300000000000000000	NULL	2025-06-24 04:31:02	2025-06-24 04:31:02
5454	Hemp	Thailand	Manufacturing	carbon dioxide	Gas	0.14400000000000000000	NULL	2025-06-24 04:31:02	2025-06-24 04:31:02
5455	Hemp	Thailand	Manufacturing	energy	Electricity	2.41200000000000000000	NULL	2025-06-24 04:31:02	2025-06-24 04:31:02
5456	Hemp	Thailand	Manufacturing	water	Water	2.60900000000000000000	NULL	2025-06-24 04:31:02	2025-06-24 04:31:02
5457	Hemp	Thailand	Raw Material	carbon dioxide	Gas	0.23700000000000000000	NULL	2025-06-24 04:31:02	2025-06-24 04:31:02
5458	Hemp	Thailand	Raw Material	energy	Electricity	4.69000000000000000000	NULL	2025-06-24 04:31:02	2025-06-24 04:31:02
5459	Hemp	Thailand	Raw Material	water	Water	489.97200000000000000000	NULL	2025-06-24 04:31:02	2025-06-24 04:31:02
5460	Hemp	Thailand	Sampling	carbon dioxide	Gas	0.07500000000000000000	NULL	2025-06-24 04:31:02	2025-06-24 04:31:02
5461	Hemp	Thailand	Sampling	energy	Electricity	0.96000000000000000000	NULL	2025-06-24 04:31:02	2025-06-24 04:31:02
5462	Hemp	Thailand	Sampling	water	Water	0.22600000000000000000	NULL	2025-06-24 04:31:02	2025-06-24 04:31:02
5463	Hemp	Thailand	Spinning	carbon dioxide	Gas	0.45300000000000000000	NULL	2025-06-24 04:31:02	2025-06-24 04:31:02
5464	Hemp	Thailand	Spinning	energy	Electricity	3.10300000000000000000	NULL	2025-06-24 04:31:02	2025-06-24 04:31:02
5465	Hemp	Thailand	Spinning	water	Water	0.72600000000000000000	NULL	2025-06-24 04:31:02	2025-06-24 04:31:02
5466	Hemp	Thailand	Trims	carbon dioxide	Gas	0.07900000000000000000	NULL	2025-06-24 04:31:02	2025-06-24 04:31:02
5467	Hemp	Thailand	Trims	energy	Electricity	0.82600000000000000000	NULL	2025-06-24 04:31:02	2025-06-24 04:31:02
5468	Hemp	Thailand	Trims	water	Water	0.23300000000000000000	NULL	2025-06-24 04:31:02	2025-06-24 04:31:02
5469	Hemp	Thailand	Weaving	carbon dioxide	Gas	0.68500000000000000000	NULL	2025-06-24 04:31:02	2025-06-24 04:31:02
5470	Hemp	Thailand	Weaving	energy	Electricity	4.11700000000000000000	NULL	2025-06-24 04:31:02	2025-06-24 04:31:02
5471	Hemp	Thailand	Weaving	water	Water	2.42100000000000000000	NULL	2025-06-24 04:31:02	2025-06-24 04:31:02
5472	Polyester	Thailand	Dyeing	carbon dioxide	Gas	3.46800000000000000000	NULL	2025-06-24 04:31:02	2025-06-24 04:31:02
5473	Polyester	Thailand	Dyeing	energy	Electricity	20.89800000000000000000	NULL	2025-06-24 04:31:02	2025-06-24 04:31:02
5474	Polyester	Thailand	Dyeing	water	Water	9.70800000000000000000	NULL	2025-06-24 04:31:02	2025-06-24 04:31:02
5475	Polyester	Thailand	Manufacturing	carbon dioxide	Gas	0.15400000000000000000	NULL	2025-06-24 04:31:02	2025-06-24 04:31:02
5476	Polyester	Thailand	Manufacturing	energy	Electricity	3.03700000000000000000	NULL	2025-06-24 04:31:02	2025-06-24 04:31:02
5477	Polyester	Thailand	Manufacturing	water	Water	2.04400000000000000000	NULL	2025-06-24 04:31:02	2025-06-24 04:31:02
5478	Polyester	Thailand	Raw Material	carbon dioxide	Gas	3.53500000000000000000	NULL	2025-06-24 04:31:02	2025-06-24 04:31:02
5479	Polyester	Thailand	Raw Material	energy	Electricity	63.61000000000000000000	NULL	2025-06-24 04:31:02	2025-06-24 04:31:02
5480	Polyester	Thailand	Raw Material	water	Water	19.29000000000000000000	NULL	2025-06-24 04:31:02	2025-06-24 04:31:02
5481	Polyester	Thailand	Sampling	carbon dioxide	Gas	0.08800000000000000000	NULL	2025-06-24 04:31:02	2025-06-24 04:31:02
5482	Polyester	Thailand	Sampling	energy	Electricity	1.01200000000000000000	NULL	2025-06-24 04:31:02	2025-06-24 04:31:02
5483	Polyester	Thailand	Sampling	water	Water	0.20800000000000000000	NULL	2025-06-24 04:31:02	2025-06-24 04:31:02
5484	Polyester	Thailand	Spinning	carbon dioxide	Gas	0.85000000000000000000	NULL	2025-06-24 04:31:02	2025-06-24 04:31:02
5485	Polyester	Thailand	Spinning	energy	Electricity	3.95900000000000000000	NULL	2025-06-24 04:31:02	2025-06-24 04:31:02
5486	Polyester	Thailand	Spinning	water	Water	0.49800000000000000000	NULL	2025-06-24 04:31:02	2025-06-24 04:31:02
5487	Polyester	Thailand	Trims	carbon dioxide	Gas	0.09400000000000000000	NULL	2025-06-24 04:31:02	2025-06-24 04:31:02
5488	Polyester	Thailand	Trims	energy	Electricity	1.09000000000000000000	NULL	2025-06-24 04:31:02	2025-06-24 04:31:02
5489	Polyester	Thailand	Trims	water	Water	0.18500000000000000000	NULL	2025-06-24 04:31:02	2025-06-24 04:31:02
5490	Polyester	Thailand	Weaving	carbon dioxide	Gas	1.04600000000000000000	NULL	2025-06-24 04:31:02	2025-06-24 04:31:02
5491	Polyester	Thailand	Weaving	energy	Electricity	5.13300000000000000000	NULL	2025-06-24 04:31:02	2025-06-24 04:31:02
5492	Polyester	Thailand	Weaving	water	Water	2.09400000000000000000	NULL	2025-06-24 04:31:02	2025-06-24 04:31:02
5493	Rayon	Thailand	Dyeing	carbon dioxide	Gas	3.00200000000000000000	NULL	2025-06-24 04:31:02	2025-06-24 04:31:02
5494	Rayon	Thailand	Dyeing	energy	Electricity	15.67400000000000000000	NULL	2025-06-24 04:31:02	2025-06-24 04:31:02
5495	Rayon	Thailand	Dyeing	water	Water	33.77500000000000000000	NULL	2025-06-24 04:31:02	2025-06-24 04:31:02
5496	Rayon	Thailand	Manufacturing	carbon dioxide	Gas	0.16800000000000000000	NULL	2025-06-24 04:31:02	2025-06-24 04:31:02
5497	Rayon	Thailand	Manufacturing	energy	Electricity	3.19500000000000000000	NULL	2025-06-24 04:31:02	2025-06-24 04:31:02
5498	Rayon	Thailand	Manufacturing	water	Water	2.88000000000000000000	NULL	2025-06-24 04:31:02	2025-06-24 04:31:02
5499	Rayon	Thailand	Raw Material	carbon dioxide	Gas	2.23100000000000000000	NULL	2025-06-24 04:31:02	2025-06-24 04:31:02
5500	Rayon	Thailand	Raw Material	energy	Electricity	40.60100000000000000000	NULL	2025-06-24 04:31:02	2025-06-24 04:31:02
5501	Rayon	Thailand	Raw Material	water	Water	98.28100000000000000000	NULL	2025-06-24 04:31:02	2025-06-24 04:31:02
5502	Rayon	Thailand	Sampling	carbon dioxide	Gas	0.08700000000000000000	NULL	2025-06-24 04:31:02	2025-06-24 04:31:02
5503	Rayon	Thailand	Sampling	energy	Electricity	1.29800000000000000000	NULL	2025-06-24 04:31:02	2025-06-24 04:31:02
5504	Rayon	Thailand	Sampling	water	Water	0.29000000000000000000	NULL	2025-06-24 04:31:02	2025-06-24 04:31:02
5505	Rayon	Thailand	Spinning	carbon dioxide	Gas	0.80400000000000000000	NULL	2025-06-24 04:31:02	2025-06-24 04:31:02
5506	Rayon	Thailand	Spinning	energy	Electricity	3.71600000000000000000	NULL	2025-06-24 04:31:02	2025-06-24 04:31:02
5507	Rayon	Thailand	Spinning	water	Water	1.08900000000000000000	NULL	2025-06-24 04:31:02	2025-06-24 04:31:02
5508	Rayon	Thailand	Trims	carbon dioxide	Gas	0.08900000000000000000	NULL	2025-06-24 04:31:02	2025-06-24 04:31:02
5509	Rayon	Thailand	Trims	energy	Electricity	1.33300000000000000000	NULL	2025-06-24 04:31:02	2025-06-24 04:31:02
5510	Rayon	Thailand	Trims	water	Water	0.32800000000000000000	NULL	2025-06-24 04:31:02	2025-06-24 04:31:02
5511	Rayon	Thailand	Weaving	carbon dioxide	Gas	1.00200000000000000000	NULL	2025-06-24 04:31:02	2025-06-24 04:31:02
5512	Rayon	Thailand	Weaving	energy	Electricity	4.88300000000000000000	NULL	2025-06-24 04:31:02	2025-06-24 04:31:02
5513	Rayon	Thailand	Weaving	water	Water	2.87800000000000000000	NULL	2025-06-24 04:31:02	2025-06-24 04:31:02
5514	Silk	Thailand	Dyeing	carbon dioxide	Gas	3.00100000000000000000	NULL	2025-06-24 04:31:02	2025-06-24 04:31:02
5515	Silk	Thailand	Dyeing	energy	Electricity	20.86700000000000000000	NULL	2025-06-24 04:31:02	2025-06-24 04:31:02
5516	Silk	Thailand	Dyeing	water	Water	44.97200000000000000000	NULL	2025-06-24 04:31:02	2025-06-24 04:31:02
5517	Silk	Thailand	Manufacturing	carbon dioxide	Gas	0.26000000000000000000	NULL	2025-06-24 04:31:02	2025-06-24 04:31:02
5518	Silk	Thailand	Manufacturing	energy	Electricity	4.11200000000000000000	NULL	2025-06-24 04:31:02	2025-06-24 04:31:02
5519	Silk	Thailand	Manufacturing	water	Water	3.70100000000000000000	NULL	2025-06-24 04:31:02	2025-06-24 04:31:02
5520	Silk	Thailand	Raw Material	carbon dioxide	Gas	2.21500000000000000000	NULL	2025-06-24 04:31:02	2025-06-24 04:31:02
5521	Silk	Thailand	Raw Material	energy	Electricity	32.03000000000000000000	NULL	2025-06-24 04:31:02	2025-06-24 04:31:02
5522	Silk	Thailand	Raw Material	water	Water	10898.57300000000000000000	NULL	2025-06-24 04:31:02	2025-06-24 04:31:02
5523	Silk	Thailand	Sampling	carbon dioxide	Gas	0.11800000000000000000	NULL	2025-06-24 04:31:02	2025-06-24 04:31:02
5524	Silk	Thailand	Sampling	energy	Electricity	1.63800000000000000000	NULL	2025-06-24 04:31:02	2025-06-24 04:31:02
5525	Silk	Thailand	Sampling	water	Water	0.43400000000000000000	NULL	2025-06-24 04:31:02	2025-06-24 04:31:02
5526	Silk	Thailand	Spinning	carbon dioxide	Gas	0.64900000000000000000	NULL	2025-06-24 04:31:02	2025-06-24 04:31:02
5527	Silk	Thailand	Spinning	energy	Electricity	6.48400000000000000000	NULL	2025-06-24 04:31:02	2025-06-24 04:31:02
5528	Silk	Thailand	Spinning	water	Water	1.39400000000000000000	NULL	2025-06-24 04:31:02	2025-06-24 04:31:02
5529	Silk	Thailand	Trims	carbon dioxide	Gas	0.11500000000000000000	NULL	2025-06-24 04:31:02	2025-06-24 04:31:02
5530	Silk	Thailand	Trims	energy	Electricity	1.61700000000000000000	NULL	2025-06-24 04:31:02	2025-06-24 04:31:02
5531	Silk	Thailand	Trims	water	Water	0.37000000000000000000	NULL	2025-06-24 04:31:02	2025-06-24 04:31:02
5532	Silk	Thailand	Weaving	carbon dioxide	Gas	0.87700000000000000000	NULL	2025-06-24 04:31:02	2025-06-24 04:31:02
5533	Silk	Thailand	Weaving	energy	Electricity	7.62900000000000000000	NULL	2025-06-24 04:31:02	2025-06-24 04:31:02
5534	Silk	Thailand	Weaving	water	Water	3.79800000000000000000	NULL	2025-06-24 04:31:02	2025-06-24 04:31:02
5535	Cotton	Tunisia	Dyeing	carbon dioxide	Gas	2.46400000000000000000	NULL	2025-06-24 04:31:02	2025-06-24 04:31:02
5536	Cotton	Tunisia	Dyeing	energy	Electricity	16.12200000000000000000	NULL	2025-06-24 04:31:02	2025-06-24 04:31:02
5537	Cotton	Tunisia	Dyeing	water	Water	49.81700000000000000000	NULL	2025-06-24 04:31:02	2025-06-24 04:31:02
5538	Cotton	Tunisia	Manufacturing	carbon dioxide	Gas	0.21700000000000000000	NULL	2025-06-24 04:31:02	2025-06-24 04:31:02
5539	Cotton	Tunisia	Manufacturing	energy	Electricity	3.90400000000000000000	NULL	2025-06-24 04:31:02	2025-06-24 04:31:02
5540	Cotton	Tunisia	Manufacturing	water	Water	4.51000000000000000000	NULL	2025-06-24 04:31:02	2025-06-24 04:31:02
5541	Cotton	Tunisia	Raw Material	carbon dioxide	Gas	1.52100000000000000000	NULL	2025-06-24 04:31:02	2025-06-24 04:31:02
5542	Cotton	Tunisia	Raw Material	energy	Electricity	9.13000000000000000000	NULL	2025-06-24 04:31:02	2025-06-24 04:31:02
5543	Cotton	Tunisia	Raw Material	water	Water	10006.10100000000000000000	NULL	2025-06-24 04:31:02	2025-06-24 04:31:02
5544	Cotton	Tunisia	Sampling	carbon dioxide	Gas	0.11000000000000000000	NULL	2025-06-24 04:31:02	2025-06-24 04:31:02
5545	Cotton	Tunisia	Sampling	energy	Electricity	1.83400000000000000000	NULL	2025-06-24 04:31:02	2025-06-24 04:31:02
5546	Cotton	Tunisia	Sampling	water	Water	0.54600000000000000000	NULL	2025-06-24 04:31:02	2025-06-24 04:31:02
5547	Cotton	Tunisia	Spinning	carbon dioxide	Gas	0.52500000000000000000	NULL	2025-06-24 04:31:02	2025-06-24 04:31:02
5548	Cotton	Tunisia	Spinning	energy	Electricity	6.96500000000000000000	NULL	2025-06-24 04:31:02	2025-06-24 04:31:02
5549	Cotton	Tunisia	Spinning	water	Water	1.67900000000000000000	NULL	2025-06-24 04:31:02	2025-06-24 04:31:02
5550	Cotton	Tunisia	Trims	carbon dioxide	Gas	0.10000000000000000000	NULL	2025-06-24 04:31:02	2025-06-24 04:31:02
5551	Cotton	Tunisia	Trims	energy	Electricity	1.79000000000000000000	NULL	2025-06-24 04:31:02	2025-06-24 04:31:02
5552	Cotton	Tunisia	Trims	water	Water	0.54000000000000000000	NULL	2025-06-24 04:31:02	2025-06-24 04:31:02
5553	Cotton	Tunisia	Weaving	carbon dioxide	Gas	0.78000000000000000000	NULL	2025-06-24 04:31:02	2025-06-24 04:31:02
5554	Cotton	Tunisia	Weaving	energy	Electricity	6.79000000000000000000	NULL	2025-06-24 04:31:02	2025-06-24 04:31:02
5555	Cotton	Tunisia	Weaving	water	Water	5.13000000000000000000	NULL	2025-06-24 04:31:02	2025-06-24 04:31:02
5556	Hemp	Tunisia	Dyeing	carbon dioxide	Gas	2.06800000000000000000	NULL	2025-06-24 04:31:02	2025-06-24 04:31:02
5557	Hemp	Tunisia	Dyeing	energy	Electricity	12.44200000000000000000	NULL	2025-06-24 04:31:02	2025-06-24 04:31:02
5558	Hemp	Tunisia	Dyeing	water	Water	28.54000000000000000000	NULL	2025-06-24 04:31:02	2025-06-24 04:31:02
5559	Hemp	Tunisia	Manufacturing	carbon dioxide	Gas	0.11500000000000000000	NULL	2025-06-24 04:31:02	2025-06-24 04:31:02
5560	Hemp	Tunisia	Manufacturing	energy	Electricity	2.40900000000000000000	NULL	2025-06-24 04:31:02	2025-06-24 04:31:02
5561	Hemp	Tunisia	Manufacturing	water	Water	2.63200000000000000000	NULL	2025-06-24 04:31:02	2025-06-24 04:31:02
5562	Hemp	Tunisia	Raw Material	carbon dioxide	Gas	0.20100000000000000000	NULL	2025-06-24 04:31:02	2025-06-24 04:31:02
5563	Hemp	Tunisia	Raw Material	energy	Electricity	4.54200000000000000000	NULL	2025-06-24 04:31:02	2025-06-24 04:31:02
5564	Hemp	Tunisia	Raw Material	water	Water	538.23300000000000000000	NULL	2025-06-24 04:31:02	2025-06-24 04:31:02
5565	Hemp	Tunisia	Sampling	carbon dioxide	Gas	0.07600000000000000000	NULL	2025-06-24 04:31:02	2025-06-24 04:31:02
5566	Hemp	Tunisia	Sampling	energy	Electricity	0.89000000000000000000	NULL	2025-06-24 04:31:02	2025-06-24 04:31:02
5567	Hemp	Tunisia	Sampling	water	Water	0.22800000000000000000	NULL	2025-06-24 04:31:02	2025-06-24 04:31:02
5568	Hemp	Tunisia	Spinning	carbon dioxide	Gas	0.40200000000000000000	NULL	2025-06-24 04:31:02	2025-06-24 04:31:02
5569	Hemp	Tunisia	Spinning	energy	Electricity	2.81000000000000000000	NULL	2025-06-24 04:31:02	2025-06-24 04:31:02
5570	Hemp	Tunisia	Spinning	water	Water	0.74500000000000000000	NULL	2025-06-24 04:31:02	2025-06-24 04:31:02
5571	Hemp	Tunisia	Trims	carbon dioxide	Gas	0.07100000000000000000	NULL	2025-06-24 04:31:02	2025-06-24 04:31:02
5572	Hemp	Tunisia	Trims	energy	Electricity	0.98100000000000000000	NULL	2025-06-24 04:31:02	2025-06-24 04:31:02
5573	Hemp	Tunisia	Trims	water	Water	0.23600000000000000000	NULL	2025-06-24 04:31:02	2025-06-24 04:31:02
5574	Hemp	Tunisia	Weaving	carbon dioxide	Gas	0.59800000000000000000	NULL	2025-06-24 04:31:02	2025-06-24 04:31:02
5575	Hemp	Tunisia	Weaving	energy	Electricity	4.57300000000000000000	NULL	2025-06-24 04:31:02	2025-06-24 04:31:02
5576	Hemp	Tunisia	Weaving	water	Water	2.43400000000000000000	NULL	2025-06-24 04:31:02	2025-06-24 04:31:02
5577	Nylon	Tunisia	Dyeing	carbon dioxide	Gas	2.95500000000000000000	NULL	2025-06-24 04:31:02	2025-06-24 04:31:02
5578	Nylon	Tunisia	Dyeing	energy	Electricity	19.09900000000000000000	NULL	2025-06-24 04:31:02	2025-06-24 04:31:02
5579	Nylon	Tunisia	Dyeing	water	Water	14.65700000000000000000	NULL	2025-06-24 04:31:02	2025-06-24 04:31:02
5580	Nylon	Tunisia	Manufacturing	carbon dioxide	Gas	0.18700000000000000000	NULL	2025-06-24 04:31:02	2025-06-24 04:31:02
5581	Nylon	Tunisia	Manufacturing	energy	Electricity	3.09700000000000000000	NULL	2025-06-24 04:31:02	2025-06-24 04:31:02
5582	Nylon	Tunisia	Manufacturing	water	Water	1.92400000000000000000	NULL	2025-06-24 04:31:02	2025-06-24 04:31:02
5583	Nylon	Tunisia	Raw Material	carbon dioxide	Gas	5.07300000000000000000	NULL	2025-06-24 04:31:02	2025-06-24 04:31:02
5584	Nylon	Tunisia	Raw Material	energy	Electricity	62.72900000000000000000	NULL	2025-06-24 04:31:02	2025-06-24 04:31:02
5585	Nylon	Tunisia	Raw Material	water	Water	19.10300000000000000000	NULL	2025-06-24 04:31:02	2025-06-24 04:31:02
5586	Nylon	Tunisia	Sampling	carbon dioxide	Gas	0.09000000000000000000	NULL	2025-06-24 04:31:02	2025-06-24 04:31:02
5587	Nylon	Tunisia	Sampling	energy	Electricity	1.06300000000000000000	NULL	2025-06-24 04:31:02	2025-06-24 04:31:02
5588	Nylon	Tunisia	Sampling	water	Water	0.19900000000000000000	NULL	2025-06-24 04:31:02	2025-06-24 04:31:02
5589	Nylon	Tunisia	Spinning	carbon dioxide	Gas	0.86300000000000000000	NULL	2025-06-24 04:31:02	2025-06-24 04:31:02
5590	Nylon	Tunisia	Spinning	energy	Electricity	4.53100000000000000000	NULL	2025-06-24 04:31:02	2025-06-24 04:31:02
5591	Nylon	Tunisia	Spinning	water	Water	0.49600000000000000000	NULL	2025-06-24 04:31:02	2025-06-24 04:31:02
5592	Nylon	Tunisia	Trims	carbon dioxide	Gas	0.08900000000000000000	NULL	2025-06-24 04:31:02	2025-06-24 04:31:02
5593	Nylon	Tunisia	Trims	energy	Electricity	1.04100000000000000000	NULL	2025-06-24 04:31:02	2025-06-24 04:31:02
5594	Nylon	Tunisia	Trims	water	Water	0.19600000000000000000	NULL	2025-06-24 04:31:02	2025-06-24 04:31:02
5595	Nylon	Tunisia	Weaving	carbon dioxide	Gas	1.09500000000000000000	NULL	2025-06-24 04:31:02	2025-06-24 04:31:02
5596	Nylon	Tunisia	Weaving	energy	Electricity	5.77300000000000000000	NULL	2025-06-24 04:31:02	2025-06-24 04:31:02
5597	Nylon	Tunisia	Weaving	water	Water	2.04100000000000000000	NULL	2025-06-24 04:31:02	2025-06-24 04:31:02
5598	Polyester	Tunisia	Dyeing	carbon dioxide	Gas	3.49700000000000000000	NULL	2025-06-24 04:31:02	2025-06-24 04:31:02
5599	Polyester	Tunisia	Dyeing	energy	Electricity	19.99900000000000000000	NULL	2025-06-24 04:31:02	2025-06-24 04:31:02
5600	Polyester	Tunisia	Dyeing	water	Water	10.15600000000000000000	NULL	2025-06-24 04:31:02	2025-06-24 04:31:02
5601	Polyester	Tunisia	Manufacturing	carbon dioxide	Gas	0.14300000000000000000	NULL	2025-06-24 04:31:02	2025-06-24 04:31:02
5602	Polyester	Tunisia	Manufacturing	energy	Electricity	3.12000000000000000000	NULL	2025-06-24 04:31:02	2025-06-24 04:31:02
5603	Polyester	Tunisia	Manufacturing	water	Water	1.80100000000000000000	NULL	2025-06-24 04:31:02	2025-06-24 04:31:02
5604	Polyester	Tunisia	Raw Material	carbon dioxide	Gas	2.83300000000000000000	NULL	2025-06-24 04:31:02	2025-06-24 04:31:02
5605	Polyester	Tunisia	Raw Material	energy	Electricity	65.14100000000000000000	NULL	2025-06-24 04:31:02	2025-06-24 04:31:02
5606	Polyester	Tunisia	Raw Material	water	Water	21.90600000000000000000	NULL	2025-06-24 04:31:02	2025-06-24 04:31:02
5607	Polyester	Tunisia	Sampling	carbon dioxide	Gas	0.07800000000000000000	NULL	2025-06-24 04:31:02	2025-06-24 04:31:02
5608	Polyester	Tunisia	Sampling	energy	Electricity	0.98500000000000000000	NULL	2025-06-24 04:31:02	2025-06-24 04:31:02
5609	Polyester	Tunisia	Sampling	water	Water	0.20500000000000000000	NULL	2025-06-24 04:31:02	2025-06-24 04:31:02
5610	Polyester	Tunisia	Spinning	carbon dioxide	Gas	0.80000000000000000000	NULL	2025-06-24 04:31:02	2025-06-24 04:31:02
5611	Polyester	Tunisia	Spinning	energy	Electricity	3.84900000000000000000	NULL	2025-06-24 04:31:02	2025-06-24 04:31:02
5612	Polyester	Tunisia	Spinning	water	Water	0.47900000000000000000	NULL	2025-06-24 04:31:02	2025-06-24 04:31:02
5613	Polyester	Tunisia	Trims	carbon dioxide	Gas	0.08100000000000000000	NULL	2025-06-24 04:31:02	2025-06-24 04:31:02
5614	Polyester	Tunisia	Trims	energy	Electricity	1.10900000000000000000	NULL	2025-06-24 04:31:02	2025-06-24 04:31:02
5615	Polyester	Tunisia	Trims	water	Water	0.21500000000000000000	NULL	2025-06-24 04:31:02	2025-06-24 04:31:02
5616	Polyester	Tunisia	Weaving	carbon dioxide	Gas	1.02400000000000000000	NULL	2025-06-24 04:31:02	2025-06-24 04:31:02
5617	Polyester	Tunisia	Weaving	energy	Electricity	5.05000000000000000000	NULL	2025-06-24 04:31:02	2025-06-24 04:31:02
5618	Polyester	Tunisia	Weaving	water	Water	2.16600000000000000000	NULL	2025-06-24 04:31:02	2025-06-24 04:31:02
5619	Silk	Tunisia	Dyeing	carbon dioxide	Gas	2.91600000000000000000	NULL	2025-06-24 04:31:02	2025-06-24 04:31:02
5620	Silk	Tunisia	Dyeing	energy	Electricity	18.32000000000000000000	NULL	2025-06-24 04:31:02	2025-06-24 04:31:02
5621	Silk	Tunisia	Dyeing	water	Water	42.33700000000000000000	NULL	2025-06-24 04:31:02	2025-06-24 04:31:02
5622	Silk	Tunisia	Manufacturing	carbon dioxide	Gas	0.20100000000000000000	NULL	2025-06-24 04:31:02	2025-06-24 04:31:02
5623	Silk	Tunisia	Manufacturing	energy	Electricity	4.26600000000000000000	NULL	2025-06-24 04:31:02	2025-06-24 04:31:02
5624	Silk	Tunisia	Manufacturing	water	Water	4.22000000000000000000	NULL	2025-06-24 04:31:02	2025-06-24 04:31:02
5625	Silk	Tunisia	Raw Material	carbon dioxide	Gas	1.83500000000000000000	NULL	2025-06-24 04:31:02	2025-06-24 04:31:02
5626	Silk	Tunisia	Raw Material	energy	Electricity	28.18000000000000000000	NULL	2025-06-24 04:31:02	2025-06-24 04:31:02
5627	Silk	Tunisia	Raw Material	water	Water	10354.14300000000000000000	NULL	2025-06-24 04:31:02	2025-06-24 04:31:02
5628	Silk	Tunisia	Sampling	carbon dioxide	Gas	0.09000000000000000000	NULL	2025-06-24 04:31:02	2025-06-24 04:31:02
5629	Silk	Tunisia	Sampling	energy	Electricity	1.58200000000000000000	NULL	2025-06-24 04:31:02	2025-06-24 04:31:02
5630	Silk	Tunisia	Sampling	water	Water	0.42500000000000000000	NULL	2025-06-24 04:31:02	2025-06-24 04:31:02
5631	Silk	Tunisia	Spinning	carbon dioxide	Gas	0.62000000000000000000	NULL	2025-06-24 04:31:02	2025-06-24 04:31:02
5632	Silk	Tunisia	Spinning	energy	Electricity	7.19800000000000000000	NULL	2025-06-24 04:31:02	2025-06-24 04:31:02
5633	Silk	Tunisia	Spinning	water	Water	1.46500000000000000000	NULL	2025-06-24 04:31:02	2025-06-24 04:31:02
5634	Silk	Tunisia	Trims	carbon dioxide	Gas	0.10700000000000000000	NULL	2025-06-24 04:31:02	2025-06-24 04:31:02
5635	Silk	Tunisia	Trims	energy	Electricity	1.69900000000000000000	NULL	2025-06-24 04:31:02	2025-06-24 04:31:02
5636	Silk	Tunisia	Trims	water	Water	0.43200000000000000000	NULL	2025-06-24 04:31:02	2025-06-24 04:31:02
5637	Silk	Tunisia	Weaving	carbon dioxide	Gas	0.82600000000000000000	NULL	2025-06-24 04:31:02	2025-06-24 04:31:02
5638	Silk	Tunisia	Weaving	energy	Electricity	7.30400000000000000000	NULL	2025-06-24 04:31:02	2025-06-24 04:31:02
5639	Silk	Tunisia	Weaving	water	Water	3.70500000000000000000	NULL	2025-06-24 04:31:02	2025-06-24 04:31:02
5640	Cotton	Turkey	Dyeing	carbon dioxide	Gas	2.36200000000000000000	NULL	2025-06-24 04:31:02	2025-06-24 04:31:02
5641	Cotton	Turkey	Dyeing	energy	Electricity	16.84100000000000000000	NULL	2025-06-24 04:31:02	2025-06-24 04:31:02
5642	Cotton	Turkey	Dyeing	water	Water	48.30900000000000000000	NULL	2025-06-24 04:31:02	2025-06-24 04:31:02
5643	Cotton	Turkey	Manufacturing	carbon dioxide	Gas	0.21200000000000000000	NULL	2025-06-24 04:31:02	2025-06-24 04:31:02
5644	Cotton	Turkey	Manufacturing	energy	Electricity	3.62400000000000000000	NULL	2025-06-24 04:31:02	2025-06-24 04:31:02
5645	Cotton	Turkey	Manufacturing	water	Water	4.71800000000000000000	NULL	2025-06-24 04:31:02	2025-06-24 04:31:02
5646	Cotton	Turkey	Raw Material	carbon dioxide	Gas	1.79000000000000000000	NULL	2025-06-24 04:31:02	2025-06-24 04:31:02
5647	Cotton	Turkey	Raw Material	energy	Electricity	10.36100000000000000000	NULL	2025-06-24 04:31:02	2025-06-24 04:31:02
5648	Cotton	Turkey	Raw Material	water	Water	9964.27100000000000000000	NULL	2025-06-24 04:31:02	2025-06-24 04:31:02
5649	Cotton	Turkey	Sampling	carbon dioxide	Gas	0.10900000000000000000	NULL	2025-06-24 04:31:02	2025-06-24 04:31:02
5650	Cotton	Turkey	Sampling	energy	Electricity	1.65000000000000000000	NULL	2025-06-24 04:31:02	2025-06-24 04:31:02
5651	Cotton	Turkey	Sampling	water	Water	0.46300000000000000000	NULL	2025-06-24 04:31:02	2025-06-24 04:31:02
5652	Cotton	Turkey	Spinning	carbon dioxide	Gas	0.48000000000000000000	NULL	2025-06-24 04:31:02	2025-06-24 04:31:02
5653	Cotton	Turkey	Spinning	energy	Electricity	6.15500000000000000000	NULL	2025-06-24 04:31:02	2025-06-24 04:31:02
5654	Cotton	Turkey	Spinning	water	Water	1.63500000000000000000	NULL	2025-06-24 04:31:02	2025-06-24 04:31:02
5655	Cotton	Turkey	Trims	carbon dioxide	Gas	0.10800000000000000000	NULL	2025-06-24 04:31:02	2025-06-24 04:31:02
5656	Cotton	Turkey	Trims	energy	Electricity	1.91000000000000000000	NULL	2025-06-24 04:31:02	2025-06-24 04:31:02
5657	Cotton	Turkey	Trims	water	Water	0.50000000000000000000	NULL	2025-06-24 04:31:02	2025-06-24 04:31:02
5658	Cotton	Turkey	Weaving	carbon dioxide	Gas	0.75400000000000000000	NULL	2025-06-24 04:31:02	2025-06-24 04:31:02
5659	Cotton	Turkey	Weaving	energy	Electricity	6.74900000000000000000	NULL	2025-06-24 04:31:02	2025-06-24 04:31:02
5660	Cotton	Turkey	Weaving	water	Water	4.67300000000000000000	NULL	2025-06-24 04:31:02	2025-06-24 04:31:02
5661	Hemp	Turkey	Dyeing	carbon dioxide	Gas	2.09200000000000000000	NULL	2025-06-24 04:31:02	2025-06-24 04:31:02
5662	Hemp	Turkey	Dyeing	energy	Electricity	13.27300000000000000000	NULL	2025-06-24 04:31:02	2025-06-24 04:31:02
5663	Hemp	Turkey	Dyeing	water	Water	31.84700000000000000000	NULL	2025-06-24 04:31:02	2025-06-24 04:31:02
5664	Hemp	Turkey	Manufacturing	carbon dioxide	Gas	0.11000000000000000000	NULL	2025-06-24 04:31:02	2025-06-24 04:31:02
5665	Hemp	Turkey	Manufacturing	energy	Electricity	2.36200000000000000000	NULL	2025-06-24 04:31:02	2025-06-24 04:31:02
5666	Hemp	Turkey	Manufacturing	water	Water	2.61600000000000000000	NULL	2025-06-24 04:31:02	2025-06-24 04:31:02
5667	Hemp	Turkey	Raw Material	carbon dioxide	Gas	0.19400000000000000000	NULL	2025-06-24 04:31:02	2025-06-24 04:31:02
5668	Hemp	Turkey	Raw Material	energy	Electricity	4.78100000000000000000	NULL	2025-06-24 04:31:02	2025-06-24 04:31:02
5669	Hemp	Turkey	Raw Material	water	Water	473.36500000000000000000	NULL	2025-06-24 04:31:02	2025-06-24 04:31:02
5670	Hemp	Turkey	Sampling	carbon dioxide	Gas	0.07000000000000000000	NULL	2025-06-24 04:31:02	2025-06-24 04:31:02
5671	Hemp	Turkey	Sampling	energy	Electricity	0.81700000000000000000	NULL	2025-06-24 04:31:02	2025-06-24 04:31:02
5672	Hemp	Turkey	Sampling	water	Water	0.26000000000000000000	NULL	2025-06-24 04:31:02	2025-06-24 04:31:02
5673	Hemp	Turkey	Spinning	carbon dioxide	Gas	0.36500000000000000000	NULL	2025-06-24 04:31:02	2025-06-24 04:31:02
5674	Hemp	Turkey	Spinning	energy	Electricity	3.15100000000000000000	NULL	2025-06-24 04:31:02	2025-06-24 04:31:02
5675	Hemp	Turkey	Spinning	water	Water	0.79900000000000000000	NULL	2025-06-24 04:31:02	2025-06-24 04:31:02
5676	Hemp	Turkey	Trims	carbon dioxide	Gas	0.07100000000000000000	NULL	2025-06-24 04:31:02	2025-06-24 04:31:02
5677	Hemp	Turkey	Trims	energy	Electricity	0.85800000000000000000	NULL	2025-06-24 04:31:02	2025-06-24 04:31:02
5678	Hemp	Turkey	Trims	water	Water	0.26800000000000000000	NULL	2025-06-24 04:31:02	2025-06-24 04:31:02
5679	Hemp	Turkey	Weaving	carbon dioxide	Gas	0.59900000000000000000	NULL	2025-06-24 04:31:02	2025-06-24 04:31:02
5680	Hemp	Turkey	Weaving	energy	Electricity	4.50200000000000000000	NULL	2025-06-24 04:31:02	2025-06-24 04:31:02
5681	Hemp	Turkey	Weaving	water	Water	2.60800000000000000000	NULL	2025-06-24 04:31:02	2025-06-24 04:31:02
5682	Polyester	Turkey	Dyeing	carbon dioxide	Gas	3.21900000000000000000	NULL	2025-06-24 04:31:02	2025-06-24 04:31:02
5683	Polyester	Turkey	Dyeing	energy	Electricity	22.84100000000000000000	NULL	2025-06-24 04:31:02	2025-06-24 04:31:02
5684	Polyester	Turkey	Dyeing	water	Water	9.46100000000000000000	NULL	2025-06-24 04:31:02	2025-06-24 04:31:02
5685	Polyester	Turkey	Manufacturing	carbon dioxide	Gas	0.15500000000000000000	NULL	2025-06-24 04:31:02	2025-06-24 04:31:02
5686	Polyester	Turkey	Manufacturing	energy	Electricity	2.87900000000000000000	NULL	2025-06-24 04:31:02	2025-06-24 04:31:02
5687	Polyester	Turkey	Manufacturing	water	Water	1.85400000000000000000	NULL	2025-06-24 04:31:02	2025-06-24 04:31:02
5688	Polyester	Turkey	Raw Material	carbon dioxide	Gas	3.04700000000000000000	NULL	2025-06-24 04:31:02	2025-06-24 04:31:02
5689	Polyester	Turkey	Raw Material	energy	Electricity	75.30200000000000000000	NULL	2025-06-24 04:31:02	2025-06-24 04:31:02
5690	Polyester	Turkey	Raw Material	water	Water	19.01100000000000000000	NULL	2025-06-24 04:31:02	2025-06-24 04:31:02
5691	Polyester	Turkey	Sampling	carbon dioxide	Gas	0.08700000000000000000	NULL	2025-06-24 04:31:02	2025-06-24 04:31:02
5692	Polyester	Turkey	Sampling	energy	Electricity	1.02600000000000000000	NULL	2025-06-24 04:31:02	2025-06-24 04:31:02
5693	Polyester	Turkey	Sampling	water	Water	0.19600000000000000000	NULL	2025-06-24 04:31:02	2025-06-24 04:31:02
5694	Polyester	Turkey	Spinning	carbon dioxide	Gas	0.86400000000000000000	NULL	2025-06-24 04:31:02	2025-06-24 04:31:02
5695	Polyester	Turkey	Spinning	energy	Electricity	3.50900000000000000000	NULL	2025-06-24 04:31:02	2025-06-24 04:31:02
5696	Polyester	Turkey	Spinning	water	Water	0.50600000000000000000	NULL	2025-06-24 04:31:02	2025-06-24 04:31:02
5697	Polyester	Turkey	Trims	carbon dioxide	Gas	0.08600000000000000000	NULL	2025-06-24 04:31:02	2025-06-24 04:31:02
5698	Polyester	Turkey	Trims	energy	Electricity	1.13800000000000000000	NULL	2025-06-24 04:31:02	2025-06-24 04:31:02
5699	Polyester	Turkey	Trims	water	Water	0.20400000000000000000	NULL	2025-06-24 04:31:02	2025-06-24 04:31:02
5700	Polyester	Turkey	Weaving	carbon dioxide	Gas	1.03800000000000000000	NULL	2025-06-24 04:31:02	2025-06-24 04:31:02
5701	Polyester	Turkey	Weaving	energy	Electricity	4.95100000000000000000	NULL	2025-06-24 04:31:02	2025-06-24 04:31:02
5702	Polyester	Turkey	Weaving	water	Water	1.96600000000000000000	NULL	2025-06-24 04:31:02	2025-06-24 04:31:02
5703	Silk	Turkey	Dyeing	carbon dioxide	Gas	2.80300000000000000000	NULL	2025-06-24 04:31:02	2025-06-24 04:31:02
5704	Silk	Turkey	Dyeing	energy	Electricity	17.87600000000000000000	NULL	2025-06-24 04:31:02	2025-06-24 04:31:02
5705	Silk	Turkey	Dyeing	water	Water	41.52700000000000000000	NULL	2025-06-24 04:31:02	2025-06-24 04:31:02
5706	Silk	Turkey	Manufacturing	carbon dioxide	Gas	0.21500000000000000000	NULL	2025-06-24 04:31:02	2025-06-24 04:31:02
5707	Silk	Turkey	Manufacturing	energy	Electricity	4.27600000000000000000	NULL	2025-06-24 04:31:02	2025-06-24 04:31:02
5708	Silk	Turkey	Manufacturing	water	Water	3.70600000000000000000	NULL	2025-06-24 04:31:02	2025-06-24 04:31:02
5709	Silk	Turkey	Raw Material	carbon dioxide	Gas	1.76000000000000000000	NULL	2025-06-24 04:31:02	2025-06-24 04:31:02
5710	Silk	Turkey	Raw Material	energy	Electricity	32.49700000000000000000	NULL	2025-06-24 04:31:02	2025-06-24 04:31:02
5711	Silk	Turkey	Raw Material	water	Water	9930.63900000000000000000	NULL	2025-06-24 04:31:02	2025-06-24 04:31:02
5712	Silk	Turkey	Sampling	carbon dioxide	Gas	0.09700000000000000000	NULL	2025-06-24 04:31:02	2025-06-24 04:31:02
5713	Silk	Turkey	Sampling	energy	Electricity	1.51500000000000000000	NULL	2025-06-24 04:31:02	2025-06-24 04:31:02
5714	Silk	Turkey	Sampling	water	Water	0.36200000000000000000	NULL	2025-06-24 04:31:02	2025-06-24 04:31:02
5715	Silk	Turkey	Spinning	carbon dioxide	Gas	0.54200000000000000000	NULL	2025-06-24 04:31:02	2025-06-24 04:31:02
5716	Silk	Turkey	Spinning	energy	Electricity	6.99400000000000000000	NULL	2025-06-24 04:31:02	2025-06-24 04:31:02
5717	Silk	Turkey	Spinning	water	Water	1.35000000000000000000	NULL	2025-06-24 04:31:02	2025-06-24 04:31:02
5718	Silk	Turkey	Trims	carbon dioxide	Gas	0.10800000000000000000	NULL	2025-06-24 04:31:02	2025-06-24 04:31:02
5719	Silk	Turkey	Trims	energy	Electricity	1.75200000000000000000	NULL	2025-06-24 04:31:02	2025-06-24 04:31:02
5720	Silk	Turkey	Trims	water	Water	0.42400000000000000000	NULL	2025-06-24 04:31:02	2025-06-24 04:31:02
5721	Silk	Turkey	Weaving	carbon dioxide	Gas	0.86200000000000000000	NULL	2025-06-24 04:31:02	2025-06-24 04:31:02
5722	Silk	Turkey	Weaving	energy	Electricity	7.57100000000000000000	NULL	2025-06-24 04:31:02	2025-06-24 04:31:02
5723	Silk	Turkey	Weaving	water	Water	4.08600000000000000000	NULL	2025-06-24 04:31:02	2025-06-24 04:31:02
5724	Viscose	Turkey	Dyeing	carbon dioxide	Gas	2.70400000000000000000	NULL	2025-06-24 04:31:02	2025-06-24 04:31:02
5725	Viscose	Turkey	Dyeing	energy	Electricity	15.77200000000000000000	NULL	2025-06-24 04:31:02	2025-06-24 04:31:02
5726	Viscose	Turkey	Dyeing	water	Water	37.96300000000000000000	NULL	2025-06-24 04:31:02	2025-06-24 04:31:02
5727	Viscose	Turkey	Manufacturing	carbon dioxide	Gas	0.15800000000000000000	NULL	2025-06-24 04:31:02	2025-06-24 04:31:02
5728	Viscose	Turkey	Manufacturing	energy	Electricity	3.14800000000000000000	NULL	2025-06-24 04:31:02	2025-06-24 04:31:02
5729	Viscose	Turkey	Manufacturing	water	Water	3.21000000000000000000	NULL	2025-06-24 04:31:02	2025-06-24 04:31:02
5730	Viscose	Turkey	Raw Material	carbon dioxide	Gas	2.11400000000000000000	NULL	2025-06-24 04:31:02	2025-06-24 04:31:02
5731	Viscose	Turkey	Raw Material	energy	Electricity	39.76300000000000000000	NULL	2025-06-24 04:31:02	2025-06-24 04:31:02
5732	Viscose	Turkey	Raw Material	water	Water	109.53100000000000000000	NULL	2025-06-24 04:31:02	2025-06-24 04:31:02
5733	Viscose	Turkey	Sampling	carbon dioxide	Gas	0.08100000000000000000	NULL	2025-06-24 04:31:02	2025-06-24 04:31:02
5734	Viscose	Turkey	Sampling	energy	Electricity	1.24900000000000000000	NULL	2025-06-24 04:31:02	2025-06-24 04:31:02
5735	Viscose	Turkey	Sampling	water	Water	0.29100000000000000000	NULL	2025-06-24 04:31:02	2025-06-24 04:31:02
5736	Viscose	Turkey	Spinning	carbon dioxide	Gas	0.74600000000000000000	NULL	2025-06-24 04:31:02	2025-06-24 04:31:02
5737	Viscose	Turkey	Spinning	energy	Electricity	3.81300000000000000000	NULL	2025-06-24 04:31:02	2025-06-24 04:31:02
5738	Viscose	Turkey	Spinning	water	Water	1.06800000000000000000	NULL	2025-06-24 04:31:02	2025-06-24 04:31:02
5739	Viscose	Turkey	Trims	carbon dioxide	Gas	0.07400000000000000000	NULL	2025-06-24 04:31:02	2025-06-24 04:31:02
5740	Viscose	Turkey	Trims	energy	Electricity	1.14500000000000000000	NULL	2025-06-24 04:31:02	2025-06-24 04:31:02
5741	Viscose	Turkey	Trims	water	Water	0.30800000000000000000	NULL	2025-06-24 04:31:02	2025-06-24 04:31:02
5742	Viscose	Turkey	Weaving	carbon dioxide	Gas	0.94200000000000000000	NULL	2025-06-24 04:31:02	2025-06-24 04:31:02
5743	Viscose	Turkey	Weaving	energy	Electricity	4.92700000000000000000	NULL	2025-06-24 04:31:02	2025-06-24 04:31:02
5744	Viscose	Turkey	Weaving	water	Water	2.95700000000000000000	NULL	2025-06-24 04:31:02	2025-06-24 04:31:02
5745	Wool	Turkey	Dyeing	carbon dioxide	Gas	2.98600000000000000000	NULL	2025-06-24 04:31:02	2025-06-24 04:31:02
5746	Wool	Turkey	Dyeing	energy	Electricity	16.22400000000000000000	NULL	2025-06-24 04:31:02	2025-06-24 04:31:02
5747	Wool	Turkey	Dyeing	water	Water	37.57100000000000000000	NULL	2025-06-24 04:31:02	2025-06-24 04:31:02
5748	Wool	Turkey	Manufacturing	carbon dioxide	Gas	0.16300000000000000000	NULL	2025-06-24 04:31:02	2025-06-24 04:31:02
5749	Wool	Turkey	Manufacturing	energy	Electricity	3.02200000000000000000	NULL	2025-06-24 04:31:02	2025-06-24 04:31:02
5750	Wool	Turkey	Manufacturing	water	Water	2.92800000000000000000	NULL	2025-06-24 04:31:02	2025-06-24 04:31:02
5751	Wool	Turkey	Raw Material	carbon dioxide	Gas	8.34200000000000000000	NULL	2025-06-24 04:31:02	2025-06-24 04:31:02
5752	Wool	Turkey	Raw Material	energy	Electricity	20.88100000000000000000	NULL	2025-06-24 04:31:02	2025-06-24 04:31:02
5753	Wool	Turkey	Raw Material	water	Water	741.60200000000000000000	NULL	2025-06-24 04:31:02	2025-06-24 04:31:02
5754	Wool	Turkey	Sampling	carbon dioxide	Gas	0.09800000000000000000	NULL	2025-06-24 04:31:02	2025-06-24 04:31:02
5755	Wool	Turkey	Sampling	energy	Electricity	1.56500000000000000000	NULL	2025-06-24 04:31:02	2025-06-24 04:31:02
5756	Wool	Turkey	Sampling	water	Water	0.31000000000000000000	NULL	2025-06-24 04:31:02	2025-06-24 04:31:02
5757	Wool	Turkey	Spinning	carbon dioxide	Gas	0.67500000000000000000	NULL	2025-06-24 04:31:02	2025-06-24 04:31:02
5758	Wool	Turkey	Spinning	energy	Electricity	5.12600000000000000000	NULL	2025-06-24 04:31:02	2025-06-24 04:31:02
5759	Wool	Turkey	Spinning	water	Water	1.05900000000000000000	NULL	2025-06-24 04:31:02	2025-06-24 04:31:02
5760	Wool	Turkey	Trims	carbon dioxide	Gas	0.09700000000000000000	NULL	2025-06-24 04:31:02	2025-06-24 04:31:02
5761	Wool	Turkey	Trims	energy	Electricity	1.56200000000000000000	NULL	2025-06-24 04:31:02	2025-06-24 04:31:02
5762	Wool	Turkey	Trims	water	Water	0.28800000000000000000	NULL	2025-06-24 04:31:02	2025-06-24 04:31:02
5763	Wool	Turkey	Weaving	carbon dioxide	Gas	0.82400000000000000000	NULL	2025-06-24 04:31:02	2025-06-24 04:31:02
5764	Wool	Turkey	Weaving	energy	Electricity	6.32000000000000000000	NULL	2025-06-24 04:31:02	2025-06-24 04:31:02
5765	Wool	Turkey	Weaving	water	Water	2.75400000000000000000	NULL	2025-06-24 04:31:02	2025-06-24 04:31:02
5766	Cotton	UK	Dyeing	carbon dioxide	Gas	2.10400000000000000000	NULL	2025-06-24 04:31:02	2025-06-24 04:31:02
5767	Cotton	UK	Dyeing	energy	Electricity	16.53800000000000000000	NULL	2025-06-24 04:31:02	2025-06-24 04:31:02
5768	Cotton	UK	Dyeing	water	Water	48.53400000000000000000	NULL	2025-06-24 04:31:02	2025-06-24 04:31:02
5769	Cotton	UK	Manufacturing	carbon dioxide	Gas	0.16600000000000000000	NULL	2025-06-24 04:31:02	2025-06-24 04:31:02
5770	Cotton	UK	Manufacturing	energy	Electricity	3.43200000000000000000	NULL	2025-06-24 04:31:02	2025-06-24 04:31:02
5771	Cotton	UK	Manufacturing	water	Water	4.85400000000000000000	NULL	2025-06-24 04:31:02	2025-06-24 04:31:02
5772	Cotton	UK	Raw Material	carbon dioxide	Gas	1.40900000000000000000	NULL	2025-06-24 04:31:02	2025-06-24 04:31:02
5773	Cotton	UK	Raw Material	energy	Electricity	10.49400000000000000000	NULL	2025-06-24 04:31:02	2025-06-24 04:31:02
5774	Cotton	UK	Raw Material	water	Water	10343.86600000000000000000	NULL	2025-06-24 04:31:02	2025-06-24 04:31:02
5775	Cotton	UK	Sampling	carbon dioxide	Gas	0.08100000000000000000	NULL	2025-06-24 04:31:02	2025-06-24 04:31:02
5776	Cotton	UK	Sampling	energy	Electricity	1.84100000000000000000	NULL	2025-06-24 04:31:02	2025-06-24 04:31:02
5777	Cotton	UK	Sampling	water	Water	0.52600000000000000000	NULL	2025-06-24 04:31:02	2025-06-24 04:31:02
5778	Cotton	UK	Spinning	carbon dioxide	Gas	0.37700000000000000000	NULL	2025-06-24 04:31:02	2025-06-24 04:31:02
5779	Cotton	UK	Spinning	energy	Electricity	6.82100000000000000000	NULL	2025-06-24 04:31:02	2025-06-24 04:31:02
5780	Cotton	UK	Spinning	water	Water	1.85800000000000000000	NULL	2025-06-24 04:31:02	2025-06-24 04:31:02
5781	Cotton	UK	Trims	carbon dioxide	Gas	0.08600000000000000000	NULL	2025-06-24 04:31:02	2025-06-24 04:31:02
5782	Cotton	UK	Trims	energy	Electricity	1.72700000000000000000	NULL	2025-06-24 04:31:02	2025-06-24 04:31:02
5783	Cotton	UK	Trims	water	Water	0.52000000000000000000	NULL	2025-06-24 04:31:02	2025-06-24 04:31:02
5784	Cotton	UK	Weaving	carbon dioxide	Gas	0.67100000000000000000	NULL	2025-06-24 04:31:02	2025-06-24 04:31:02
5785	Cotton	UK	Weaving	energy	Electricity	7.01200000000000000000	NULL	2025-06-24 04:31:02	2025-06-24 04:31:02
5786	Cotton	UK	Weaving	water	Water	4.95500000000000000000	NULL	2025-06-24 04:31:02	2025-06-24 04:31:02
5787	Hemp	UK	Dyeing	carbon dioxide	Gas	1.71600000000000000000	NULL	2025-06-24 04:31:02	2025-06-24 04:31:02
5788	Hemp	UK	Dyeing	energy	Electricity	13.20600000000000000000	NULL	2025-06-24 04:31:02	2025-06-24 04:31:02
5789	Hemp	UK	Dyeing	water	Water	32.98900000000000000000	NULL	2025-06-24 04:31:02	2025-06-24 04:31:02
5790	Hemp	UK	Manufacturing	carbon dioxide	Gas	0.09000000000000000000	NULL	2025-06-24 04:31:02	2025-06-24 04:31:02
5791	Hemp	UK	Manufacturing	energy	Electricity	2.67200000000000000000	NULL	2025-06-24 04:31:02	2025-06-24 04:31:02
5792	Hemp	UK	Manufacturing	water	Water	2.71000000000000000000	NULL	2025-06-24 04:31:02	2025-06-24 04:31:02
5793	Hemp	UK	Raw Material	carbon dioxide	Gas	0.16800000000000000000	NULL	2025-06-24 04:31:02	2025-06-24 04:31:02
5794	Hemp	UK	Raw Material	energy	Electricity	5.49500000000000000000	NULL	2025-06-24 04:31:02	2025-06-24 04:31:02
5795	Hemp	UK	Raw Material	water	Water	502.53600000000000000000	NULL	2025-06-24 04:31:02	2025-06-24 04:31:02
5796	Hemp	UK	Sampling	carbon dioxide	Gas	0.05400000000000000000	NULL	2025-06-24 04:31:02	2025-06-24 04:31:02
5797	Hemp	UK	Sampling	energy	Electricity	0.85000000000000000000	NULL	2025-06-24 04:31:02	2025-06-24 04:31:02
5798	Hemp	UK	Sampling	water	Water	0.24800000000000000000	NULL	2025-06-24 04:31:02	2025-06-24 04:31:02
5799	Hemp	UK	Spinning	carbon dioxide	Gas	0.32700000000000000000	NULL	2025-06-24 04:31:02	2025-06-24 04:31:02
5800	Hemp	UK	Spinning	energy	Electricity	2.67500000000000000000	NULL	2025-06-24 04:31:02	2025-06-24 04:31:02
5801	Hemp	UK	Spinning	water	Water	0.86200000000000000000	NULL	2025-06-24 04:31:02	2025-06-24 04:31:02
5802	Hemp	UK	Trims	carbon dioxide	Gas	0.05400000000000000000	NULL	2025-06-24 04:31:02	2025-06-24 04:31:02
5803	Hemp	UK	Trims	energy	Electricity	0.98700000000000000000	NULL	2025-06-24 04:31:02	2025-06-24 04:31:02
5804	Hemp	UK	Trims	water	Water	0.26800000000000000000	NULL	2025-06-24 04:31:02	2025-06-24 04:31:02
5805	Hemp	UK	Weaving	carbon dioxide	Gas	0.47900000000000000000	NULL	2025-06-24 04:31:02	2025-06-24 04:31:02
5806	Hemp	UK	Weaving	energy	Electricity	4.46000000000000000000	NULL	2025-06-24 04:31:02	2025-06-24 04:31:02
5807	Hemp	UK	Weaving	water	Water	2.64600000000000000000	NULL	2025-06-24 04:31:02	2025-06-24 04:31:02
5808	Polyester	UK	Dyeing	carbon dioxide	Gas	2.57000000000000000000	NULL	2025-06-24 04:31:02	2025-06-24 04:31:02
5809	Polyester	UK	Dyeing	energy	Electricity	23.30700000000000000000	NULL	2025-06-24 04:31:02	2025-06-24 04:31:02
5810	Polyester	UK	Dyeing	water	Water	10.34400000000000000000	NULL	2025-06-24 04:31:02	2025-06-24 04:31:02
5811	Polyester	UK	Manufacturing	carbon dioxide	Gas	0.10900000000000000000	NULL	2025-06-24 04:31:02	2025-06-24 04:31:02
5812	Polyester	UK	Manufacturing	energy	Electricity	2.96700000000000000000	NULL	2025-06-24 04:31:02	2025-06-24 04:31:02
5813	Polyester	UK	Manufacturing	water	Water	1.94900000000000000000	NULL	2025-06-24 04:31:02	2025-06-24 04:31:02
5814	Polyester	UK	Raw Material	carbon dioxide	Gas	2.25600000000000000000	NULL	2025-06-24 04:31:02	2025-06-24 04:31:02
5815	Polyester	UK	Raw Material	energy	Electricity	63.94800000000000000000	NULL	2025-06-24 04:31:02	2025-06-24 04:31:02
5816	Polyester	UK	Raw Material	water	Water	19.57500000000000000000	NULL	2025-06-24 04:31:02	2025-06-24 04:31:02
5817	Polyester	UK	Sampling	carbon dioxide	Gas	0.07000000000000000000	NULL	2025-06-24 04:31:02	2025-06-24 04:31:02
5818	Polyester	UK	Sampling	energy	Electricity	1.17100000000000000000	NULL	2025-06-24 04:31:02	2025-06-24 04:31:02
5819	Polyester	UK	Sampling	water	Water	0.21700000000000000000	NULL	2025-06-24 04:31:02	2025-06-24 04:31:02
5820	Polyester	UK	Spinning	carbon dioxide	Gas	0.61300000000000000000	NULL	2025-06-24 04:31:02	2025-06-24 04:31:02
5821	Polyester	UK	Spinning	energy	Electricity	3.47700000000000000000	NULL	2025-06-24 04:31:02	2025-06-24 04:31:02
5822	Polyester	UK	Spinning	water	Water	0.47200000000000000000	NULL	2025-06-24 04:31:02	2025-06-24 04:31:02
5823	Polyester	UK	Trims	carbon dioxide	Gas	0.05900000000000000000	NULL	2025-06-24 04:31:02	2025-06-24 04:31:02
5824	Polyester	UK	Trims	energy	Electricity	1.05000000000000000000	NULL	2025-06-24 04:31:02	2025-06-24 04:31:02
5825	Polyester	UK	Trims	water	Water	0.18400000000000000000	NULL	2025-06-24 04:31:02	2025-06-24 04:31:02
5826	Polyester	UK	Weaving	carbon dioxide	Gas	0.87100000000000000000	NULL	2025-06-24 04:31:02	2025-06-24 04:31:02
5827	Polyester	UK	Weaving	energy	Electricity	5.13000000000000000000	NULL	2025-06-24 04:31:02	2025-06-24 04:31:02
5828	Polyester	UK	Weaving	water	Water	2.13500000000000000000	NULL	2025-06-24 04:31:02	2025-06-24 04:31:02
5829	Silk	UK	Dyeing	carbon dioxide	Gas	2.34200000000000000000	NULL	2025-06-24 04:31:02	2025-06-24 04:31:02
5830	Silk	UK	Dyeing	energy	Electricity	21.21100000000000000000	NULL	2025-06-24 04:31:02	2025-06-24 04:31:02
5831	Silk	UK	Dyeing	water	Water	42.70200000000000000000	NULL	2025-06-24 04:31:02	2025-06-24 04:31:02
5832	Silk	UK	Manufacturing	carbon dioxide	Gas	0.17400000000000000000	NULL	2025-06-24 04:31:02	2025-06-24 04:31:02
5833	Silk	UK	Manufacturing	energy	Electricity	3.80200000000000000000	NULL	2025-06-24 04:31:02	2025-06-24 04:31:02
5834	Silk	UK	Manufacturing	water	Water	4.31100000000000000000	NULL	2025-06-24 04:31:02	2025-06-24 04:31:02
5835	Silk	UK	Raw Material	carbon dioxide	Gas	1.39300000000000000000	NULL	2025-06-24 04:31:02	2025-06-24 04:31:02
5836	Silk	UK	Raw Material	energy	Electricity	27.39500000000000000000	NULL	2025-06-24 04:31:02	2025-06-24 04:31:02
5837	Silk	UK	Raw Material	water	Water	9191.05500000000000000000	NULL	2025-06-24 04:31:02	2025-06-24 04:31:02
5838	Silk	UK	Sampling	carbon dioxide	Gas	0.08000000000000000000	NULL	2025-06-24 04:31:02	2025-06-24 04:31:02
5839	Silk	UK	Sampling	energy	Electricity	1.65500000000000000000	NULL	2025-06-24 04:31:02	2025-06-24 04:31:02
5840	Silk	UK	Sampling	water	Water	0.37500000000000000000	NULL	2025-06-24 04:31:02	2025-06-24 04:31:02
5841	Silk	UK	Spinning	carbon dioxide	Gas	0.48500000000000000000	NULL	2025-06-24 04:31:02	2025-06-24 04:31:02
5842	Silk	UK	Spinning	energy	Electricity	6.88800000000000000000	NULL	2025-06-24 04:31:02	2025-06-24 04:31:02
5843	Silk	UK	Spinning	water	Water	1.36300000000000000000	NULL	2025-06-24 04:31:02	2025-06-24 04:31:02
5844	Silk	UK	Trims	carbon dioxide	Gas	0.08700000000000000000	NULL	2025-06-24 04:31:02	2025-06-24 04:31:02
5845	Silk	UK	Trims	energy	Electricity	1.54100000000000000000	NULL	2025-06-24 04:31:02	2025-06-24 04:31:02
5846	Silk	UK	Trims	water	Water	0.36900000000000000000	NULL	2025-06-24 04:31:02	2025-06-24 04:31:02
5847	Silk	UK	Weaving	carbon dioxide	Gas	0.73400000000000000000	NULL	2025-06-24 04:31:02	2025-06-24 04:31:02
5848	Silk	UK	Weaving	energy	Electricity	8.68700000000000000000	NULL	2025-06-24 04:31:02	2025-06-24 04:31:02
5849	Silk	UK	Weaving	water	Water	3.79700000000000000000	NULL	2025-06-24 04:31:02	2025-06-24 04:31:02
5850	Wool	UK	Dyeing	carbon dioxide	Gas	2.43100000000000000000	NULL	2025-06-24 04:31:02	2025-06-24 04:31:02
5851	Wool	UK	Dyeing	energy	Electricity	17.38700000000000000000	NULL	2025-06-24 04:31:02	2025-06-24 04:31:02
5852	Wool	UK	Dyeing	water	Water	37.72800000000000000000	NULL	2025-06-24 04:31:02	2025-06-24 04:31:02
5853	Wool	UK	Manufacturing	carbon dioxide	Gas	0.15600000000000000000	NULL	2025-06-24 04:31:02	2025-06-24 04:31:02
5854	Wool	UK	Manufacturing	energy	Electricity	3.22200000000000000000	NULL	2025-06-24 04:31:02	2025-06-24 04:31:02
5855	Wool	UK	Manufacturing	water	Water	3.00500000000000000000	NULL	2025-06-24 04:31:02	2025-06-24 04:31:02
5856	Wool	UK	Raw Material	carbon dioxide	Gas	6.51100000000000000000	NULL	2025-06-24 04:31:02	2025-06-24 04:31:02
5857	Wool	UK	Raw Material	energy	Electricity	21.93600000000000000000	NULL	2025-06-24 04:31:02	2025-06-24 04:31:02
5858	Wool	UK	Raw Material	water	Water	721.21700000000000000000	NULL	2025-06-24 04:31:02	2025-06-24 04:31:02
5859	Wool	UK	Sampling	carbon dioxide	Gas	0.07400000000000000000	NULL	2025-06-24 04:31:02	2025-06-24 04:31:02
5860	Wool	UK	Sampling	energy	Electricity	1.32700000000000000000	NULL	2025-06-24 04:31:02	2025-06-24 04:31:02
5861	Wool	UK	Sampling	water	Water	0.30300000000000000000	NULL	2025-06-24 04:31:02	2025-06-24 04:31:02
5862	Wool	UK	Spinning	carbon dioxide	Gas	0.59600000000000000000	NULL	2025-06-24 04:31:02	2025-06-24 04:31:02
5863	Wool	UK	Spinning	energy	Electricity	5.78900000000000000000	NULL	2025-06-24 04:31:02	2025-06-24 04:31:02
5864	Wool	UK	Spinning	water	Water	0.96600000000000000000	NULL	2025-06-24 04:31:02	2025-06-24 04:31:02
5865	Wool	UK	Trims	carbon dioxide	Gas	0.07800000000000000000	NULL	2025-06-24 04:31:02	2025-06-24 04:31:02
5866	Wool	UK	Trims	energy	Electricity	1.30100000000000000000	NULL	2025-06-24 04:31:02	2025-06-24 04:31:02
5867	Wool	UK	Trims	water	Water	0.29700000000000000000	NULL	2025-06-24 04:31:02	2025-06-24 04:31:02
5868	Wool	UK	Weaving	carbon dioxide	Gas	0.71800000000000000000	NULL	2025-06-24 04:31:02	2025-06-24 04:31:02
5869	Wool	UK	Weaving	energy	Electricity	6.84600000000000000000	NULL	2025-06-24 04:31:02	2025-06-24 04:31:02
5870	Wool	UK	Weaving	water	Water	2.75900000000000000000	NULL	2025-06-24 04:31:02	2025-06-24 04:31:02
5871	Cotton	United States	Dyeing	carbon dioxide	Gas	2.17800000000000000000	NULL	2025-06-24 04:31:02	2025-06-24 04:31:02
5872	Cotton	United States	Dyeing	energy	Electricity	15.43200000000000000000	NULL	2025-06-24 04:31:02	2025-06-24 04:31:02
5873	Cotton	United States	Dyeing	water	Water	53.57900000000000000000	NULL	2025-06-24 04:31:02	2025-06-24 04:31:02
5874	Cotton	United States	Manufacturing	carbon dioxide	Gas	0.19000000000000000000	NULL	2025-06-24 04:31:02	2025-06-24 04:31:02
5875	Cotton	United States	Manufacturing	energy	Electricity	3.64300000000000000000	NULL	2025-06-24 04:31:02	2025-06-24 04:31:02
5876	Cotton	United States	Manufacturing	water	Water	5.46000000000000000000	NULL	2025-06-24 04:31:02	2025-06-24 04:31:02
5877	Cotton	United States	Raw Material	carbon dioxide	Gas	1.45900000000000000000	NULL	2025-06-24 04:31:02	2025-06-24 04:31:02
5878	Cotton	United States	Raw Material	energy	Electricity	9.37300000000000000000	NULL	2025-06-24 04:31:02	2025-06-24 04:31:02
5879	Cotton	United States	Raw Material	water	Water	10270.65600000000000000000	NULL	2025-06-24 04:31:02	2025-06-24 04:31:02
5880	Cotton	United States	Sampling	carbon dioxide	Gas	0.08600000000000000000	NULL	2025-06-24 04:31:02	2025-06-24 04:31:02
5881	Cotton	United States	Sampling	energy	Electricity	1.82000000000000000000	NULL	2025-06-24 04:31:02	2025-06-24 04:31:02
5882	Cotton	United States	Sampling	water	Water	0.45300000000000000000	NULL	2025-06-24 04:31:02	2025-06-24 04:31:02
5883	Cotton	United States	Spinning	carbon dioxide	Gas	0.41400000000000000000	NULL	2025-06-24 04:31:02	2025-06-24 04:31:02
5884	Cotton	United States	Spinning	energy	Electricity	6.87200000000000000000	NULL	2025-06-24 04:31:02	2025-06-24 04:31:02
5885	Cotton	United States	Spinning	water	Water	1.54600000000000000000	NULL	2025-06-24 04:31:02	2025-06-24 04:31:02
5886	Cotton	United States	Trims	carbon dioxide	Gas	0.08900000000000000000	NULL	2025-06-24 04:31:02	2025-06-24 04:31:02
5887	Cotton	United States	Trims	energy	Electricity	1.97400000000000000000	NULL	2025-06-24 04:31:02	2025-06-24 04:31:02
5888	Cotton	United States	Trims	water	Water	0.45200000000000000000	NULL	2025-06-24 04:31:02	2025-06-24 04:31:02
5889	Cotton	United States	Weaving	carbon dioxide	Gas	0.78200000000000000000	NULL	2025-06-24 04:31:02	2025-06-24 04:31:02
5890	Cotton	United States	Weaving	energy	Electricity	7.12800000000000000000	NULL	2025-06-24 04:31:02	2025-06-24 04:31:02
5891	Cotton	United States	Weaving	water	Water	4.65500000000000000000	NULL	2025-06-24 04:31:02	2025-06-24 04:31:02
5892	Hemp	United States	Dyeing	carbon dioxide	Gas	1.89000000000000000000	NULL	2025-06-24 04:31:02	2025-06-24 04:31:02
5893	Hemp	United States	Dyeing	energy	Electricity	13.32900000000000000000	NULL	2025-06-24 04:31:02	2025-06-24 04:31:02
5894	Hemp	United States	Dyeing	water	Water	29.76600000000000000000	NULL	2025-06-24 04:31:02	2025-06-24 04:31:02
5895	Hemp	United States	Manufacturing	carbon dioxide	Gas	0.09900000000000000000	NULL	2025-06-24 04:31:02	2025-06-24 04:31:02
5896	Hemp	United States	Manufacturing	energy	Electricity	2.34800000000000000000	NULL	2025-06-24 04:31:02	2025-06-24 04:31:02
5897	Hemp	United States	Manufacturing	water	Water	2.57400000000000000000	NULL	2025-06-24 04:31:02	2025-06-24 04:31:02
5898	Hemp	United States	Raw Material	carbon dioxide	Gas	0.17200000000000000000	NULL	2025-06-24 04:31:02	2025-06-24 04:31:02
5899	Hemp	United States	Raw Material	energy	Electricity	5.18500000000000000000	NULL	2025-06-24 04:31:02	2025-06-24 04:31:02
5900	Hemp	United States	Raw Material	water	Water	518.16000000000000000000	NULL	2025-06-24 04:31:02	2025-06-24 04:31:02
5901	Hemp	United States	Sampling	carbon dioxide	Gas	0.06400000000000000000	NULL	2025-06-24 04:31:02	2025-06-24 04:31:02
5902	Hemp	United States	Sampling	energy	Electricity	0.94800000000000000000	NULL	2025-06-24 04:31:02	2025-06-24 04:31:02
5903	Hemp	United States	Sampling	water	Water	0.26600000000000000000	NULL	2025-06-24 04:31:02	2025-06-24 04:31:02
5904	Hemp	United States	Spinning	carbon dioxide	Gas	0.32700000000000000000	NULL	2025-06-24 04:31:02	2025-06-24 04:31:02
5905	Hemp	United States	Spinning	energy	Electricity	3.03400000000000000000	NULL	2025-06-24 04:31:02	2025-06-24 04:31:02
5906	Hemp	United States	Spinning	water	Water	0.74200000000000000000	NULL	2025-06-24 04:31:02	2025-06-24 04:31:02
5907	Hemp	United States	Trims	carbon dioxide	Gas	0.05900000000000000000	NULL	2025-06-24 04:31:02	2025-06-24 04:31:02
5908	Hemp	United States	Trims	energy	Electricity	0.81900000000000000000	NULL	2025-06-24 04:31:02	2025-06-24 04:31:02
5909	Hemp	United States	Trims	water	Water	0.27100000000000000000	NULL	2025-06-24 04:31:02	2025-06-24 04:31:02
5910	Hemp	United States	Weaving	carbon dioxide	Gas	0.48900000000000000000	NULL	2025-06-24 04:31:02	2025-06-24 04:31:02
5911	Hemp	United States	Weaving	energy	Electricity	4.39500000000000000000	NULL	2025-06-24 04:31:02	2025-06-24 04:31:02
5912	Hemp	United States	Weaving	water	Water	2.66600000000000000000	NULL	2025-06-24 04:31:02	2025-06-24 04:31:02
5913	Nylon	United States	Dyeing	carbon dioxide	Gas	2.69000000000000000000	NULL	2025-06-24 04:31:02	2025-06-24 04:31:02
5914	Nylon	United States	Dyeing	energy	Electricity	18.99700000000000000000	NULL	2025-06-24 04:31:02	2025-06-24 04:31:02
5915	Nylon	United States	Dyeing	water	Water	16.40700000000000000000	NULL	2025-06-24 04:31:02	2025-06-24 04:31:02
5916	Nylon	United States	Manufacturing	carbon dioxide	Gas	0.17600000000000000000	NULL	2025-06-24 04:31:02	2025-06-24 04:31:02
5917	Nylon	United States	Manufacturing	energy	Electricity	3.40700000000000000000	NULL	2025-06-24 04:31:02	2025-06-24 04:31:02
5918	Nylon	United States	Manufacturing	water	Water	2.07000000000000000000	NULL	2025-06-24 04:31:02	2025-06-24 04:31:02
5919	Nylon	United States	Raw Material	carbon dioxide	Gas	4.77400000000000000000	NULL	2025-06-24 04:31:02	2025-06-24 04:31:02
5920	Nylon	United States	Raw Material	energy	Electricity	58.53800000000000000000	NULL	2025-06-24 04:31:02	2025-06-24 04:31:02
5921	Nylon	United States	Raw Material	water	Water	20.92200000000000000000	NULL	2025-06-24 04:31:02	2025-06-24 04:31:02
5922	Nylon	United States	Sampling	carbon dioxide	Gas	0.08300000000000000000	NULL	2025-06-24 04:31:02	2025-06-24 04:31:02
5923	Nylon	United States	Sampling	energy	Electricity	1.14200000000000000000	NULL	2025-06-24 04:31:02	2025-06-24 04:31:02
5924	Nylon	United States	Sampling	water	Water	0.21400000000000000000	NULL	2025-06-24 04:31:02	2025-06-24 04:31:02
5925	Nylon	United States	Spinning	carbon dioxide	Gas	0.73900000000000000000	NULL	2025-06-24 04:31:02	2025-06-24 04:31:02
5926	Nylon	United States	Spinning	energy	Electricity	4.49600000000000000000	NULL	2025-06-24 04:31:02	2025-06-24 04:31:02
5927	Nylon	United States	Spinning	water	Water	0.51600000000000000000	NULL	2025-06-24 04:31:02	2025-06-24 04:31:02
5928	Nylon	United States	Trims	carbon dioxide	Gas	0.08900000000000000000	NULL	2025-06-24 04:31:02	2025-06-24 04:31:02
5929	Nylon	United States	Trims	energy	Electricity	1.07700000000000000000	NULL	2025-06-24 04:31:02	2025-06-24 04:31:02
5930	Nylon	United States	Trims	water	Water	0.20100000000000000000	NULL	2025-06-24 04:31:02	2025-06-24 04:31:02
5931	Nylon	United States	Weaving	carbon dioxide	Gas	1.00300000000000000000	NULL	2025-06-24 04:31:02	2025-06-24 04:31:02
5932	Nylon	United States	Weaving	energy	Electricity	5.33900000000000000000	NULL	2025-06-24 04:31:02	2025-06-24 04:31:02
5933	Nylon	United States	Weaving	water	Water	1.99700000000000000000	NULL	2025-06-24 04:31:02	2025-06-24 04:31:02
5934	Polyester	United States	Dyeing	carbon dioxide	Gas	3.30400000000000000000	NULL	2025-06-24 04:31:02	2025-06-24 04:31:02
5935	Polyester	United States	Dyeing	energy	Electricity	23.11200000000000000000	NULL	2025-06-24 04:31:02	2025-06-24 04:31:02
5936	Polyester	United States	Dyeing	water	Water	10.50300000000000000000	NULL	2025-06-24 04:31:02	2025-06-24 04:31:02
5937	Polyester	United States	Manufacturing	carbon dioxide	Gas	0.13600000000000000000	NULL	2025-06-24 04:31:02	2025-06-24 04:31:02
5938	Polyester	United States	Manufacturing	energy	Electricity	2.72000000000000000000	NULL	2025-06-24 04:31:02	2025-06-24 04:31:02
5939	Polyester	United States	Manufacturing	water	Water	1.91900000000000000000	NULL	2025-06-24 04:31:02	2025-06-24 04:31:02
5940	Polyester	United States	Raw Material	carbon dioxide	Gas	2.73300000000000000000	NULL	2025-06-24 04:31:02	2025-06-24 04:31:02
5941	Polyester	United States	Raw Material	energy	Electricity	75.43500000000000000000	NULL	2025-06-24 04:31:02	2025-06-24 04:31:02
5942	Polyester	United States	Raw Material	water	Water	21.32100000000000000000	NULL	2025-06-24 04:31:02	2025-06-24 04:31:02
5943	Polyester	United States	Sampling	carbon dioxide	Gas	0.07100000000000000000	NULL	2025-06-24 04:31:02	2025-06-24 04:31:02
5944	Polyester	United States	Sampling	energy	Electricity	0.98300000000000000000	NULL	2025-06-24 04:31:02	2025-06-24 04:31:02
5945	Polyester	United States	Sampling	water	Water	0.20400000000000000000	NULL	2025-06-24 04:31:02	2025-06-24 04:31:02
5946	Polyester	United States	Spinning	carbon dioxide	Gas	0.75900000000000000000	NULL	2025-06-24 04:31:02	2025-06-24 04:31:02
5947	Polyester	United States	Spinning	energy	Electricity	3.78500000000000000000	NULL	2025-06-24 04:31:02	2025-06-24 04:31:02
5948	Polyester	United States	Spinning	water	Water	0.45200000000000000000	NULL	2025-06-24 04:31:02	2025-06-24 04:31:02
5949	Polyester	United States	Trims	carbon dioxide	Gas	0.07600000000000000000	NULL	2025-06-24 04:31:02	2025-06-24 04:31:02
5950	Polyester	United States	Trims	energy	Electricity	1.01200000000000000000	NULL	2025-06-24 04:31:02	2025-06-24 04:31:02
5951	Polyester	United States	Trims	water	Water	0.21500000000000000000	NULL	2025-06-24 04:31:02	2025-06-24 04:31:02
5952	Polyester	United States	Weaving	carbon dioxide	Gas	0.85800000000000000000	NULL	2025-06-24 04:31:02	2025-06-24 04:31:02
5953	Polyester	United States	Weaving	energy	Electricity	5.29200000000000000000	NULL	2025-06-24 04:31:02	2025-06-24 04:31:02
5954	Polyester	United States	Weaving	water	Water	1.85700000000000000000	NULL	2025-06-24 04:31:02	2025-06-24 04:31:02
5955	Wool	United States	Dyeing	carbon dioxide	Gas	2.56900000000000000000	NULL	2025-06-24 04:31:02	2025-06-24 04:31:02
5956	Wool	United States	Dyeing	energy	Electricity	16.22400000000000000000	NULL	2025-06-24 04:31:02	2025-06-24 04:31:02
5957	Wool	United States	Dyeing	water	Water	38.08200000000000000000	NULL	2025-06-24 04:31:02	2025-06-24 04:31:02
5958	Wool	United States	Manufacturing	carbon dioxide	Gas	0.15600000000000000000	NULL	2025-06-24 04:31:02	2025-06-24 04:31:02
5959	Wool	United States	Manufacturing	energy	Electricity	3.48000000000000000000	NULL	2025-06-24 04:31:02	2025-06-24 04:31:02
5960	Wool	United States	Manufacturing	water	Water	2.78200000000000000000	NULL	2025-06-24 04:31:02	2025-06-24 04:31:02
5961	Wool	United States	Raw Material	carbon dioxide	Gas	6.57600000000000000000	NULL	2025-06-24 04:31:02	2025-06-24 04:31:02
5962	Wool	United States	Raw Material	energy	Electricity	19.26000000000000000000	NULL	2025-06-24 04:31:02	2025-06-24 04:31:02
5963	Wool	United States	Raw Material	water	Water	812.51900000000000000000	NULL	2025-06-24 04:31:02	2025-06-24 04:31:02
5964	Wool	United States	Sampling	carbon dioxide	Gas	0.07900000000000000000	NULL	2025-06-24 04:31:02	2025-06-24 04:31:02
5965	Wool	United States	Sampling	energy	Electricity	1.52700000000000000000	NULL	2025-06-24 04:31:02	2025-06-24 04:31:02
5966	Wool	United States	Sampling	water	Water	0.32000000000000000000	NULL	2025-06-24 04:31:02	2025-06-24 04:31:02
5967	Wool	United States	Spinning	carbon dioxide	Gas	0.63000000000000000000	NULL	2025-06-24 04:31:02	2025-06-24 04:31:02
5968	Wool	United States	Spinning	energy	Electricity	4.90000000000000000000	NULL	2025-06-24 04:31:02	2025-06-24 04:31:02
5969	Wool	United States	Spinning	water	Water	0.96800000000000000000	NULL	2025-06-24 04:31:02	2025-06-24 04:31:02
5970	Wool	United States	Trims	carbon dioxide	Gas	0.08800000000000000000	NULL	2025-06-24 04:31:02	2025-06-24 04:31:02
5971	Wool	United States	Trims	energy	Electricity	1.34700000000000000000	NULL	2025-06-24 04:31:02	2025-06-24 04:31:02
5972	Wool	United States	Trims	water	Water	0.29900000000000000000	NULL	2025-06-24 04:31:02	2025-06-24 04:31:02
5973	Wool	United States	Weaving	carbon dioxide	Gas	0.87200000000000000000	NULL	2025-06-24 04:31:02	2025-06-24 04:31:02
5974	Wool	United States	Weaving	energy	Electricity	6.91500000000000000000	NULL	2025-06-24 04:31:02	2025-06-24 04:31:02
5975	Wool	United States	Weaving	water	Water	3.25300000000000000000	NULL	2025-06-24 04:31:02	2025-06-24 04:31:02
5976	Cotton	Vietnam	Dyeing	carbon dioxide	Gas	2.89000000000000000000	NULL	2025-06-24 04:31:02	2025-06-24 04:31:02
5977	Cotton	Vietnam	Dyeing	energy	Electricity	14.92400000000000000000	NULL	2025-06-24 04:31:02	2025-06-24 04:31:02
5978	Cotton	Vietnam	Dyeing	water	Water	53.09700000000000000000	NULL	2025-06-24 04:31:02	2025-06-24 04:31:02
5979	Cotton	Vietnam	Manufacturing	carbon dioxide	Gas	0.21700000000000000000	NULL	2025-06-24 04:31:02	2025-06-24 04:31:02
5980	Cotton	Vietnam	Manufacturing	energy	Electricity	3.86000000000000000000	NULL	2025-06-24 04:31:02	2025-06-24 04:31:02
5981	Cotton	Vietnam	Manufacturing	water	Water	5.15900000000000000000	NULL	2025-06-24 04:31:02	2025-06-24 04:31:02
5982	Cotton	Vietnam	Raw Material	carbon dioxide	Gas	1.64300000000000000000	NULL	2025-06-24 04:31:02	2025-06-24 04:31:02
5983	Cotton	Vietnam	Raw Material	energy	Electricity	9.94500000000000000000	NULL	2025-06-24 04:31:02	2025-06-24 04:31:02
5984	Cotton	Vietnam	Raw Material	water	Water	10520.56500000000000000000	NULL	2025-06-24 04:31:02	2025-06-24 04:31:02
5985	Cotton	Vietnam	Sampling	carbon dioxide	Gas	0.10800000000000000000	NULL	2025-06-24 04:31:02	2025-06-24 04:31:02
5986	Cotton	Vietnam	Sampling	energy	Electricity	1.77100000000000000000	NULL	2025-06-24 04:31:02	2025-06-24 04:31:02
5987	Cotton	Vietnam	Sampling	water	Water	0.46400000000000000000	NULL	2025-06-24 04:31:02	2025-06-24 04:31:02
5988	Cotton	Vietnam	Spinning	carbon dioxide	Gas	0.49900000000000000000	NULL	2025-06-24 04:31:02	2025-06-24 04:31:02
5989	Cotton	Vietnam	Spinning	energy	Electricity	6.88100000000000000000	NULL	2025-06-24 04:31:02	2025-06-24 04:31:02
5990	Cotton	Vietnam	Spinning	water	Water	1.73000000000000000000	NULL	2025-06-24 04:31:02	2025-06-24 04:31:02
5991	Cotton	Vietnam	Trims	carbon dioxide	Gas	0.11300000000000000000	NULL	2025-06-24 04:31:02	2025-06-24 04:31:02
5992	Cotton	Vietnam	Trims	energy	Electricity	1.77900000000000000000	NULL	2025-06-24 04:31:02	2025-06-24 04:31:02
5993	Cotton	Vietnam	Trims	water	Water	0.47300000000000000000	NULL	2025-06-24 04:31:02	2025-06-24 04:31:02
5994	Cotton	Vietnam	Weaving	carbon dioxide	Gas	0.91100000000000000000	NULL	2025-06-24 04:31:02	2025-06-24 04:31:02
5995	Cotton	Vietnam	Weaving	energy	Electricity	7.90700000000000000000	NULL	2025-06-24 04:31:02	2025-06-24 04:31:02
5996	Cotton	Vietnam	Weaving	water	Water	4.96100000000000000000	NULL	2025-06-24 04:31:02	2025-06-24 04:31:02
5997	Hemp	Vietnam	Dyeing	carbon dioxide	Gas	2.40800000000000000000	NULL	2025-06-24 04:31:02	2025-06-24 04:31:02
5998	Hemp	Vietnam	Dyeing	energy	Electricity	12.05400000000000000000	NULL	2025-06-24 04:31:02	2025-06-24 04:31:02
5999	Hemp	Vietnam	Dyeing	water	Water	29.40700000000000000000	NULL	2025-06-24 04:31:02	2025-06-24 04:31:02
6000	Hemp	Vietnam	Manufacturing	carbon dioxide	Gas	0.12000000000000000000	NULL	2025-06-24 04:31:02	2025-06-24 04:31:02
6001	Hemp	Vietnam	Manufacturing	energy	Electricity	2.37500000000000000000	NULL	2025-06-24 04:31:02	2025-06-24 04:31:02
6002	Hemp	Vietnam	Manufacturing	water	Water	2.63800000000000000000	NULL	2025-06-24 04:31:02	2025-06-24 04:31:02
6003	Hemp	Vietnam	Raw Material	carbon dioxide	Gas	0.23900000000000000000	NULL	2025-06-24 04:31:02	2025-06-24 04:31:02
6004	Hemp	Vietnam	Raw Material	energy	Electricity	4.97400000000000000000	NULL	2025-06-24 04:31:02	2025-06-24 04:31:02
6005	Hemp	Vietnam	Raw Material	water	Water	458.31200000000000000000	NULL	2025-06-24 04:31:02	2025-06-24 04:31:02
6006	Hemp	Vietnam	Sampling	carbon dioxide	Gas	0.08300000000000000000	NULL	2025-06-24 04:31:02	2025-06-24 04:31:02
6007	Hemp	Vietnam	Sampling	energy	Electricity	0.81000000000000000000	NULL	2025-06-24 04:31:02	2025-06-24 04:31:02
6008	Hemp	Vietnam	Sampling	water	Water	0.23200000000000000000	NULL	2025-06-24 04:31:02	2025-06-24 04:31:02
6009	Hemp	Vietnam	Spinning	carbon dioxide	Gas	0.46100000000000000000	NULL	2025-06-24 04:31:02	2025-06-24 04:31:02
6010	Hemp	Vietnam	Spinning	energy	Electricity	2.85600000000000000000	NULL	2025-06-24 04:31:02	2025-06-24 04:31:02
6011	Hemp	Vietnam	Spinning	water	Water	0.87100000000000000000	NULL	2025-06-24 04:31:02	2025-06-24 04:31:02
6012	Hemp	Vietnam	Trims	carbon dioxide	Gas	0.07600000000000000000	NULL	2025-06-24 04:31:02	2025-06-24 04:31:02
6013	Hemp	Vietnam	Trims	energy	Electricity	0.88700000000000000000	NULL	2025-06-24 04:31:02	2025-06-24 04:31:02
6014	Hemp	Vietnam	Trims	water	Water	0.27000000000000000000	NULL	2025-06-24 04:31:02	2025-06-24 04:31:02
6015	Hemp	Vietnam	Weaving	carbon dioxide	Gas	0.70000000000000000000	NULL	2025-06-24 04:31:02	2025-06-24 04:31:02
6016	Hemp	Vietnam	Weaving	energy	Electricity	4.65900000000000000000	NULL	2025-06-24 04:31:02	2025-06-24 04:31:02
6017	Hemp	Vietnam	Weaving	water	Water	2.29900000000000000000	NULL	2025-06-24 04:31:02	2025-06-24 04:31:02
6018	Nylon	Vietnam	Dyeing	carbon dioxide	Gas	3.19200000000000000000	NULL	2025-06-24 04:31:02	2025-06-24 04:31:02
6019	Nylon	Vietnam	Dyeing	energy	Electricity	21.11500000000000000000	NULL	2025-06-24 04:31:02	2025-06-24 04:31:02
6020	Nylon	Vietnam	Dyeing	water	Water	15.93900000000000000000	NULL	2025-06-24 04:31:02	2025-06-24 04:31:02
6021	Nylon	Vietnam	Manufacturing	carbon dioxide	Gas	0.18900000000000000000	NULL	2025-06-24 04:31:02	2025-06-24 04:31:02
6022	Nylon	Vietnam	Manufacturing	energy	Electricity	2.92000000000000000000	NULL	2025-06-24 04:31:02	2025-06-24 04:31:02
6023	Nylon	Vietnam	Manufacturing	water	Water	1.91100000000000000000	NULL	2025-06-24 04:31:02	2025-06-24 04:31:02
6024	Nylon	Vietnam	Raw Material	carbon dioxide	Gas	6.02700000000000000000	NULL	2025-06-24 04:31:02	2025-06-24 04:31:02
6025	Nylon	Vietnam	Raw Material	energy	Electricity	64.53700000000000000000	NULL	2025-06-24 04:31:02	2025-06-24 04:31:02
6026	Nylon	Vietnam	Raw Material	water	Water	19.96200000000000000000	NULL	2025-06-24 04:31:02	2025-06-24 04:31:02
6027	Nylon	Vietnam	Sampling	carbon dioxide	Gas	0.09100000000000000000	NULL	2025-06-24 04:31:02	2025-06-24 04:31:02
6028	Nylon	Vietnam	Sampling	energy	Electricity	1.01900000000000000000	NULL	2025-06-24 04:31:02	2025-06-24 04:31:02
6029	Nylon	Vietnam	Sampling	water	Water	0.18900000000000000000	NULL	2025-06-24 04:31:02	2025-06-24 04:31:02
6030	Nylon	Vietnam	Spinning	carbon dioxide	Gas	1.05000000000000000000	NULL	2025-06-24 04:31:02	2025-06-24 04:31:02
6031	Nylon	Vietnam	Spinning	energy	Electricity	4.42100000000000000000	NULL	2025-06-24 04:31:02	2025-06-24 04:31:02
6032	Nylon	Vietnam	Spinning	water	Water	0.51100000000000000000	NULL	2025-06-24 04:31:02	2025-06-24 04:31:02
6033	Nylon	Vietnam	Trims	carbon dioxide	Gas	0.10600000000000000000	NULL	2025-06-24 04:31:02	2025-06-24 04:31:02
6034	Nylon	Vietnam	Trims	energy	Electricity	1.03500000000000000000	NULL	2025-06-24 04:31:02	2025-06-24 04:31:02
6035	Nylon	Vietnam	Trims	water	Water	0.21900000000000000000	NULL	2025-06-24 04:31:02	2025-06-24 04:31:02
6036	Nylon	Vietnam	Weaving	carbon dioxide	Gas	1.20400000000000000000	NULL	2025-06-24 04:31:02	2025-06-24 04:31:02
6037	Nylon	Vietnam	Weaving	energy	Electricity	5.50500000000000000000	NULL	2025-06-24 04:31:02	2025-06-24 04:31:02
6038	Nylon	Vietnam	Weaving	water	Water	2.04900000000000000000	NULL	2025-06-24 04:31:02	2025-06-24 04:31:02
6039	Polyester	Vietnam	Dyeing	carbon dioxide	Gas	3.90100000000000000000	NULL	2025-06-24 04:31:02	2025-06-24 04:31:02
6040	Polyester	Vietnam	Dyeing	energy	Electricity	19.96400000000000000000	NULL	2025-06-24 04:31:02	2025-06-24 04:31:02
6041	Polyester	Vietnam	Dyeing	water	Water	10.89800000000000000000	NULL	2025-06-24 04:31:02	2025-06-24 04:31:02
6042	Polyester	Vietnam	Manufacturing	carbon dioxide	Gas	0.15300000000000000000	NULL	2025-06-24 04:31:02	2025-06-24 04:31:02
6043	Polyester	Vietnam	Manufacturing	energy	Electricity	2.67300000000000000000	NULL	2025-06-24 04:31:02	2025-06-24 04:31:02
6044	Polyester	Vietnam	Manufacturing	water	Water	2.11800000000000000000	NULL	2025-06-24 04:31:02	2025-06-24 04:31:02
6045	Polyester	Vietnam	Raw Material	carbon dioxide	Gas	3.60300000000000000000	NULL	2025-06-24 04:31:02	2025-06-24 04:31:02
6046	Polyester	Vietnam	Raw Material	energy	Electricity	71.30600000000000000000	NULL	2025-06-24 04:31:02	2025-06-24 04:31:02
6047	Polyester	Vietnam	Raw Material	water	Water	18.55600000000000000000	NULL	2025-06-24 04:31:02	2025-06-24 04:31:02
6048	Polyester	Vietnam	Sampling	carbon dioxide	Gas	0.09600000000000000000	NULL	2025-06-24 04:31:02	2025-06-24 04:31:02
6049	Polyester	Vietnam	Sampling	energy	Electricity	1.14100000000000000000	NULL	2025-06-24 04:31:02	2025-06-24 04:31:02
6050	Polyester	Vietnam	Sampling	water	Water	0.18700000000000000000	NULL	2025-06-24 04:31:02	2025-06-24 04:31:02
6051	Polyester	Vietnam	Spinning	carbon dioxide	Gas	0.80900000000000000000	NULL	2025-06-24 04:31:02	2025-06-24 04:31:02
6052	Polyester	Vietnam	Spinning	energy	Electricity	3.50800000000000000000	NULL	2025-06-24 04:31:02	2025-06-24 04:31:02
6053	Polyester	Vietnam	Spinning	water	Water	0.46000000000000000000	NULL	2025-06-24 04:31:02	2025-06-24 04:31:02
6054	Polyester	Vietnam	Trims	carbon dioxide	Gas	0.08200000000000000000	NULL	2025-06-24 04:31:02	2025-06-24 04:31:02
6055	Polyester	Vietnam	Trims	energy	Electricity	1.06700000000000000000	NULL	2025-06-24 04:31:02	2025-06-24 04:31:02
6056	Polyester	Vietnam	Trims	water	Water	0.21400000000000000000	NULL	2025-06-24 04:31:02	2025-06-24 04:31:02
6057	Polyester	Vietnam	Weaving	carbon dioxide	Gas	1.11500000000000000000	NULL	2025-06-24 04:31:02	2025-06-24 04:31:02
6058	Polyester	Vietnam	Weaving	energy	Electricity	5.74000000000000000000	NULL	2025-06-24 04:31:02	2025-06-24 04:31:02
6059	Polyester	Vietnam	Weaving	water	Water	1.92600000000000000000	NULL	2025-06-24 04:31:02	2025-06-24 04:31:02
6060	Silk	Vietnam	Dyeing	carbon dioxide	Gas	2.94800000000000000000	NULL	2025-06-24 04:31:02	2025-06-24 04:31:02
6061	Silk	Vietnam	Dyeing	energy	Electricity	19.34100000000000000000	NULL	2025-06-24 04:31:02	2025-06-24 04:31:02
6062	Silk	Vietnam	Dyeing	water	Water	42.14300000000000000000	NULL	2025-06-24 04:31:02	2025-06-24 04:31:02
6063	Silk	Vietnam	Manufacturing	carbon dioxide	Gas	0.26500000000000000000	NULL	2025-06-24 04:31:02	2025-06-24 04:31:02
6064	Silk	Vietnam	Manufacturing	energy	Electricity	4.09400000000000000000	NULL	2025-06-24 04:31:02	2025-06-24 04:31:02
6065	Silk	Vietnam	Manufacturing	water	Water	3.83100000000000000000	NULL	2025-06-24 04:31:02	2025-06-24 04:31:02
6066	Silk	Vietnam	Raw Material	carbon dioxide	Gas	1.85500000000000000000	NULL	2025-06-24 04:31:02	2025-06-24 04:31:02
6067	Silk	Vietnam	Raw Material	energy	Electricity	31.34600000000000000000	NULL	2025-06-24 04:31:02	2025-06-24 04:31:02
6068	Silk	Vietnam	Raw Material	water	Water	9384.32000000000000000000	NULL	2025-06-24 04:31:02	2025-06-24 04:31:02
6069	Silk	Vietnam	Sampling	carbon dioxide	Gas	0.10500000000000000000	NULL	2025-06-24 04:31:02	2025-06-24 04:31:02
6070	Silk	Vietnam	Sampling	energy	Electricity	1.60000000000000000000	NULL	2025-06-24 04:31:02	2025-06-24 04:31:02
6071	Silk	Vietnam	Sampling	water	Water	0.40500000000000000000	NULL	2025-06-24 04:31:02	2025-06-24 04:31:02
6072	Silk	Vietnam	Spinning	carbon dioxide	Gas	0.71400000000000000000	NULL	2025-06-24 04:31:02	2025-06-24 04:31:02
6073	Silk	Vietnam	Spinning	energy	Electricity	7.18600000000000000000	NULL	2025-06-24 04:31:02	2025-06-24 04:31:02
6074	Silk	Vietnam	Spinning	water	Water	1.62300000000000000000	NULL	2025-06-24 04:31:02	2025-06-24 04:31:02
6075	Silk	Vietnam	Trims	carbon dioxide	Gas	0.10100000000000000000	NULL	2025-06-24 04:31:02	2025-06-24 04:31:02
6076	Silk	Vietnam	Trims	energy	Electricity	1.71000000000000000000	NULL	2025-06-24 04:31:02	2025-06-24 04:31:02
6077	Silk	Vietnam	Trims	water	Water	0.39100000000000000000	NULL	2025-06-24 04:31:02	2025-06-24 04:31:02
6078	Silk	Vietnam	Weaving	carbon dioxide	Gas	0.87500000000000000000	NULL	2025-06-24 04:31:02	2025-06-24 04:31:02
6079	Silk	Vietnam	Weaving	energy	Electricity	8.38100000000000000000	NULL	2025-06-24 04:31:02	2025-06-24 04:31:02
6080	Silk	Vietnam	Weaving	water	Water	4.32600000000000000000	NULL	2025-06-24 04:31:02	2025-06-24 04:31:02
6081	Spandex	Vietnam	Dyeing	carbon dioxide	Gas	3.68600000000000000000	NULL	2025-06-24 04:31:02	2025-06-24 04:31:02
6082	Spandex	Vietnam	Dyeing	energy	Electricity	22.59900000000000000000	NULL	2025-06-24 04:31:02	2025-06-24 04:31:02
6083	Spandex	Vietnam	Dyeing	water	Water	13.89800000000000000000	NULL	2025-06-24 04:31:02	2025-06-24 04:31:02
6084	Spandex	Vietnam	Manufacturing	carbon dioxide	Gas	0.21000000000000000000	NULL	2025-06-24 04:31:02	2025-06-24 04:31:02
6085	Spandex	Vietnam	Manufacturing	energy	Electricity	3.80400000000000000000	NULL	2025-06-24 04:31:02	2025-06-24 04:31:02
6086	Spandex	Vietnam	Manufacturing	water	Water	2.01700000000000000000	NULL	2025-06-24 04:31:02	2025-06-24 04:31:02
6087	Spandex	Vietnam	Raw Material	carbon dioxide	Gas	5.86500000000000000000	NULL	2025-06-24 04:31:02	2025-06-24 04:31:02
6088	Spandex	Vietnam	Raw Material	energy	Electricity	66.56600000000000000000	NULL	2025-06-24 04:31:02	2025-06-24 04:31:02
6089	Spandex	Vietnam	Raw Material	water	Water	19.71500000000000000000	NULL	2025-06-24 04:31:02	2025-06-24 04:31:02
6090	Spandex	Vietnam	Sampling	carbon dioxide	Gas	0.11200000000000000000	NULL	2025-06-24 04:31:02	2025-06-24 04:31:02
6091	Spandex	Vietnam	Sampling	energy	Electricity	0.99800000000000000000	NULL	2025-06-24 04:31:02	2025-06-24 04:31:02
6092	Spandex	Vietnam	Sampling	water	Water	0.21600000000000000000	NULL	2025-06-24 04:31:02	2025-06-24 04:31:02
6093	Spandex	Vietnam	Spinning	carbon dioxide	Gas	1.00700000000000000000	NULL	2025-06-24 04:31:02	2025-06-24 04:31:02
6094	Spandex	Vietnam	Spinning	energy	Electricity	4.84000000000000000000	NULL	2025-06-24 04:31:02	2025-06-24 04:31:02
6095	Spandex	Vietnam	Spinning	water	Water	0.46600000000000000000	NULL	2025-06-24 04:31:02	2025-06-24 04:31:02
6096	Spandex	Vietnam	Trims	carbon dioxide	Gas	0.10100000000000000000	NULL	2025-06-24 04:31:02	2025-06-24 04:31:02
6097	Spandex	Vietnam	Trims	energy	Electricity	1.08400000000000000000	NULL	2025-06-24 04:31:02	2025-06-24 04:31:02
6098	Spandex	Vietnam	Trims	water	Water	0.18300000000000000000	NULL	2025-06-24 04:31:02	2025-06-24 04:31:02
6099	Spandex	Vietnam	Weaving	carbon dioxide	Gas	1.36400000000000000000	NULL	2025-06-24 04:31:02	2025-06-24 04:31:02
6100	Spandex	Vietnam	Weaving	energy	Electricity	6.26900000000000000000	NULL	2025-06-24 04:31:02	2025-06-24 04:31:02
6101	Spandex	Vietnam	Weaving	water	Water	2.04900000000000000000	NULL	2025-06-24 04:31:02	2025-06-24 04:31:02
